time_s,macro_energy,micro_energy_mean,micro_energy_std
0.25,-20.0,-20.0,0.0
5.25,-420.0,-420.0,0.0
10.25,-820.0,-820.0,0.0
15.25,-1220.0,-1220.0,0.0
20.25,-1620.0,-1620.0,0.0
25.25,-2020.0,-2020.0,0.0
30.25,-2420.0,-2420.0,0.0
35.25,-2816.371140675908,-2820.0,0.0
40.25,-3192.8750302417325,-3220.0,0.0
45.25,-3547.5563126249604,-3416.85,609.4499999999999
50.25,-3880.6369175874497,-3812.35,622.9499999999999
55.25,-4192.611034773776,-4207.85,636.4500000000002
60.25,-4484.63022034958,-4400.2,840.1424938663679
65.25,-4757.848918328355,-4385.35,1023.3269528845607
70.25,-5013.271813473208,-4162.625,956.4997860036352
75.25,-5251.755977070693,-4531.125,977.070220416629
80.25,-5474.019780192412,-4697.6,1268.5184281278694
85.25,-5680.653950594342,-5061.6,1295.4643771636486
90.25,-5872.067140264535,-5022.225,1370.6687074654474
95.25,-6048.410457668451,-4977.0,1814.8508995231537
100.25,-6209.546662200575,-5125.7,1649.6643438893866
105.25,-6355.093814055067,-4262.25,1956.7071798048885
110.25,-6484.556514667271,-3572.25,2160.0505665377373
115.25,-6594.4519750930385,-3662.45,2038.1504507763893
120.25,-6622.021961906357,-3545.875,1775.850462630511
125.25,-6612.1990170491135,-3598.025,1782.8589661341696
130.25,-6559.267081836525,-3662.325,1794.5757961493296
135.25,-6512.551616026378,-3729.325,1805.5891664841702
140.25,-6458.110272338916,-3856.175,1837.9796620542352
145.25,-6368.538132143066,-3998.325,1878.1850050314533
150.25,-6246.272528993977,-4141.825,1921.7891762951003
155.25,-6100.303106237498,-4285.325,1967.9377183043675
160.25,-5934.610605490029,-4431.975,2010.609887105154
165.25,-5750.101969920653,-4580.875,2051.4954918607546
170.25,-5548.003462287239,-4330.9,2345.2049356079738
175.25,-5329.125825957059,-4475.075,2384.90718648022
180.25,-5094.1658222285905,-4470.775,2333.6266208682573
185.25,-4844.066772324568,-3861.75,2198.067293100919
190.25,-4580.0130192259585,-3846.425,2122.5142079913153
195.25,-4306.396320369217,-3832.45,2106.848478177774
200.25,-4077.886611825247,-3612.85,2370.0379722696425
205.25,-3841.6067745494615,-3594.15,2404.537970692083
210.25,-3601.453550232127,-2974.55,1898.121666279588
215.25,-3407.6680258802485,-2745.05,2274.816860210949
220.25,-3288.1563992914807,-2547.05,2216.7663042143163
225.25,-3234.600485200572,-1745.9,2319.484595766913
230.25,-3120.3596021002313,-1536.2,2052.677147653766
235.25,-2948.5571473086957,-1529.425,1771.1717521530768
240.25,-2779.3161291253105,-1116.125,1879.9282740639335
245.25,-2605.48412737696,-909.575,1899.966174205478
250.25,-2432.230558738908,-1113.825,1895.8294723220756
255.25,-2264.698489171164,-1116.275,1901.2385254420342
260.25,-2102.281289359364,-1108.15,1821.3135308068186
265.25,-1944.4004871291781,-1099.125,2015.1857831537518
270.25,-1791.1429825162381,-687.85,1620.341820419383
275.25,-1642.740666958731,-284.9,1711.9437169486619
280.25,-1499.3830067566153,270.8,1923.3531455507593
285.25,-1361.2897211853265,628.075,1886.7094968820716
290.25,-1228.6080533168204,985.8,1854.7486952414874
295.25,-1100.9877856726273,947.35,2096.997395682694
300.25,-976.7507613451581,1305.075,2305.2613600468385
305.25,-854.0693704762455,1660.1,2895.4697874438266
310.25,-731.8198069184116,1822.775,3417.3958313495086
315.25,-607.853620928599,1976.225,3640.514018394243
320.25,-479.77783625911894,2122.025,3627.695810445661
325.25,-342.50559825640755,2264.9,3838.304399731736
330.25,-199.48606662347024,2809.125,4206.505793485253
335.25,-55.205342258741865,2562.8,4276.7712658032115
340.25,85.93831734306272,3133.125,3786.3429672475527
345.25,225.3741846341768,3705.7,2934.2938115498932
350.25,365.3212368002487,3675.8,3087.7109701200984
355.25,505.5264216124709,4850.175,2830.2638062776055
360.25,646.7178783626969,5625.225,1626.595748987744
365.25,789.4217026505758,5605.45,1549.4398253885176
370.25,933.7485830815399,5785.0,1942.4274439473922
375.25,1079.873157292476,5553.075,1936.263276423173
380.25,1228.0045966815494,6120.475,2142.915620276496
385.25,1378.3497513585257,6487.425,2252.6647166467096
390.25,1531.0123353824283,7470.125,2135.486075376049
395.25,1684.221703801438,7674.875,2542.607102586831
400.25,1839.8300450319607,7879.625,2972.3271948298357
405.25,1997.7426624731545,8286.625,2674.703012135179
410.25,2156.352016457186,8085.75,2703.5332229325386
415.25,2314.1404461511443,8477.45,3183.8123252635355
420.25,2470.237530041528,8665.1,3178.2470840858173
425.25,2627.89293784384,8660.175,3270.5484709181424
430.25,2787.2246715541346,9059.75,3589.244546210247
435.25,2946.1340546723027,9072.15,3805.2979091655884
440.25,3105.3818413263816,9079.825,3892.5276557302714
445.25,3265.147977749515,9481.2,3163.802105062831
450.25,3425.3453961716655,9676.275,3483.0229030434184
455.25,3585.872398359555,9459.425,3468.5538846362183
460.25,3746.5887868737664,9837.4,3304.589290290096
465.25,3907.40720132297,10023.025,3265.4892406230647
470.25,4068.180319542685,10007.525,3485.3024267091946
475.25,4228.781888057346,9994.95,3427.032095706137
480.25,4389.099939613362,10379.0,3620.686385203778
485.25,4549.011739282914,10365.75,3356.0122969828344
490.25,4708.413580946592,10335.4,3272.220748589557
495.25,4867.285058588838,11507.975,4232.786460255821
500.25,5025.634938957955,11487.3,4532.492240478741
505.25,5183.452638221084,11848.4,4740.701195762078
510.25,5340.723769591342,11817.825,4754.024833036214
515.25,5497.621028074661,11981.85,4799.152674170723
520.25,5654.518426547009,12143.85,4563.358479782188
525.25,5811.419102907541,11913.725,4606.256265192483
530.25,5968.116722676539,12495.3,4430.531391379594
535.25,6124.326672628241,12278.45,4472.949937960406
540.25,6280.138948421045,12867.675,4243.277693967837
545.25,6435.690373439131,13259.15,4133.98912250625
550.25,6590.916408437777,14073.35,4610.675978368031
555.25,6745.84245778574,14503.3,4385.871046325918
560.25,6900.507468614898,14320.875,4422.211667042296
565.25,7054.931736883257,14943.175,3824.621474816168
570.25,7209.147535069102,15565.925,3136.4331434170567
575.25,7363.193006805773,15593.85,2870.429354208182
580.25,7517.11246689777,15819.75,2695.853012035337
585.25,7670.950438952995,15842.95,2717.335493640783
590.25,7824.69341744496,15853.1,2862.459279623031
595.25,7978.436515860281,15649.525,2864.1686412683525
600.25,8132.215615424913,15844.6,3118.6590251260236
605.25,8286.01352919686,15830.675,3536.8999138546455
610.25,8439.807777646374,15606.4,3537.6390329568676
615.25,8593.581160958236,15769.75,3369.581350108645
620.25,8747.421484449636,15944.575,3416.9795197110852
625.25,8901.326705848736,16516.025,3667.690735411725
630.25,9055.224166098396,16485.0,3582.468237821516
635.25,9209.159692668538,17053.075,3417.970370062473
640.25,9363.167860300102,17021.825,3604.459562559275
645.25,9517.265164471675,16783.825,3617.2096895431705
650.25,9671.454622476173,17757.075,4128.127741558514
655.25,9825.737196560496,17523.575,4159.3088398945565
660.25,9980.120483669461,17890.975,3656.557427160826
665.25,10134.603275837659,18061.075,3527.693417890081
670.25,10289.18325755593,18232.75,3320.348281807196
675.25,10443.857489634463,18403.075,3143.3430035751744
680.25,10598.61949772614,18156.3,3133.144310832171
685.25,10753.460998194938,18512.45,3695.2853320142954
690.25,10908.375253582857,18678.95,4248.459519049228
695.25,11063.355305078181,18857.375,3993.680502133965
700.25,11218.39218781648,18831.525,3854.0599006923853
705.25,11373.474080421598,19009.95,4236.283717481632
710.25,11528.599522973256,19603.9,4691.198756980992
715.25,11683.777976508714,19392.0,4719.370903520935
720.25,11839.00751332077,19585.95,5037.43728472127
725.25,11994.27641045613,19785.3,5251.651584025734
730.25,12149.568794117862,19985.55,5155.863274952119
735.25,12304.884487156696,20593.675,5074.197995804361
740.25,12460.224344448367,20413.275,5080.497626278848
745.25,12615.577337802926,20831.975,4927.53799256028
750.25,12770.93684173353,21242.125,4420.984351999564
755.25,12926.298054705805,21256.1,4741.120270041671
760.25,13081.655819580012,21073.0,4733.9984764467345
765.25,13237.005850342812,21289.45,4783.328312744172
770.25,13392.344448487549,21503.2,4350.90919061752
775.25,13547.669001107524,21311.775,4352.482708825504
780.25,13702.97755504452,21914.95,4214.690084691875
785.25,13858.267007406861,21904.625,4129.404946917291
790.25,14013.538341167761,22091.375,4311.831290545237
795.25,14168.791446454166,22480.6,4575.239282267104
800.25,14324.02503679932,22467.35,4634.016906529367
805.25,14479.23811419952,22657.475,4778.990668083063
810.25,14634.42997171924,23244.0,4968.322289767442
815.25,14789.602704120201,23629.625,5017.9571269715925
820.25,14944.755515713023,24020.2,4805.159181546434
825.25,15099.88522960748,24421.575,4072.3202140333956
830.25,15254.993589575184,24418.225,4073.7790048829356
835.25,15410.08266931408,24405.425,4192.692389816477
840.25,15565.15391060892,24599.6,4644.52482391902
845.25,15720.208149731367,25196.025,4932.087308445076
850.25,15875.246552776383,25608.875,5221.8130893996
855.25,16030.271100801103,25629.375,5025.415725651461
860.25,16185.283366273597,25643.575,5098.830711606828
865.25,16340.28493985216,25654.85,4959.0231563282705
870.25,16495.27748749692,25846.1,5198.231701982897
875.25,16650.26251123985,25635.325,5185.207288587892
880.25,16805.24138971389,25621.175,5484.32628502581
885.25,16960.215474808665,25393.3,5474.809838935047
890.25,17115.18601073638,25551.475,5202.20907097408
895.25,17270.15403856086,25709.2,5194.231029228485
900.25,17425.12029700634,25669.4,5204.971487914222
905.25,17580.085845558337,26245.575,4815.746928112502
910.25,17735.052117696883,26430.975,4842.708442145263
915.25,17890.02013062996,26623.8,5156.367454177407
920.25,18044.990474087113,27022.475,4501.170452573974
925.25,18199.96354505049,27433.525,4532.298762010841
930.25,18354.940285068806,27650.875,4581.972917382314
935.25,18509.92155613869,27870.025,4308.843520090396
940.25,18664.90751237579,28491.875,4834.983054843626
945.25,18819.898369412163,28515.075,5254.911510969999
950.25,18974.89434894951,28730.625,5254.081438807834
955.25,19129.895548845172,28726.15,5252.895507717625
960.25,19284.90197672606,28713.8,5208.356124776799
965.25,19439.913549405686,28687.05,5339.378229016933
970.25,19594.930154522215,29249.275,5444.541743170403
975.25,19749.951627806975,29211.275,5167.778264701863
980.25,19904.977708216487,29578.9,4709.370808823616
985.25,20060.008220307183,29753.725,5120.501146677442
990.25,20215.042924397367,30137.55,4727.095774362944
995.25,20370.081517303766,30724.975,4742.376604153765
1000.25,20525.123690798493,31127.25,4285.187974290043
1005.25,20680.169130307597,31525.025,4229.07057822697
1010.25,20835.217572538037,31523.025,3944.919917517338
1015.25,20990.268630703547,32116.975,3912.4930262717403
1020.25,21145.32181095131,32114.975,3763.178995958736
1025.25,21300.37679158211,32519.275,4077.9516494957365
1030.25,21455.43327182,32532.35,4029.888302112107
1035.25,21610.49091886846,32550.15,3975.9996733526023
1040.25,21765.549375237162,32962.1,4036.7631993343375
1045.25,21920.60832094298,32979.675,4225.068813123048
1050.25,22075.667504163044,33191.175,3624.710240229555
1055.25,22230.726672237244,33198.4,3730.375469037936
1060.25,22385.785595718076,33392.575,3919.601429115593
1065.25,22540.84407798078,34395.75,3603.9176686628125
1070.25,22695.901943816167,34401.625,3888.07075593089
1075.25,22850.95904073913,34610.65,4347.553309333883
1080.25,23006.015241027635,34430.7,4388.598732511324
1085.25,23161.070438609124,34632.525,4003.18936513438
1090.25,23316.124543422626,34610.275,4068.3624492079116
1095.25,23471.17747392113,34379.925,4071.4550716697095
1100.25,23626.229181286453,34533.6,4145.6152577150715
1105.25,23781.27965133537,34687.05,4200.947666598573
1110.25,23936.328876757172,35248.375,4603.582525123776
1115.25,24091.376855601593,36223.425,3287.788793494041
1120.25,24246.42360112518,36411.75,3539.5798073358933
1125.25,24401.469166836785,36795.125,4072.394078195896
1130.25,24556.51361997809,37188.175,4094.4697764942653
1135.25,24711.557011336205,37790.675,3830.7482266033876
1140.25,24866.59940656995,37789.575,3833.7213677607037
1145.25,25021.640884242814,37783.075,3649.721948398946
1150.25,25176.681526281278,38367.8,4253.906999453561
1155.25,25331.721415835527,38360.4,4158.713970688535
1160.25,25486.76063578495,38557.5,4006.775761132634
1165.25,25641.79927133018,38759.1,3694.1115765499017
1170.25,25796.83740671568,38767.9,3530.834439619054
1175.25,25951.875122518948,39585.925,3970.863122562272
1180.25,26106.912500900085,39813.4,3815.974279590993
1185.25,26261.94962013076,40045.825,3564.65987867356
1190.25,26416.986553825536,40475.1,3417.6918932958247
1195.25,26572.0233725276,40703.25,3703.1050434061412
1200.25,26727.060143102215,40732.075,3877.214950918378
1205.25,26882.096929187755,40550.775,3884.2108697423987
1210.25,27037.133784833353,40557.55,3873.4215862722717
1215.25,27192.170754371957,40563.425,3829.5888422420758
1220.25,27347.20788218678,41375.6,3438.423118233124
1225.25,27502.24520724649,42197.225,3505.3205995493477
1230.25,27657.28276018716,42429.875,3655.46659684164
1235.25,27812.32056375524,42855.55,3815.774373898436
1240.25,27967.358636100773,43271.775,4225.877167006278
1245.25,28122.396992489823,43293.625,4079.735284381206
1250.25,28277.43564197434,43312.1,4088.719159467913
1255.25,28432.474588811576,44120.675,5013.364901752614
1260.25,28587.513833578643,43937.8,5046.339617485133
1265.25,28742.553373066607,43740.3,5069.416463953223
1270.25,28897.593200695035,43938.075,4783.525364532417
1275.25,29052.633306923934,44338.775,4269.747832791182
1280.25,29207.673679618325,44524.625,4327.708133715235
1285.25,29362.714304198085,44689.55,4218.537875852248
1290.25,29517.755163636677,45256.05,4291.39089893941
1295.25,29672.79623974561,45628.175,4403.010403476808
1300.25,29827.837513623774,46205.7,3603.4796912151455
1305.25,29982.878965086984,45986.375,3597.5246476744255
1310.25,30137.92057302289,46167.5,3164.8638458075884
1315.25,30292.96231624441,46334.45,3390.616068283167
1320.25,30448.004174742313,46908.15,3554.75835887617
1325.25,30603.046129019112,47697.825,3509.8678786565456
1330.25,30758.088159130468,47697.4,3921.4852674082554
1335.25,30913.130246256755,47889.325,3951.637436003586
1340.25,31068.172372959067,48080.35,3703.6997181872075
1345.25,31223.214522891663,48260.575,4128.639088806988
1350.25,31378.256680797444,48429.55,4129.94000077483
1355.25,31533.298832596334,48407.75,4507.263686262431
1360.25,31688.340965670042,48781.9,5365.469803754374
1365.25,31843.383068757914,48963.475,5144.8294814429955
1370.25,31998.42513189378,48941.225,5200.708773150541
1375.25,32153.467146621355,49312.675,4652.660568225991
1380.25,32308.50910583058,49285.7,4495.070527533468
1385.25,32463.551003724027,49864.125,5034.065583911775
1390.25,32618.592835860418,50042.1,4883.549834904933
1395.25,32773.63459910935,49806.8,4927.842886091236
1400.25,32928.676291594,49967.45,4558.42549955574
1405.25,33083.717912407716,50145.875,4762.00873745786
1410.25,33238.75946152471,50126.775,5032.045998460765
1415.25,33393.800940055466,50518.925,4825.812659607188
1420.25,33548.84234995388,50509.05,4674.4202605777755
1425.25,33703.883693772004,50497.375,4508.389676827525
1430.25,33858.92497457582,50691.325,4404.594152771059
1435.25,34013.966195988745,50687.075,4263.479367034042
1440.25,34169.007362161465,51082.825,4443.948192556367
1445.25,34324.04847750522,50870.925,4472.666569075433
1450.25,34479.08954665092,51063.3,4078.6619585962258
1455.25,34634.130574417046,51063.325,4280.467695021772
1460.25,34789.17156571593,51061.1,4304.686174972572
1465.25,34944.21252548263,51453.025,4616.567873499208
1470.25,35099.253458608924,51847.2,5085.158248275073
1475.25,35254.294369890784,51836.2,5114.989146860431
1480.25,35409.335263967776,51809.9,4935.361161049918
1485.25,35564.37614525926,51982.925,5292.439826122259
1490.25,35719.41701795684,51953.475,5166.449079699228
1495.25,35874.45788599264,52125.825,5139.719543722692
1500.25,36029.49875297924,52503.8,5599.5348610398
1505.25,36184.539622190416,52488.075,5359.677486857301
1510.25,36339.58049657104,52472.125,5444.213341073712
1515.25,36494.621378763695,52648.975,5576.96936342894
1520.25,36649.662271072746,53037.3,5186.427390073055
1525.25,36804.70317542004,53627.875,4460.213438348551
1530.25,36959.744093407666,54032.625,4093.6127003693205
1535.25,37114.78502633651,54241.65,4232.766357832665
1540.25,37269.825975199186,54652.7,4296.50264575736
1545.25,37424.866940688196,54662.4,4448.804491377431
1550.25,37579.90792321549,54861.75,5087.105076809403
1555.25,37734.94892294467,54861.325,5284.009325372638
1560.25,37889.989939804276,55060.0,4919.810592136652
1565.25,38045.03097350548,55665.875,5783.121914513388
1570.25,38200.07202357279,56076.025,5347.976650624514
1575.25,38355.11308936244,56694.725,5480.120146322068
1580.25,38510.15417008558,56716.125,5766.680974843762
1585.25,38665.195264834576,56943.375,5837.882564819628
1590.25,38820.23637260703,56960.5,6160.59475720486
1595.25,38975.27749232799,57165.7,6302.842180120013
1600.25,39130.31862286409,57370.225,6324.6520027290835
1605.25,39285.35976304352,58381.5,5424.90170878699
1610.25,39440.400911686695,58798.85,4808.658594400314
1615.25,39595.442067616,58819.575,4953.602731913915
1620.25,39750.48322966441,59239.85,4506.122406237983
1625.25,39905.52439668965,59456.75,4316.565327317542
1630.25,40060.56556759209,60086.7,4272.567765407589
1635.25,40215.60674132765,60515.075,4121.693972218825
1640.25,40370.64791690829,60536.7,4604.293558462579
1645.25,40525.6890934109,60347.75,4612.024222074295
1650.25,40680.730269985674,60146.65,4622.567610646707
1655.25,40835.77144585974,59932.95,4633.5338630466495
1660.25,40990.81262033985,60305.3,4260.619271009791
1665.25,41145.85379281371,60067.525,4287.2612549417845
1670.25,41300.89496275117,60230.875,4269.127900183479
1675.25,41455.936129703296,60195.125,4158.037288267747
1680.25,41610.977293299984,61368.15,4547.9876582946
1685.25,41766.018453248595,61554.45,4531.874633912549
1690.25,41921.059609330594,61941.875,4335.449848703707
1695.25,42076.10076139636,62939.425,4506.80296475506
1700.25,42231.14190936057,63542.375,4454.169308426095
1705.25,42386.183053198234,63937.45,4250.146079548325
1710.25,42541.224192940615,64333.875,4325.18986758096
1715.25,42696.26532866851,64528.725,4481.479538681951
1720.25,42851.30646050494,65335.725,3993.3269657799124
1725.25,43006.34758861172,65960.725,3522.6489206455135
1730.25,43161.38871318451,66185.05,3505.878181354851
1735.25,43316.429834446266,66410.05,3241.96684861212
1740.25,43471.47095264162,66429.2,3678.0394145522687
1745.25,43626.512068031836,66445.65,3465.704488628539
1750.25,43781.55318089067,66667.725,3718.1260542946898
1755.25,43936.59429149925,66885.075,4766.998390038012
1760.25,44091.63540014169,67105.575,4730.170496464689
1765.25,44246.67650710143,67115.725,4592.17556754149
1770.25,44401.71761265741,67722.725,4052.674347653041
1775.25,44556.75871708095,67946.15,3936.576334837164
1780.25,44711.799820633016,67959.675,3898.6304390933233
1785.25,44866.84092356191,68157.45,4369.676528073903
1790.25,45021.88202610121,67936.1,4373.871430437799
1795.25,45176.923128467955,67713.85,4380.545932301133
1800.25,45331.96423086143,67888.225,4342.350648626271
1805.25,45487.005333462585,68063.05,4153.97744156128
1810.25,45642.046436433346,67834.95,4161.965050910447
1815.25,45797.08753991587,68203.025,4165.73002073166
1820.25,45952.12864403267,68587.3,4128.783747667102
1825.25,46107.16974888707,69577.425,4119.490545034058
1830.25,46262.21085456365,69578.125,3896.258829393268
1835.25,46417.25196112866,69975.0,3769.8925382562297
1840.25,46572.2930686308,69956.125,3915.994304212533
1845.25,46727.33417710244,70337.7,4388.008087105127
1850.25,46882.37528656051,70727.375,4645.450624333984
1855.25,47037.416397007786,71328.75,4351.72750468133
1860.25,47192.4575084341,71733.725,4489.509247192281
1865.25,47347.4986208177,71544.55,4541.808535429471
1870.25,47502.53973412658,71348.175,4599.9931712585185
1875.25,47657.58084831979,71747.3,4870.740283570866
1880.25,47812.621963348836,71947.325,4724.352859188758
1885.25,47967.663079159,71941.05,4814.274257092132
1890.25,48122.70419569054,72134.325,4363.543249255701
1895.25,48277.745312879924,72324.0,4722.442418918414
1900.25,48432.78643066106,72313.9,4424.2982228823585
1905.25,48587.82754896633,72697.95,4065.0597578633456
1910.25,48742.86866772761,72881.55,3948.0054312272673
1915.25,48897.90978687712,73061.775,3745.1754789495517
1920.25,49052.95090634828,73040.2,3499.516010822068
1925.25,49207.99202607653,73204.9,3572.1632350020063
1930.25,49363.03314599997,73772.75,3526.731659766589
1935.25,49518.07426605979,74152.075,3696.5370619845
1940.25,49673.115386200814,74130.275,3751.7138507787345
1945.25,49828.15650637188,74916.35,4139.3419785033475
1950.25,49983.197626526155,74893.65,3940.0170957750934
1955.25,50138.23874662128,74875.9,3789.734278613739
1960.25,50293.27986661955,74856.125,4142.293070042848
1965.25,50448.320986487946,75046.7,4480.928230846818
1970.25,50603.362106198096,75043.125,4489.771283498192
1975.25,50758.40322572626,75028.75,4782.164158359686
1980.25,50913.44434505324,75599.75,5388.221013238042
1985.25,51068.48546416414,75982.0,4947.152900911796
1990.25,51223.52658304815,76364.25,4563.718707096221
1995.25,51378.56770169839,76960.225,4627.20659179218
2000.25,51533.60882011163,77164.075,4545.127683918792
2005.25,51688.649938287905,77163.2,4573.133416761422
2010.25,51843.691056230324,77560.3,5086.875392615785
2015.25,51998.732173944685,77555.375,4949.368593883971
2020.25,52153.773291439196,77753.15,5334.042893528323
2025.25,52308.8144087241,78157.9,5571.590379101824
2030.25,52463.8555258114,78782.0,5037.18181005014
2035.25,52618.89664271452,79429.05,5019.631073096906
2040.25,52773.937759448054,79281.5,5016.521641037742
2045.25,52928.97887602739,79521.575,5301.225394955868
2050.25,53084.01999246844,79966.15,5142.2856520714595
2055.25,53239.06110878753,80412.975,5149.37940854284
2060.25,53394.102225000985,80654.4,4811.084145231717
2065.25,53549.14334112501,81101.675,4346.6280279229095
2070.25,53704.184457175485,81355.475,4769.4493503574395
2075.25,53859.225573167765,81605.45,4502.925021305596
2080.25,54014.26668911652,82065.55,4852.770405654897
2085.25,54169.30780503567,82122.95,4663.8402588424915
2090.25,54324.34892093824,82170.45,4725.78678079111
2095.25,54479.390036836245,82404.9,5048.970705995432
2100.25,54634.43115274071,82231.475,5082.498088354289
2105.25,54789.47226866153,82458.95,5040.34949532272
2110.25,54944.5133846075,82485.075,5039.0232660333095
2115.25,55099.55450058626,83307.15,4734.065470343646
2120.25,55254.59561660437,83131.025,4752.616842921908
2125.25,55409.63673266728,83546.125,5097.373776330807
2130.25,55564.67784877937,83545.25,5194.019641616693
2135.25,55719.71896494397,83930.875,4828.360046705817
2140.25,55874.76008116342,84514.25,4147.8879399641455
2145.25,56029.8011974392,84496.275,4101.045955683135
2150.25,56184.8423137719,84879.2,4602.074373040922
2155.25,56339.88343016133,84654.925,4610.668002103925
2160.25,56494.92454660658,84613.1,5088.652906467486
2165.25,56649.9656631061,84961.825,4945.393973246722
2170.25,56805.00677965785,84912.35,5017.068774693048
2175.25,56960.04789625923,84860.4,5145.184229208901
2180.25,57115.089012907316,85602.375,5566.249035762324
2185.25,57270.1301295988,85553.35,6043.6948282900585
2190.25,57425.17124633013,85296.45,6073.980146699527
2195.25,57580.21236309759,85237.075,6134.08884233225
2200.25,57735.253479897314,85576.8,5615.391537773658
2205.25,57890.294596725405,85922.15,5653.609640309455
2210.25,58045.33571357794,86272.9,6175.195335169568
2215.25,58200.376830451045,86631.75,6203.838717882662
2220.25,58355.41794734092,86794.2,5722.235272164192
2225.25,58510.459064243936,86958.0,5593.878008591178
2230.25,58665.5001811566,86925.625,5587.112150129528
2235.25,58820.54129807564,87296.175,5942.6986767902845
2240.25,58975.58241499796,88076.625,6137.887737497729
2245.25,59130.62353192078,88684.525,6357.403699083849
2250.25,59285.66464884148,89110.65,6498.977880405502
2255.25,59440.705765757746,89346.9,7008.411000540708
2260.25,59595.74688266753,89386.3,7532.616677489968
2265.25,59750.78799956908,89217.375,7570.363341882938
2270.25,59905.82911646085,89432.925,7233.083491024074
2275.25,60060.87023334159,89638.125,7053.0173040072
2280.25,60215.91135021038,89648.275,7084.9811365751
2285.25,60370.95246706641,89858.2,6965.590184794107
2290.25,60525.993583909185,90271.05,6580.461590762459
2295.25,60681.0347007384,90274.225,6319.280665599922
2300.25,60836.07581755397,90274.925,6105.972658031233
2305.25,60991.11693435596,91079.675,5981.268629072347
2310.25,61146.15805114462,91482.625,5667.703102062157
2315.25,61301.199167920364,91486.25,5480.543299938428
2320.25,61456.24028468372,91690.55,5454.796956349522
2325.25,61611.28140143531,92097.775,5372.072561463127
2330.25,61766.32251817589,91903.65,5347.441971634662
2335.25,61921.36363490625,92713.575,5919.367331111071
2340.25,62076.40475162725,92521.025,5921.155618257723
2345.25,62231.445868339804,92708.0,5802.806306004019
2350.25,62386.48698504482,93707.35,5247.066330579402
2355.25,62541.528101743286,93922.0,4831.38015866067
2360.25,62696.56921843608,93736.875,4809.076120017752
2365.25,62851.61033512413,93749.725,4907.593890403423
2370.25,63006.65145180838,94358.075,4668.201950497108
2375.25,63161.692568489656,94354.275,4677.47337706213
2380.25,63316.73368516881,94553.625,4565.767924525402
2385.25,63471.774801846615,94751.625,4335.593986482706
2390.25,63626.81591852378,95146.475,4362.56839122609
2395.25,63781.857035200985,95536.6,4432.753423663446
2400.25,63936.89815187883,95526.275,4213.765080735398
2405.25,64091.93926855785,95698.4,3880.1383757541435
2410.25,64246.98038523852,95866.7,3785.9627718719053
2415.25,64402.02150192127,96250.525,4050.3725036254377
2420.25,64557.06261860644,96638.625,4412.481654706907
2425.25,64712.1037352943,97440.9,5368.845423133357
2430.25,64867.14485198508,97247.225,5401.522123959598
2435.25,65022.18596867897,97448.15,5251.876353028506
2440.25,65177.227085376035,97854.25,5664.579082994605
2445.25,65332.26820207638,98051.8,5569.200122997916
2450.25,65487.30931877999,98256.1,5173.035507803905
2455.25,65642.35043548686,98668.725,5243.703386503188
2460.25,65797.39155219689,98673.25,5036.314544138402
2465.25,65952.43266891,98464.275,5045.273378928539
2470.25,66107.47378562602,99044.95,5426.367558966127
2475.25,66262.51490234485,99025.4,5521.746274051353
2480.25,66417.55601906627,98804.95,5555.337152009767
2485.25,66572.59713579011,99578.425,6141.368081553572
2490.25,66727.63825251615,99360.9,6186.622521820771
2495.25,66882.67936924417,99345.175,6128.899855449182
2500.25,67037.72048597393,99327.875,6131.560437859599
2505.25,67192.76160270523,99519.575,6107.992482242017
2510.25,67347.80271943782,99700.475,5924.361990385548
2515.25,67502.84383617151,99476.65,5958.511294988036
2520.25,67657.88495290604,100055.525,6514.146400766949
2525.25,67812.92606964124,100040.7,6408.300631602734
2530.25,67967.9671863769,100433.75,6364.3437986567005
2535.25,68123.00830311286,101234.675,5923.496407369975
2540.25,68278.04941984882,102458.775,5908.8763382410525
2545.25,68433.09053658477,102700.2,6020.968560788206
2550.25,68588.13165332063,102530.825,6037.095005101791
2555.25,68743.17277005616,102958.075,6463.186057442954
2560.25,68898.21388679127,102776.55,6497.65956979896
2565.25,69053.25500352586,102784.0,6646.433245546065
2570.25,69208.29612025985,102998.875,6507.945556442909
2575.25,69363.33723699319,103408.8,6207.000000805542
2580.25,69518.3783537258,103220.075,6198.7324168433815
2585.25,69673.41947045768,103428.425,6092.098612188168
2590.25,69828.46058718878,103635.425,5801.627357959575
2595.25,69983.5017039191,104245.35,5920.330324610276
2600.25,70138.54282064864,104044.7,5913.656230285964
2605.25,70293.58393737739,104442.7,5700.9154865688015
2610.25,70448.6250541054,104430.8,5732.903624909458
2615.25,70603.66617083267,104608.325,6350.3217379613925
2620.25,70758.70728755926,105390.35,6435.765412132423
2625.25,70913.74840428517,105387.225,6321.382716077631
2630.25,71068.78952101048,105376.675,6442.775601448881
2635.25,71223.83063773523,105571.525,6517.432541317555
2640.25,71378.87175445944,106181.45,6309.713095498083
2645.25,71533.91287118322,106794.075,6320.761186409829
2650.25,71688.95398790656,106602.425,6337.506152906283
2655.25,71843.99510462956,107007.625,6899.133551803806
2660.25,71999.03622135226,107417.1,7035.991985143247
2665.25,72154.07733807473,107630.175,6850.10134418645
2670.25,72309.118454797,107446.175,6879.513978154634
2675.25,72464.15957151908,107873.875,6345.889837377024
2680.25,72619.20068824106,108507.425,5801.835224790945
2685.25,72774.24180496305,108342.1,5796.10774917099
2690.25,72929.28292168504,108570.025,6151.80095729088
2695.25,73084.32403840702,108592.775,6711.219865316961
2700.25,73239.36515512901,108786.95,6456.6042350062
2705.25,73394.406271851,108762.9,6596.9334004520615
2710.25,73549.44738857326,108744.475,6591.173104472754
2715.25,73704.48850529554,109534.6,6840.769024020618
2720.25,73859.52962201803,109331.925,6842.026034050514
2725.25,74014.5707387406,109322.95,6977.6744521366145
2730.25,74169.61185546344,109714.425,6723.514505124905
2735.25,74324.6529721864,109700.05,6630.541546321839
2740.25,74479.69408890956,110884.775,6266.132390129097
2745.25,74634.73520563294,110877.375,6121.564648080179
2750.25,74789.77632235645,111276.275,6733.929756696679
2755.25,74944.81743908019,111472.475,6804.740527244592
2760.25,75099.85855580411,111669.575,6582.955544481901
2765.25,75254.89967252813,111660.825,6447.832577744633
2770.25,75409.94078925245,112451.85,6142.7491109437315
2775.25,75564.98190597679,112229.6,6134.120708381927
2780.25,75720.0230227014,112596.775,6149.066504813962
2785.25,75875.064139426,113168.0,6278.858441229584
2790.25,76030.10525615087,112936.75,6285.636952608701
2795.25,76185.14637287577,112897.85,6126.140635832644
2800.25,76340.18748960066,113257.825,6076.005260500109
2805.25,76495.22860632585,113429.05,5856.049566260518
2810.25,76650.26972305104,114017.825,6104.035317978181
2815.25,76805.31083977623,114421.225,6548.773856083671
2820.25,76960.35195650141,114417.425,6454.627536746408
2825.25,77115.3930732266,115022.85,6275.7230770645065
2830.25,77270.43418995179,115037.725,6159.073150087195
2835.25,77425.47530667698,115443.825,6113.648088549504
2840.25,77580.51642340216,115847.225,6026.353004149773
2845.25,77735.55754012735,116452.875,5652.930658351029
2850.25,77890.59865685254,116250.2,5666.984646617634
2855.25,78045.63977357773,116637.85,5509.433877677451
2860.25,78200.68089030292,116629.325,5384.413148210768
2865.25,78355.7220070281,116421.025,5383.407951114703
2870.25,78510.76312375329,116806.65,5297.32769918003
2875.25,78665.80424047848,116999.475,5610.220173319849
2880.25,78820.84535720367,116981.95,5442.062671680656
2885.25,78975.88647392883,116750.925,5454.900581186151
2890.25,79130.92759065372,116909.775,5316.444157576095
2895.25,79285.96870737862,117069.975,6413.603125827555
2900.25,79441.00982410352,117238.275,6378.181552615526
2905.25,79596.05094082841,117391.95,6187.476905815488
2910.25,79751.09205755331,117951.925,6731.225676882703
2915.25,79906.1331742782,118520.225,6775.650596483337
2920.25,80061.174291003,118489.65,6659.7804263729295
2925.25,80216.2154077276,118666.275,6497.371678657841
2930.25,80371.25652445221,119043.125,6086.461534884205
2935.25,80526.29764117682,119423.35,6772.868652018878
2940.25,80681.33875790142,119199.975,6785.613650814863
2945.25,80836.37987462603,119368.05,6549.14477126594
2950.25,80991.42099135063,119333.425,6516.559490108642
2955.25,81146.46210807524,119898.575,6809.343743204994
2960.25,81301.50322479985,120272.05,6617.8657575535635
2965.25,81456.54434152445,120444.4,6648.006570769919
2970.25,81611.58545824906,120410.675,6840.917874315187
2975.25,81766.62657497366,120570.875,6713.923421005411
2980.25,81921.66769169827,121333.55,7148.225492910811
2985.25,82076.70880842287,121506.125,6930.980908437492
2990.25,82231.74992514748,121679.6,6724.879263971956
2995.25,82386.79104187209,121849.475,6609.338913092974
3000.25,82541.83215859669,122016.65,6437.36389584277
3005.25,82696.8732753213,122390.575,6770.422929044019
3010.25,82851.9143920459,122575.75,6700.494529323936
3015.25,83006.95550877051,123160.25,6673.814630704092
3020.25,83161.99662549511,123554.875,6626.666782072643
3025.25,83317.03774221972,123956.925,6687.005798608597
3030.25,83472.07885894433,123963.7,6637.648621499937
3035.25,83627.11997566893,124370.925,6565.689422149436
3040.25,83782.16109239354,124365.55,6734.726224762221
3045.25,83937.20220911814,124955.675,6948.602203006371
3050.25,84092.24332584275,124946.475,7456.827196812664
3055.25,84247.28444256735,124941.1,7270.781154903509
3060.25,84402.32555929196,125135.5,7110.750573954904
3065.25,84557.36667601657,125126.075,6928.206706148785
3070.25,84712.40779274117,125321.15,6692.187333189351
3075.25,84867.44890946578,125714.425,6682.757167750822
3080.25,85022.49002619038,126111.75,6760.393036835951
3085.25,85177.53114291499,126296.925,7277.550729855821
3090.25,85332.5722596396,126276.25,7257.7695954060155
3095.25,85487.6133763642,126451.525,7291.015252907169
3100.25,85642.6544930888,126833.55,7933.056114134073
3105.25,85797.69560981341,126619.175,7954.749048563695
3110.25,85952.73672653802,127205.025,7386.709695840564
3115.25,86107.77784326262,127384.8,7518.15470777238
3120.25,86262.81895998723,127956.925,7124.1398261913
3125.25,86417.86007671183,128136.475,7520.013794410554
3130.25,86572.90119343644,127918.725,7525.829071811623
3135.25,86727.94231016104,128511.775,7243.767417105894
3140.25,86882.98342688565,129120.35,6829.82436102862
3145.25,87038.02454361026,129336.35,7271.735017518172
3150.25,87193.06566033486,129950.775,7359.496590672829
3155.25,87348.10677705947,129969.025,7492.615572557089
3160.25,87503.14789378407,130579.4,7940.741221857063
3165.25,87658.18901050868,130985.275,8069.87657933038
3170.25,87813.23012723328,130978.55,7915.23867675511
3175.25,87968.27124395789,131170.7,7808.215154406288
3180.25,88123.3123606825,130956.325,7836.944673348473
3185.25,88278.3534774071,131140.375,7766.338233242549
3190.25,88433.3945941317,131324.2,7819.149334166729
3195.25,88588.43571085631,131910.5,7641.077129567532
3200.25,88743.47682758092,131904.45,7769.589194256026
3205.25,88898.51794430552,132299.3,7986.0284965369365
3210.25,89053.55906103013,132487.4,7601.570966089838
3215.25,89208.60017775474,133084.275,7085.943412356959
3220.25,89363.64129447934,133492.85,7304.674860320615
3225.25,89518.68241120395,133703.9,7305.845440638613
3230.25,89673.72352792855,133915.4,7340.230937443317
3235.25,89828.76464465316,133925.1,7409.145519390208
3240.25,89983.80576137776,134132.775,7617.654733782899
3245.25,90138.84687810237,134140.45,7725.492536725411
3250.25,90293.88799482698,134137.1,7650.090192442178
3255.25,90448.92911155158,134736.225,7742.138165140493
3260.25,90603.97022827619,134929.5,8197.164486882035
3265.25,90759.01134500079,135306.8,7710.757213789058
3270.25,90914.0524617254,135689.5,7631.144732279686
3275.25,91069.09357845,135855.55,7451.1360096967765
3280.25,91224.13469517461,136430.15,6988.884694820769
3285.25,91379.17581189921,136597.775,6886.903934688286
3290.25,91534.21692862382,136772.375,6569.896019201902
3295.25,91689.25804534843,136747.2,6581.108894783613
3300.25,91844.29916207303,136920.225,6716.576617267535
3305.25,91999.34027879764,137495.275,7193.513099878598
3310.25,92154.38139552224,137878.875,7209.429695067773
3315.25,92309.42251224685,137868.1,7230.463138866002
3320.25,92464.46362897145,137652.15,7226.507624018673
3325.25,92619.50474569606,138240.25,7195.101208461212
3330.25,92774.54586242067,138431.5,7611.619047548294
3335.25,92929.58697914527,138823.2,8185.087797177253
3340.25,93084.62809586988,139431.775,7663.849869231847
3345.25,93239.66921259448,139647.55,7799.509978037082
3350.25,93394.71032931909,139659.95,8276.877842671112
3355.25,93549.7514460437,139865.375,8224.92148461765
3360.25,93704.7925627683,140065.175,8236.377327176373
3365.25,93859.8336794929,139856.425,8268.632683256948
3370.25,94014.87479621751,140039.125,8448.848170941706
3375.25,94169.91591294212,139812.15,8478.05248067031
3380.25,94324.95702966672,139776.175,8118.80533780217
3385.25,94479.99814639133,139739.525,8210.583913043274
3390.25,94635.03926311593,140309.175,7970.358782741527
3395.25,94790.08037984054,140281.525,8085.657797490876
3400.25,94945.12149656515,140447.8,7785.744814884444
3405.25,95100.16261328975,140822.625,7201.507524687106
3410.25,95255.20373001436,141200.15,7619.590582176972
3415.25,95410.24484673896,141999.725,6796.439503933291
3420.25,95565.28596346357,141997.95,6593.968144069245
3425.25,95720.32708018817,141987.4,6443.232454676768
3430.25,95875.36819691278,142173.025,6455.73163209446
3435.25,96030.40931363738,141953.925,6445.549914524361
3440.25,96185.45043036199,141920.425,6935.688258069634
3445.25,96340.4915470866,142287.15,7405.323608897858
3450.25,96495.5326638112,142055.225,7437.397476142108
3455.25,96650.57378053581,142425.775,7587.339598345721
3460.25,96805.61489726041,142596.55,7686.477908314055
3465.25,96960.65601398502,142769.35,8292.563637229443
3470.25,97115.69713070962,142746.2,8477.361352301788
3475.25,97270.73824743423,143315.4,8494.646751189834
3480.25,97425.77936415884,143291.35,8585.737335255488
3485.25,97580.82048088344,143872.925,8447.089618657126
3490.25,97735.86159760805,144465.075,8423.349688551758
3495.25,97890.90271433265,145276.35,8186.376897932321
3500.25,98045.94383105726,145282.225,8177.594411293885
3505.25,98200.98494778186,145485.625,8190.460097157241
3510.25,98356.02606450647,145489.25,8232.359027034718
3515.25,98511.06718123108,145875.325,7950.374521091759
3520.25,98666.10829795568,145864.325,7870.984346041161
3525.25,98821.14941468029,146255.575,7817.895520894673
3530.25,98976.19053140489,146448.175,7867.262845210207
3535.25,99131.2316481295,146644.825,7845.113419392036
3540.25,99286.2727648541,146625.5,7730.929889896816
3545.25,99441.31388157871,147013.15,8106.806872314154
3550.25,99596.35499830332,146988.425,8166.974620422485
3555.25,99751.39611502792,146952.675,8597.469081108988
3560.25,99906.43723175253,147123.9,8623.199218677486
3565.25,100061.47834847713,147281.625,8764.948002733672
3570.25,100216.51946520174,147845.875,8375.945643813897
3575.25,100371.56058192634,148223.4,7765.506623202377
3580.25,100526.60169865095,148203.175,8193.77890997951
3585.25,100681.64281537556,147971.7,8199.617182984826
3590.25,100836.68393210016,148523.35,7794.970845198845
3595.25,100991.72504882477,148676.35,7607.767925942535
3600.25,101146.76616554937,148631.6,7724.7321039308545
3605.25,101301.80728227398,148990.225,7329.912036861357
3610.25,101456.84839899858,149148.625,7100.529355486462
3615.25,101611.88951572319,149112.425,7250.491912665306
3620.25,101766.9306324478,149481.625,7984.117113252097
3625.25,101921.9717491724,149458.25,8089.739358440419
3630.25,102077.012865897,149640.05,7967.307044102166
3635.25,102232.05398262161,150225.225,8352.752456862649
3640.25,102387.09509934622,150413.325,8365.979912008215
3645.25,102542.13621607082,151216.5,8215.739059877693
3650.25,102697.17733279543,151219.9,8180.366219033229
3655.25,102852.21844952003,151614.3,8558.898288331273
3660.25,103007.25956624464,151991.6,9114.718989908577
3665.25,103162.30068296925,152370.25,8781.873691018336
3670.25,103317.34179969385,153146.2,9331.174993536451
3675.25,103472.38291641846,153523.95,9199.966050073228
3680.25,103627.42403314306,153714.75,8816.531739437
3685.25,103782.46514986767,153507.35,8840.858756506632
3690.25,103937.50626659227,153502.65,8922.27804094896
3695.25,104092.54738331688,154306.275,8712.383597106189
3700.25,104247.58850004149,155114.4,8491.369495846946
3705.25,104402.62961676609,155333.775,8430.17536920941
3710.25,104557.6707334907,155150.0,8448.715573979278
3715.25,104712.7118502153,155974.55,8417.981415398825
3720.25,104867.75296693991,156406.525,8348.036274665139
3725.25,105022.79408366451,156224.775,8361.767898783428
3730.25,105177.83520038912,156028.625,8369.632692993462
3735.25,105332.87631711373,157018.525,8081.566352237975
3740.25,105487.91743383833,157413.6,8521.601954885009
3745.25,105642.95855056294,157612.05,8116.576216915602
3750.25,105797.99966728754,157612.525,8163.825017608167
3755.25,105953.04078401215,157406.025,8178.879184712598
3760.25,106108.08190073675,157791.65,8290.55464459405
3765.25,106263.12301746136,157975.925,8465.816029812187
3770.25,106418.16413418596,158162.9,8165.412563979851
3775.25,106573.20525091057,158350.1,8136.606951917979
3780.25,106728.24636763518,158737.075,8344.651615743165
3785.25,106883.28748435978,158922.925,8642.409836852508
3790.25,107038.32860108439,158913.95,8588.153393483375
3795.25,107193.369717809,159295.525,9084.918787783687
3800.25,107348.4108345336,159687.225,9503.213441679873
3805.25,107503.4519512582,159475.775,9547.380939588877
3810.25,107658.49306798281,159660.5,9688.782751847624
3815.25,107813.53418470742,159442.75,9731.043552081144
3820.25,107968.57530143202,159210.375,9763.76208823346
3825.25,108123.61641815663,158967.65,9800.419655045389
3830.25,108278.65753488123,159330.1,10113.936314066843
3835.25,108433.69865160584,159887.375,10085.228699222691
3840.25,108588.73976833044,160257.025,10290.349997965326
3845.25,108743.78088505505,160233.65,10030.453008339155
3850.25,108898.82200177966,160213.2,10141.686157143693
3855.25,109053.86311850426,160192.75,10188.64994859476
3860.25,109208.90423522887,159953.175,10213.074961201695
3865.25,109363.94535195347,160305.275,9875.355654006848
3870.25,109518.98646867808,160669.075,9789.70436099196
3875.25,109674.02758540268,160838.05,10278.034211851993
3880.25,109829.06870212729,161216.025,10292.220981431801
3885.25,109984.1098188519,161198.275,10339.404003283991
3890.25,110139.1509355765,161773.775,10481.953432238908
3895.25,110294.1920523011,162356.25,11041.088205539343
3900.25,110449.23316902571,162536.475,10815.000624393186
3905.25,110604.27428575032,162518.05,10954.2701895197
3910.25,110759.31540247492,162907.5,10967.287257453412
3915.25,110914.35651919953,162896.725,11050.627047508435
3920.25,111069.39763592414,163090.45,11436.006086479669
3925.25,111224.43875264874,163897.45,11197.352948241829
3930.25,111379.47986937335,163910.975,11268.46050346386
3935.25,111534.52098609795,164528.775,11466.290863575936
3940.25,111689.56210282256,164351.75,11492.088072343511
3945.25,111844.60321954716,165168.425,11111.280747538736
3950.25,111999.64433627177,165388.025,10731.406542509934
3955.25,112154.68545299637,165398.4,11169.990711835886
3960.25,112309.72656972098,166207.65,10824.865025832887
3965.25,112464.76768644559,166419.825,10516.442275105446
3970.25,112619.80880317019,166411.525,10629.63872766262
3975.25,112774.8499198948,166197.15,10639.264763835892
3980.25,112929.8910366194,166787.275,11024.425356594555
3985.25,113084.93215334401,166980.775,10828.066304429662
3990.25,113239.97327006861,167575.85,10627.77863325634
3995.25,113395.01438679322,167571.375,11053.383901689338
4000.25,113550.05550351783,167550.475,11108.166387533318
4005.25,113705.09662024243,167919.225,11317.880208684177
4010.25,113860.13773696704,168074.025,11892.575958581261
4015.25,114015.17885369164,168032.2,12066.689473919514
4020.25,114170.21997041625,167776.2,12123.64216458899
4025.25,114325.26108714085,167908.05,11800.969596711111
4030.25,114480.30220386546,168036.3,11587.833272337843
4035.25,114635.34332059007,167968.15,11457.757199382433
4040.25,114790.38443731467,168299.1,11418.390181085073
4045.25,114945.42555403928,168639.95,11609.609807611967
4050.25,115100.46667076388,168994.525,11996.93770220655
4055.25,115255.50778748849,169555.4,12749.943881347086
4060.25,115410.5489042131,169918.975,12731.59785506615
4065.25,115565.5900209377,170287.05,12385.331327723936
4070.25,115720.6311376623,170866.375,12271.586474071924
4075.25,115875.67225438691,171269.325,12259.295130150225
4080.25,116030.71337111152,171484.2,12124.424938837306
4085.25,116185.75448783612,171513.025,12532.449682948063
4090.25,116340.79560456073,171745.45,12252.719522008165
4095.25,116495.83672128533,172366.175,13047.116021869546
4100.25,116650.87783800994,172185.1,13089.80745141043
4105.25,116805.91895473454,172603.125,13233.90618980749
4110.25,116960.96007145915,172824.3,12919.91991064573
4115.25,117116.00118818376,172834.45,12822.941893730938
4120.25,117271.04230490836,172843.25,12944.37752655569
4125.25,117426.08342163297,172648.225,12983.92600749577
4130.25,117581.12453835757,172647.575,12899.552380339597
4135.25,117736.16565508218,172443.325,12935.393253130149
4140.25,117891.20677180678,173057.075,12601.219421672055
4145.25,118046.24788853139,173685.225,13096.574152450137
4150.25,118201.289005256,173726.425,13222.585672841187
4155.25,118356.3301219806,173962.45,13123.044755695988
4160.25,118511.37123870521,174396.9,12709.557413714296
4165.25,118666.41235542981,174407.725,13135.521157081093
4170.25,118821.45347215442,174597.4,12928.95750785809
4175.25,118976.49458887902,174583.025,12724.364433268367
4180.25,119131.53570560363,174771.575,13238.970535907429
4185.25,119286.57682232824,174551.575,13253.614152397262
4190.25,119441.61793905284,174925.95,13290.687651886188
4195.25,119596.65905577745,175103.925,13066.956629725417
4200.25,119751.70017250205,175077.625,12943.722614770644
4205.25,119906.74128922666,175447.95,12820.887194730323
4210.25,120061.78240595126,175827.275,12859.091346421992
4215.25,120216.82352267587,175809.075,12922.988244331302
4220.25,120371.86463940048,175790.425,12760.411520132297
4225.25,120526.90575612508,175973.8,12645.590807570044
4230.25,120681.94687284969,175946.6,12400.696333371767
4235.25,120836.98798957429,176313.775,12412.712085524461
4240.25,120992.0291062989,176065.2,12408.991914031534
4245.25,121147.0702230235,176214.15,12426.660375579593
4250.25,121302.11133974811,175965.125,12420.209331091204
4255.25,121457.15245647272,175905.3,12672.069746000454
4260.25,121612.19357319732,176441.2,13281.083562627711
4265.25,121767.23468992193,176585.425,13208.861281375657
4270.25,121922.27580664653,176933.7,13196.799164854332
4275.25,122077.31692337114,177487.15,13122.246800853123
4280.25,122232.35804009574,177675.025,12753.804449775957
4285.25,122387.39915682035,177470.1,12764.94499851057
4290.25,122542.44027354495,178885.875,12166.342375715267
4295.25,122697.48139026956,178719.2,12175.03441309305
4300.25,122852.52250699417,179337.675,12545.525079709698
4305.25,123007.56362371877,179961.1,12278.815606156808
4310.25,123162.60474044338,179784.525,12288.134657795908
4315.25,123317.64585716798,179802.325,12368.05935214272
4320.25,123472.68697389259,179808.65,12319.47804352928
4325.25,123627.7280906172,179808.9,12198.514821075556
4330.25,123782.7692073418,180004.875,12493.287449791787
4335.25,123937.8103240664,180400.625,13016.9124950245
4340.25,124092.85144079101,180201.1,13047.780926847294
4345.25,124247.89255751562,180610.125,12914.334105099071
4350.25,124402.93367424022,180832.875,12875.600289039925
4355.25,124557.97479096483,180854.275,13281.689540232635
4360.25,124713.01590768943,181471.4,13067.199880425798
4365.25,124868.05702441404,181694.15,12875.344636746622
4370.25,125023.09814113865,181710.375,12927.90808447465
4375.25,125178.13925786325,182536.275,12743.829891583808
4380.25,125333.18037458786,182368.7,12725.371517562857
4385.25,125488.22149131246,182594.15,12957.166561501786
4390.25,125643.26260803707,182410.6,12953.705928806628
4395.25,125798.30372476167,182816.925,13368.056300398537
4400.25,125953.34484148628,183229.775,13393.866127564701
4405.25,126108.38595821089,183436.1,13573.293867554774
4410.25,126263.42707493549,183232.75,13591.21010524817
4415.25,126418.4681916601,183636.375,13664.907849236488
4420.25,126573.5093083847,184244.05,13589.133375973614
4425.25,126728.55042510931,184850.375,13292.689506007617
4430.25,126883.59154183391,184865.025,13279.966434186685
4435.25,127038.63265855852,184668.2,13272.151181044464
4440.25,127193.67377528312,184851.35,13363.546540028212
4445.25,127348.71489200773,184827.75,13686.31677214509
4450.25,127503.75600873234,185199.65,13303.017733863997
4455.25,127658.79712545694,185779.65,13809.231408373169
4460.25,127813.83824218155,186367.75,14176.97242053112
4465.25,127968.87935890615,186357.65,14263.283745863011
4470.25,128123.92047563076,186548.45,14158.96412913035
4475.25,128278.96159235536,187338.35,14540.343706477504
4480.25,128434.00270907997,187735.45,14206.583689789744
4485.25,128589.04382580458,187733.9,14023.294407520652
4490.25,128744.08494252918,187722.675,13849.76804501162
4495.25,128899.12605925379,188115.725,13403.348671344225
4500.25,129054.1671759784,188304.95,13547.499311588837
4505.25,129209.208292703,188694.4,13212.228516699974
4510.25,129364.2494094276,189095.1,12974.352539336982
4515.25,129519.29052615221,189291.075,12876.726316813796
4520.25,129674.33164287682,189474.0,12518.664517930816
4525.25,129829.37275960142,189452.2,12286.466698058477
4530.25,129984.41387632603,189822.75,12223.000054201095
4535.25,130139.45499305063,189587.675,12206.438247933957
4540.25,130294.49610977524,190166.1,12069.530285599352
4545.25,130449.53722649984,190347.9,12177.094610476672
4550.25,130604.57834322445,190725.2,12188.425010947885
4555.25,130759.61945994906,190705.875,12494.883682056628
4560.25,130914.66057667366,191081.6,13564.707358712167
4565.25,131069.70169339827,191465.875,13759.255489601355
4570.25,131224.74281012287,191451.05,13673.027582525385
4575.25,131379.78392684748,191831.5,14408.141626785184
4580.25,131534.82504357208,192018.475,14254.24836252775
4585.25,131689.8661602967,191994.425,14041.438602423365
4590.25,131844.9072770213,192362.05,13397.191327289462
4595.25,131999.9483937459,192732.15,13190.423444302309
4600.25,132154.9895104705,193110.125,13088.124819015327
4605.25,132310.0306271951,193297.1,12943.420918655933
4610.25,132465.07174391972,194085.425,13524.392017319115
4615.25,132620.11286064432,194487.025,13283.661153109295
4620.25,132775.15397736893,195096.275,13627.08816083337
4625.25,132930.19509409353,195515.875,13868.3315751436
4630.25,133085.23621081814,195742.45,13503.183961940234
4635.25,133240.27732754275,195774.65,13637.554786416076
4640.25,133395.31844426735,196407.525,14033.165795023764
4645.25,133550.35956099196,196239.95,14050.38716228133
4650.25,133705.40067771656,196079.125,14065.588212126964
4655.25,133860.44179444117,196314.25,14468.972525718611
4660.25,134015.48291116577,196132.5,14494.409018221473
4665.25,134170.52402789038,196945.35,14491.848036568697
4670.25,134325.565144615,197163.825,14218.14136809467
4675.25,134480.6062613396,196977.575,14253.571993999432
4680.25,134635.6473780642,196986.6,14158.091284756572
4685.25,134790.6884947888,197197.425,13983.227127102133
4690.25,134945.7296115134,197614.325,14056.456895787253
4695.25,135100.770728238,197830.775,14440.287025129557
4700.25,135255.81184496262,198043.625,14916.763115807833
4705.25,135410.85296168723,198044.775,15012.532247862951
4710.25,135565.89407841183,198039.85,14866.04992978969
4715.25,135720.93519513644,198429.075,14675.097343395204
4720.25,135875.97631186104,198220.775,14690.766443352266
4725.25,136031.01742858565,198414.725,14513.74337888489
4730.25,136186.05854531025,198406.2,14346.546581320537
4735.25,136341.09966203486,199000.375,14392.233806922572
4740.25,136496.14077875947,199404.45,14887.941013115278
4745.25,136651.18189548407,199815.275,14748.918281288463
4750.25,136806.22301220868,200239.825,15050.111837645094
4755.25,136961.26412893328,200660.775,14690.828288191411
4760.25,137116.3052456579,201084.65,14934.788337636392
4765.25,137271.3463623825,201914.6,14328.070603364571
4770.25,137426.3874791071,201935.325,14347.080662999877
4775.25,137581.4285958317,202547.275,14093.749729246118
4780.25,137736.4697125563,202760.35,14580.441663920885
4785.25,137891.51082928092,202570.5,14580.114278958858
4790.25,138046.55194600552,202763.775,14459.182535870586
4795.25,138201.59306273013,202747.375,14295.959861640105
4800.25,138356.63417945473,203121.75,14171.585112029636
4805.25,138511.67529617934,203499.275,14418.84513468832
4810.25,138666.71641290394,204089.175,14726.200190922471
4815.25,138821.75752962855,204084.475,14875.415049860792
4820.25,138976.79864635316,204063.35,15243.078697477751
4825.25,139131.83976307776,203824.9,15267.523218911443
4830.25,139286.88087980237,204588.475,14979.80804468552
4835.25,139441.92199652697,204764.2,15114.90957291839
4840.25,139596.96311325158,204733.85,15293.250295963902
4845.25,139752.00422997618,204905.075,15129.474528238747
4850.25,139907.0453467008,205087.55,15555.354492424789
4855.25,140062.0864634254,205266.425,15916.471574696605
4860.25,140217.12758015,205641.475,16494.198914485813
4865.25,140372.1686968746,205826.2,16408.24910860388
4870.25,140527.2098135992,206209.575,16144.720339421336
4875.25,140682.25093032382,206204.65,15999.504918199813
4880.25,140837.29204704842,206005.575,16050.46939190954
4885.25,140992.33316377303,206012.8,15927.342614510433
4890.25,141147.37428049764,206018.225,15804.22575035313
4895.25,141302.41539722224,206027.475,15648.768365054326
4900.25,141457.45651394685,206441.225,15676.967033059202
4905.25,141612.49763067145,206244.625,15712.681771522168
4910.25,141767.53874739606,206640.15,15674.974733711697
4915.25,141922.57986412066,206628.7,15498.142804381434
4920.25,142077.62098084527,206616.125,15319.670387385135
4925.25,142232.66209756988,206810.975,15280.554557774565
4930.25,142387.70321429448,206809.425,15343.996332462577
4935.25,142542.7443310191,207021.375,14953.407848735518
4940.25,142697.7854477437,207438.05,15543.825249435868
4945.25,142852.8265644683,208268.225,15170.529458645306
4950.25,143007.8676811929,209107.4,15993.491303183304
4955.25,143162.9087979175,209769.975,16345.116181313151
4960.25,143317.94991464211,210035.925,16087.58693451647
4965.25,143472.99103136672,210301.2,15710.594509279397
4970.25,143628.03214809133,210558.15,15676.840518819474
4975.25,143783.07326481593,210599.125,15733.36799061552
4980.25,143938.11438154054,210637.175,15507.512192099835
4985.25,144093.15549826514,210672.3,15572.561832354368
4990.25,144248.19661498975,210906.525,15095.452938488628
4995.25,144403.23773171435,210718.925,15064.45687041604
5000.25,144558.27884843896,211122.775,15304.779357462983
5005.25,144713.31996516357,211126.175,15674.477109320904
5010.25,144868.36108188817,211126.2,15908.963210954385
5015.25,145023.40219861278,212130.5,16688.28767167261
5020.25,145178.44331533738,212144.925,16954.34689543142
5025.25,145333.484432062,212552.6,16388.5117060702
5030.25,145488.5255487866,212746.1,15961.35224699023
5035.25,145643.5666655112,212928.8,16353.115886123966
5040.25,145798.6077822358,213513.975,15965.672969863343
5045.25,145953.6488989604,213689.7,15607.79111886112
5050.25,146108.69001568502,214061.375,15883.772822542036
5055.25,146263.73113240962,214032.6,15948.204906117178
5060.25,146418.77224913423,213994.6,15804.651418253425
5065.25,146573.81336585883,214150.525,15831.890351222275
5070.25,146728.85448258344,214507.8,16028.857029120947
5075.25,146883.89559930805,214467.1,16375.297000054685
5080.25,147038.93671603265,215031.575,15680.882543343183
5085.25,147193.97783275726,215412.025,16339.202086718462
5090.25,147349.01894948186,215200.575,16353.258202897214
5095.25,147504.06006620647,215391.15,16151.392415671166
5100.25,147659.10118293107,215383.975,16241.793750018036
5105.25,147814.14229965568,215775.45,16197.768377078984
5110.25,147969.18341638029,216376.6,17088.97634997486
5115.25,148124.2245331049,216388.775,16961.267836032337
5120.25,148279.2656498295,216811.075,16755.002332158147
5125.25,148434.3067665541,217233.375,16471.205436780423
5130.25,148589.3478832787,217456.575,16424.51557811143
5135.25,148744.3890000033,217887.875,15994.13058173607
5140.25,148899.43011672792,217910.85,16293.273328355479
5145.25,149054.47123345252,218120.325,16109.078639873385
5150.25,149209.51235017713,218329.8,16259.917174143295
5155.25,149364.55346690174,218335.9,16296.572338685211
5160.25,149519.59458362634,218334.125,16463.66846470206
5165.25,149674.63570035095,218122.225,16489.90667061597
5170.25,149829.67681707555,218309.425,16382.531120468688
5175.25,149984.71793380016,218887.85,16469.341336708036
5180.25,150139.75905052476,219275.725,16923.032585964756
5185.25,150294.80016724937,219269.0,16803.016527918433
5190.25,150449.84128397398,219458.45,17008.726594677802
5195.25,150604.88240069858,219449.25,17419.8319427169
5200.25,150759.9235174232,220042.975,16744.661992128265
5205.25,150914.9646341478,220038.95,16914.878505253888
5210.25,151070.0057508724,220028.625,16773.690514929178
5215.25,151225.046867597,219801.875,16802.12812609239
5220.25,151380.0879843216,220175.8,17435.112170488035
5225.25,151535.12910104622,220765.7,17033.954252022635
5230.25,151690.17021777082,221365.5,16660.967393506897
5235.25,151845.21133449543,221773.4,16817.1157493638
5240.25,152000.25245122003,221782.65,17243.088918897334
5245.25,152155.29356794464,221998.2,17145.271418746917
5250.25,152310.33468466924,221798.0,17163.69388964683
5255.25,152465.37580139385,222388.575,16689.896945101995
5260.25,152620.41691811846,222792.2,17007.137963881516
5265.25,152775.45803484306,223202.125,16982.534641967464
5270.25,152930.49915156767,223409.125,16614.511022465424
5275.25,153085.54026829227,223409.15,16888.45503302478
5280.25,153240.58138501688,223192.525,16890.405545919402
5285.25,153395.62250174148,222961.725,16887.14155668818
5290.25,153550.6636184661,222924.625,16715.533034145967
5295.25,153705.7047351907,222686.175,16706.19623001074
5300.25,153860.7458519153,222645.25,16995.354917226647
5305.25,154015.7869686399,222606.8,17307.08848521322
5310.25,154170.8280853645,223180.05,17742.32145457578
5315.25,154325.86920208912,223572.875,17808.77424026216
5320.25,154480.91031881372,223972.225,18156.015167655183
5325.25,154635.95143553833,224783.95,17419.816715740726
5330.25,154790.99255226293,225598.825,17165.826373586708
5335.25,154946.03366898754,226215.95,17535.00524123104
5340.25,155101.07478571215,226438.25,17855.028529100702
5345.25,155256.11590243675,226658.075,17378.43442964944
5350.25,155411.15701916136,226473.625,17376.219531032202
5355.25,155566.19813588596,226483.1,17386.992715533066
5360.25,155721.23925261057,226681.325,18166.488364585628
5365.25,155876.28036933517,226671.0,18286.365728323384
5370.25,156031.32148605978,226658.425,18354.617066984127
5375.25,156186.3626027844,226440.45,18391.73503941376
5380.25,156341.403719509,227227.875,18225.19477167871
5385.25,156496.4448362336,228228.35,18411.827175826413
5390.25,156651.4859529582,228640.975,18955.048571703133
5395.25,156806.5270696828,228450.0,18999.847903996495
5400.25,156961.5681864074,228249.8,19039.58992133234
5405.25,157116.60930313202,229036.325,18572.673854028802
5410.25,157271.65041985663,229020.375,18621.432888693744
5415.25,157426.69153658123,228805.775,18633.954574059822
5420.25,157581.73265330584,229790.275,18106.289091932256
5425.25,157736.77377003044,229979.275,17574.15582697004
5430.25,157891.81488675505,229958.375,17680.77989945933
5435.25,158046.85600347965,230332.075,17357.435731931288
5440.25,158201.89712020426,230502.4,16905.95826853657
5445.25,158356.93823692887,230656.75,16593.575968578923
5450.25,158511.97935365347,230409.75,16573.72524283542
5455.25,158667.02047037808,230566.8,16714.544812752156
5460.25,158822.06158710268,230932.85,17061.40666797436
5465.25,158977.1027038273,231100.925,17435.214815872645
5470.25,159132.1438205519,231062.7,17803.21018341917
5475.25,159287.1849372765,231230.775,17649.090674327246
5480.25,159442.2260540011,231610.775,17567.559150480327
5485.25,159597.2671707257,231584.025,17383.69832071487
5490.25,159752.30828745032,231755.925,17782.47624771716
5495.25,159907.34940417492,231706.225,17605.65526665012
5500.25,160062.39052089953,232655.85,17091.724040526162
5505.25,160217.43163762413,233014.025,16831.124855624625
5510.25,160372.47275434874,232981.2,16727.289150068522
5515.25,160527.51387107334,233560.75,16772.745672295277
5520.25,160682.55498779795,233742.1,17164.77003603602
5525.25,160837.59610452256,233518.05,17164.310190698023
5530.25,160992.63722124716,233696.25,17317.354695867958
5535.25,161147.67833797177,233874.225,17439.35646083665
5540.25,161302.71945469637,234065.475,17610.008415120792
5545.25,161457.76057142098,234454.475,18142.59685672437
5550.25,161612.80168814558,234451.125,17945.472095089197
5555.25,161767.8428048702,234455.875,17968.641262714467
5560.25,161922.8839215948,235068.5,18337.740906052197
5565.25,162077.9250383194,235087.2,18262.627948833102
5570.25,162232.966155044,235509.95,18189.385292252184
5575.25,162388.0072717686,235535.85,18064.10123324712
5580.25,162543.04838849322,235953.875,17828.550570030224
5585.25,162698.08950521782,235973.475,17861.92027731411
5590.25,162853.13062194243,236194.425,18251.059273042894
5595.25,163008.17173866704,236423.025,18140.062352583715
5600.25,163163.21285539164,236653.425,17928.75409225708
5605.25,163318.25397211625,236681.8,18020.80550252957
5610.25,163473.29508884085,236698.025,17783.34287839677
5615.25,163628.33620556546,237122.35,18267.114919028674
5620.25,163783.37732229006,237937.225,18441.446796025113
5625.25,163938.41843901467,237948.725,18348.37027383154
5630.25,164093.45955573927,238369.45,18122.046971437856
5635.25,164248.50067246388,238591.075,18028.259191145575
5640.25,164403.5417891885,239011.35,17676.017410321816
5645.25,164558.5829059131,238830.05,17675.973884343686
5650.25,164713.6240226377,239038.85,17537.326505627934
5655.25,164868.6651393623,238839.775,17526.607399340723
5660.25,165023.7062560869,239244.975,17518.6665108428
5665.25,165178.74737281151,239251.3,17312.902214389127
5670.25,165333.78848953612,239454.7,17535.45283197728
5675.25,165488.82960626073,239452.25,17615.132680454044
5680.25,165643.87072298533,239430.45,17547.312919575463
5685.25,165798.91183970994,240001.225,18410.119307207788
5690.25,165953.95295643454,239983.7,18502.571755299316
5695.25,166108.99407315915,240569.325,18188.04295548658
5700.25,166264.03518988375,240959.0,17800.952947454807
5705.25,166419.07630660836,240938.55,17901.795622157573
5710.25,166574.11742333297,241314.05,17374.416555599786
5715.25,166729.15854005757,241690.225,16875.221282789895
5720.25,166884.19965678218,241856.725,16662.39480441287
5725.25,167039.24077350678,243035.6,16047.456437158507
5730.25,167194.2818902314,243027.3,16421.274331183922
5735.25,167349.323006956,243622.825,16902.23650439861
5740.25,167504.3641236806,244650.975,17385.11846251342
5745.25,167659.4052404052,244691.05,17250.900771698853
5750.25,167814.4463571298,245130.675,18334.545872154158
5755.25,167969.48747385442,245158.15,18430.036066568075
5760.25,168124.52859057902,245180.45,18475.1021704888
5765.25,168279.56970730363,244996.45,18519.864991678533
5770.25,168434.61082402823,245619.875,18110.54522862647
5775.25,168589.65194075284,245844.425,17935.485380262922
5780.25,168744.69305747745,246281.35,17693.50354409776
5785.25,168899.73417420205,246521.2,17284.346658103685
5790.25,169054.77529092666,246741.25,17369.281270752108
5795.25,169209.81640765126,246561.075,17373.163343591892
5800.25,169364.85752437587,246766.725,17182.262609465175
5805.25,169519.89864110047,247378.45,17305.52273618165
5810.25,169674.93975782508,248193.55,16657.201800497583
5815.25,169829.98087454968,248205.725,16733.38343194899
5820.25,169985.0219912743,248413.4,16939.280131620115
5825.25,170140.0631079989,248616.125,16532.802152557957
5830.25,170295.1042247235,248623.35,16272.556061971334
5835.25,170450.1453414481,248632.6,16174.730653939805
5840.25,170605.1864581727,249229.7,15680.65508229806
5845.25,170760.22757489732,249228.825,15410.27354601874
5850.25,170915.26869162192,249221.2,15402.571600547748
5855.25,171070.30980834653,250219.65,15169.466182598517
5860.25,171225.35092507114,250628.9,15197.12673056983
5865.25,171380.39204179574,250436.125,15194.060869814395
5870.25,171535.43315852035,250843.125,15390.503395458674
5875.25,171690.47427524495,250842.475,15233.521390526388
5880.25,171845.51539196956,251235.975,15731.230355351263
5885.25,172000.55650869416,251626.325,16047.223079496496
5890.25,172155.59762541877,251408.125,16104.044602307986
5895.25,172310.63874214338,251982.5,15849.746905707989
5900.25,172465.67985886798,252743.375,16469.712665697145
5905.25,172620.7209755926,252713.25,16348.76208425274
5910.25,172775.7620923172,252677.725,16116.361076344901
5915.25,172930.8032090418,252437.25,16126.382186885563
5920.25,173085.8443257664,252188.9,16139.696650340118
5925.25,173240.885442491,252133.125,15958.376607698072
5930.25,173395.92655921562,251877.8,15967.803336245095
5935.25,173550.96767594022,252026.75,15772.186707936222
5940.25,173706.00879266483,252796.175,16407.760540004387
5945.25,173861.04990938943,253372.125,16677.542880791072
5950.25,174016.09102611404,253149.2,16705.510838417962
5955.25,174171.13214283864,253726.725,16764.652594987616
5960.25,174326.17325956325,254322.475,17197.16122592985
5965.25,174481.21437628785,254316.2,17122.724475386505
5970.25,174636.25549301246,254309.475,16963.81688272498
5975.25,174791.29660973707,254298.25,17329.961263661266
5980.25,174946.33772646167,254491.525,17524.262986802754
5985.25,175101.37884318628,255295.15,18382.21079168662
5990.25,175256.41995991088,255311.825,18502.903629582706
5995.25,175411.4610766355,255530.3,18466.320474312146
6000.25,175566.5021933601,255541.35,18556.173491320886
6005.25,175721.5433100847,255950.825,18173.81043013889
6010.25,175876.5844268093,255967.275,18033.60202457138
6015.25,176031.6255435339,255984.175,17911.22265859104
6020.25,176186.66666025852,255989.375,17750.936687696932
6025.25,176341.70777698312,256195.025,17976.226291080256
6030.25,176496.74889370773,256402.7,17875.921481772624
6035.25,176651.79001043233,256416.0,17740.518022664954
6040.25,176806.83112715694,256422.55,17572.361914310208
6045.25,176961.87224388155,256828.2,16917.99924998521
6050.25,177116.91336060615,257634.75,17332.974163426195
6055.25,177271.95447733076,257851.425,17543.920879841116
6060.25,177426.99559405536,258678.0,17045.16352334292
6065.25,177582.03671077997,258703.675,17087.318238627297
6070.25,177737.07782750457,259122.15,16521.54395259414
6075.25,177892.11894422918,259337.025,16558.428207203877
6080.25,178047.16006095379,259764.95,17638.588317166996
6085.25,178202.2011776784,259998.275,17982.857371136128
6090.25,178357.242294403,260026.425,17798.91066612294
6095.25,178512.2834111276,260044.0,17902.95124239297
6100.25,178667.3245278522,260258.65,18121.785209106747
6105.25,178822.3656445768,260871.05,17908.705301751997
6110.25,178977.40676130142,261088.85,17970.626886394366
6115.25,179132.44787802603,261297.65,18069.62847611981
6120.25,179287.48899475063,261291.825,17925.65279078073
6125.25,179442.53011147524,261476.325,18158.52125451368
6130.25,179597.57122819984,261857.675,17721.760217685063
6135.25,179752.61234492445,261643.3,17757.813542142514
6140.25,179907.65346164905,262228.025,17210.86836945263
6145.25,180062.69457837366,262213.65,16986.06653635561
6150.25,180217.73569509826,262388.475,16592.825672730516
6155.25,180372.77681182287,262357.0,16910.08152183188
6160.25,180527.81792854748,262714.5,16507.687144933418
6165.25,180682.85904527208,263478.975,16670.41797783202
6170.25,180837.9001619967,263856.05,17116.647271662172
6175.25,180992.9412787213,264442.125,17179.971766293012
6180.25,181147.9823954459,264632.925,17305.696174616176
6185.25,181303.0235121705,264823.95,17705.849888101955
6190.25,181458.0646288951,265016.55,17501.84026566921
6195.25,181613.10574561972,265216.8,17454.894152429
6200.25,181768.14686234432,265208.725,17233.303836050272
6205.25,181923.18797906893,265397.725,17079.120476275264
6210.25,182078.22909579353,266194.6,17116.51781657122
6215.25,182233.27021251814,266795.975,17222.239595741463
6220.25,182388.31132924274,266793.525,17353.91243943639
6225.25,182543.35244596735,267200.075,17374.21285808727
6230.25,182698.39356269196,267614.275,18081.051196781256
6235.25,182853.43467941656,267633.65,18144.26369414036
6240.25,183008.47579614117,267445.825,18184.396530422036
6245.25,183163.51691286577,267246.525,18224.840406862964
6250.25,183318.55802959038,267650.6,18011.774213066852
6255.25,183473.59914631498,267654.0,17829.628738773557
6260.25,183628.6402630396,267656.5,17777.4164690064
6265.25,183783.6813797642,268272.05,17364.97084103512
6270.25,183938.7224964888,268475.0,17630.647840479374
6275.25,184093.7636132134,268468.275,17696.883466958952
6280.25,184248.804729938,269268.75,17446.063231786706
6285.25,184403.84584666262,269267.425,17542.192622022056
6290.25,184558.88696338722,269258.675,17956.972135165914
6295.25,184713.92808011183,269446.325,18331.71848874581
6300.25,184868.96919683644,269842.3,18077.991118622664
6305.25,185024.01031356104,269844.125,18377.236507514535
6310.25,185179.05143028565,270041.0,18508.314710218758
6315.25,185334.09254701025,271252.05,17521.710653786064
6320.25,185489.13366373486,271676.6,17712.059239117287
6325.25,185644.17478045946,272082.25,17956.545011847353
6330.25,185799.21589718407,271880.025,17982.765023922904
6335.25,185954.25701390867,272073.975,17977.10760329995
6340.25,186109.29813063328,272463.875,18134.921639357173
6345.25,186264.3392473579,272445.45,18462.07404579724
6350.25,186419.3803640825,272831.075,18057.668273496027
6355.25,186574.4214808071,272824.575,18441.305788924627
6360.25,186729.4625975317,272816.95,18494.232619522227
6365.25,186884.5037142563,272812.475,18377.094823941163
6370.25,187039.5448309809,272800.8,18312.2574549808
6375.25,187194.58594770552,272978.325,17895.016224514162
6380.25,187349.62706443013,272952.025,17681.075950875413
6385.25,187504.66818115473,273119.65,17506.88783136512
6390.25,187659.70929787934,273290.65,17337.34345286209
6395.25,187814.75041460394,273669.975,17616.933416620075
6400.25,187969.79153132855,274061.9,17827.021568815133
6405.25,188124.83264805315,274465.75,18254.20085213264
6410.25,188279.87376477776,274473.425,18299.273138587363
6415.25,188434.91488150237,274869.175,18374.084111885008
6420.25,188589.95599822697,274657.95,18387.47884560306
6425.25,188744.99711495158,274426.925,18387.72741261478
6430.25,188900.03823167618,274598.375,18796.76614249443
6435.25,189055.0793484008,274981.075,18437.197419568
6440.25,189210.1204651254,275770.075,18183.488160296005
6445.25,189365.16158185,275562.9,18188.94804208039
6450.25,189520.2026985746,275551.675,18232.239160018857
6455.25,189675.2438152992,276340.675,18603.066267100297
6460.25,189830.28493202382,276517.525,18408.5017065655
6465.25,189985.32604874842,276884.7,18305.761256978636
6470.25,190140.36716547303,276643.325,18294.825615474583
6475.25,190295.40828219763,276598.125,18335.508986407356
6480.25,190450.44939892224,277153.825,18459.497107535866
6485.25,190605.49051564684,277116.5,18516.6205053055
6490.25,190760.53163237145,277282.1,18236.923902895465
6495.25,190915.57274909606,277663.225,17950.381647561844
6500.25,191070.61386582066,277846.375,18080.0470990295
6505.25,191225.65498254527,278236.05,17823.104013400698
6510.25,191380.69609926987,278236.975,17840.638017756683
6515.25,191535.73721599448,278031.375,17824.003190659078
6520.25,191690.77833271908,278023.075,17750.94106732443
6525.25,191845.8194494437,278216.125,17928.90083365751
6530.25,192000.8605661683,278208.95,17885.100863148633
6535.25,192155.9016828929,278399.075,18410.754915962167
6540.25,192310.9427996175,278603.825,18524.916624660556
6545.25,192465.9839163421,278609.25,18321.250584021276
6550.25,192621.02503306672,278604.1,18724.953137191023
6555.25,192776.06614979132,278794.9,19134.79110586264
6560.25,192931.10726651593,278979.4,18716.749410354354
6565.25,193086.14838324054,279773.35,18688.929762428877
6570.25,193241.18949996514,279767.75,18816.33426773132
6575.25,193396.23061668975,279960.8,18527.546754360115
6580.25,193551.27173341435,280964.425,18282.143001454315
6585.25,193706.31285013896,281178.85,18460.61320765104
6590.25,193861.35396686356,281804.75,18165.557940784533
6595.25,194016.39508358817,281623.0,18191.267521464797
6600.25,194171.43620031278,281827.525,18666.744580754435
6605.25,194326.47731703738,282028.45,18839.39011081569
6610.25,194481.518433762,281817.675,18866.76748645949
6615.25,194636.5595504866,281998.575,18895.045103495388
6620.25,194791.6006672112,282380.15,18637.375376578642
6625.25,194946.6417839358,282358.35,19049.6301487063
6630.25,195101.6829006604,282943.3,18485.288684789317
6635.25,195256.72401738502,283542.65,18051.169123217478
6640.25,195411.76513410962,283932.775,18075.30557675651
6645.25,195566.80625083423,283920.2,18182.73071722177
6650.25,195721.84736755883,284310.775,18300.138531050114
6655.25,195876.88848428344,284498.875,18349.27748960773
6660.25,196031.92960100804,284484.95,18107.95906010669
6665.25,196186.97071773265,284466.075,18146.060519796716
6670.25,196342.01183445725,284638.2,17843.350787758445
6675.25,196497.05295118186,285423.15,18059.75002671687
6680.25,196652.09406790647,285821.375,18004.180055354507
6685.25,196807.13518463107,285627.475,18000.222485586808
6690.25,196962.17630135568,286039.2,18556.92928793716
6695.25,197117.21741808028,286045.075,18376.165412719405
6700.25,197272.2585348049,286243.075,18349.892365505173
6705.25,197427.2996515295,286644.9,18276.737131597096
6710.25,197582.3407682541,286647.175,18354.846175142
6715.25,197737.3818849787,286444.725,18370.320311051328
6720.25,197892.4230017033,286439.575,18187.295351443132
6725.25,198047.46411842792,286638.7,17787.074428078387
6730.25,198202.50523515252,286847.725,17379.58084270518
6735.25,198357.54635187713,287056.3,17698.465048839687
6740.25,198512.58746860173,287465.1,17409.34187232533
6745.25,198667.62858532634,287268.5,17420.92462995291
6750.25,198822.66970205095,287665.375,17480.95721644341
6755.25,198977.71081877555,288272.375,18307.661420922253
6760.25,199132.75193550016,288282.525,18127.590237139215
6765.25,199287.79305222476,288681.875,18414.100131505882
6770.25,199442.83416894937,288484.375,18440.582542062628
6775.25,199597.87528567397,288677.2,18243.921436604578
6780.25,199752.91640239858,288660.575,18251.533434909652
6785.25,199907.95751912319,289047.55,17919.076728029268
6790.25,200062.9986358478,289021.7,17748.51918675189
6795.25,200218.0397525724,289191.575,17877.019655849377
6800.25,200373.080869297,289361.45,18053.602955089045
6805.25,200528.1219860216,289321.65,18042.992992502655
6810.25,200683.1631027462,289893.325,17847.27384471155
6815.25,200838.20421947082,289867.925,17959.967685817952
6820.25,200993.24533619542,290239.825,17595.327487379283
6825.25,201148.28645292003,290827.925,18309.50527357648
6830.25,201303.32756964464,291017.6,18505.726841372645
6835.25,201458.36868636924,291617.85,18347.95328544849
6840.25,201613.40980309385,292239.25,18434.58836297952
6845.25,201768.45091981845,292456.825,18226.638262461485
6850.25,201923.49203654306,292472.825,17995.099364497128
6855.25,202078.53315326766,292891.3,17583.189062923142
6860.25,202233.57426999227,292913.6,17299.322647216566
6865.25,202388.61538671688,293333.875,17488.463735506473
6870.25,202543.65650344148,293752.575,17348.057998681725
6875.25,202698.6976201661,293770.825,17303.298880578383
6880.25,202853.7387368907,293780.975,17654.25306316087
6885.25,203008.7798536153,293980.325,17956.27070867236
6890.25,203163.8209703399,293992.05,17779.769076396915
6895.25,203318.8620870645,293801.975,17793.23451464418
6900.25,203473.90320378912,293806.275,17914.84377389669
6905.25,203628.94432051372,294013.95,17760.775186066625
6910.25,203783.98543723833,294831.975,18522.764062583232
6915.25,203939.02655396293,294642.8,18545.225140113558
6920.25,204094.06767068754,294637.65,18953.043986784814
6925.25,204249.10878741214,294425.75,18981.266940723424
6930.25,204404.14990413675,294197.875,19007.02802723574
6935.25,204559.19102086136,293957.175,19044.17633295347
6940.25,204714.23213758596,294310.4,19295.793616485433
6945.25,204869.27325431057,294865.425,19371.371030160073
6950.25,205024.31437103517,295027.65,19540.345916909966
6955.25,205179.35548775978,295596.4,19631.0403758945
6960.25,205334.39660448438,296180.0,19155.55031152851
6965.25,205489.437721209,296357.975,19868.149859275396
6970.25,205644.4788379336,296537.525,19370.086820420423
6975.25,205799.5199546582,296707.4,19329.049039334554
6980.25,205954.5610713828,296481.325,19352.869161977636
6985.25,206109.6021881074,296655.925,19515.53011771971
6990.25,206264.64330483202,296637.05,19384.754675646527
6995.25,206419.68442155662,296623.35,19162.947974280993
7000.25,206574.72553828123,297210.55,19273.29560162195
7005.25,206729.76665500583,296996.4,19285.664853784536
7010.25,206884.80777173044,298177.75,19448.03629482936
7015.25,207039.84888845505,298575.75,19529.53331783686
7020.25,207194.89000517965,299172.175,19802.98456989817
7025.25,207349.93112190426,298966.35,19840.92929659546
7030.25,207504.97223862886,299156.25,19686.105346474706
7035.25,207660.01335535347,299534.45,20111.68647260841
7040.25,207815.05447207807,299514.0,19968.267194163345
7045.25,207970.09558880268,299700.075,20197.38290876135
7050.25,208125.1367055273,299476.25,20204.973750292276
7055.25,208280.1778222519,299442.75,20035.831300135764
7060.25,208435.2189389765,299409.25,19882.445600013598
7065.25,208590.2600557011,299578.225,19832.902408450587
7070.25,208745.3011724257,299949.225,19134.5199973928
7075.25,208900.3422891503,300338.45,19208.41483595146
7080.25,209055.38340587492,301134.2,18609.916036148577
7085.25,209210.42452259953,300943.675,18565.02306154304
7090.25,209365.46563932413,300948.425,18910.583415791934
7095.25,209520.50675604874,300748.45,18878.945630251706
7100.25,209675.54787277334,300941.725,18956.697898912273
7105.25,209830.58898949795,300935.9,18719.869050423404
7110.25,209985.63010622255,301125.125,19377.534390773893
7115.25,210140.67122294716,301320.65,19421.329691282725
7120.25,210295.71233967177,301928.775,18882.856187045036
7125.25,210450.75345639637,301947.25,18630.785385015308
7130.25,210605.79457312098,302152.675,18741.025314817354
7135.25,210760.83568984558,302159.225,18648.17704443587
7140.25,210915.8768065702,302368.025,18644.759173977684
7145.25,211070.9179232948,302173.225,18637.198267326152
7150.25,211225.9590400194,301971.675,18624.760196459578
7155.25,211381.000156744,302373.275,18449.805448313673
7160.25,211536.0412734686,302579.15,18338.11930078982
7165.25,211691.08239019322,303794.025,18437.12925812001
7170.25,211846.12350691782,304030.5,18862.591253589737
7175.25,212001.16462364243,304263.375,18713.519269918874
7180.25,212156.20574036703,304291.525,19032.380952093856
7185.25,212311.24685709164,304096.725,19042.76292697898
7190.25,212466.28797381624,304499.225,18928.472729412824
7195.25,212621.32909054085,304497.675,18905.230864449262
7200.25,212776.37020726546,304892.075,19449.232588668503
7205.25,212931.41132399006,305086.7,19614.766004148507
7210.25,213086.45244071467,305680.65,20051.9967513213
7215.25,213241.49355743927,305471.45,20078.088684807626
7220.25,213396.53467416388,305239.75,20114.28086273531
7225.25,213551.57579088848,304984.65,20167.355845276295
7230.25,213706.6169076131,305324.375,19737.347030518693
7235.25,213861.6580243377,305457.125,19876.277299600773
7240.25,214016.6991410623,305388.525,19778.08528095237
7245.25,214171.7402577869,306128.025,19892.454718890905
7250.25,214326.7813745115,306288.225,19721.107150224223
7255.25,214481.82249123612,306659.675,19522.593190983236
7260.25,214636.86360796072,307255.875,19840.92640517637
7265.25,214791.90472468533,307853.875,19969.369149478032
7270.25,214946.94584140994,308251.875,19728.28041773091
7275.25,215101.98695813454,308246.95,19574.109566848754
7280.25,215257.02807485915,308630.775,19569.57606574872
7285.25,215412.06919158375,309425.625,19736.858014021
7290.25,215567.11030830836,309225.2,19745.834579665152
7295.25,215722.15142503296,309428.825,19952.160503642834
7300.25,215877.19254175757,309636.725,19825.304132739682
7305.25,216032.23365848218,309847.1,19541.642700653392
7310.25,216187.27477520678,310264.0,19313.612214251894
7315.25,216342.3158919314,310677.3,19514.486175275022
7320.25,216497.357008656,311300.725,18932.52980337348
7325.25,216652.3981253806,311126.175,18901.604230874822
7330.25,216807.4392421052,311739.025,19400.423806404975
7335.25,216962.4803588298,311752.775,19779.864116523273
7340.25,217117.52147555441,311554.825,19775.586916716908
7345.25,217272.56259227902,311347.425,19764.621917725242
7350.25,217427.60370900363,311539.125,20567.13340540254
7355.25,217582.64482572823,312334.65,20803.34421559428
7360.25,217737.68594245284,312127.925,20817.96826963729
7365.25,217892.72705917744,312110.625,20651.89866188155
7370.25,218047.76817590205,312902.775,20467.38781649053
7375.25,218202.80929262665,312697.175,20457.82114132942
7380.25,218357.85040935126,312686.4,20447.06717698164
7385.25,218512.89152607587,312672.025,20275.515370284054
7390.25,218667.93264280047,312652.025,20354.380326925333
7395.25,218822.97375952508,312622.35,20208.676498041626
7400.25,218978.01487624968,313803.925,19982.738065968962
7405.25,219133.0559929743,313589.775,19976.092267836695
7410.25,219288.0971096989,313770.225,19822.058009150438
7415.25,219443.1382264235,314154.275,19381.566891782124
7420.25,219598.1793431481,314146.2,19141.718412540708
7425.25,219753.2204598727,314750.95,18946.217077823214
7430.25,219908.26157659732,314753.675,18749.346682634703
7435.25,220063.30269332192,315360.9,18343.588879428695
7440.25,220218.34381004653,315578.25,18699.73028381693
7445.25,220373.38492677113,316393.8,19027.86264363394
7450.25,220528.42604349574,316410.925,19103.27714753741
7455.25,220683.46716022035,316628.725,18791.93285177512
7460.25,220838.50827694495,316435.05,18782.930771647432
7465.25,220993.54939366956,316637.775,18791.85105486218
7470.25,221148.59051039416,317042.525,19390.06608564357
7475.25,221303.63162711877,316835.575,19406.997713469875
7480.25,221458.67274384337,316816.7,19728.20954870208
7485.25,221613.71386056798,317195.575,19465.801832011057
7490.25,221768.75497729258,317576.475,19360.78021557047
7495.25,221923.7960940172,317547.475,19481.04589127917
7500.25,222078.8372107418,317493.05,19445.10947024984
7505.25,222233.8783274664,317229.85,19459.626061155443
7510.25,222388.919444191,317363.5,19200.99474311162
7515.25,222543.9605609156,317304.575,19076.414850558922
7520.25,222699.00167764022,317241.375,18864.262611897266
7525.25,222854.04279436482,317383.35,18428.622835212074
7530.25,223009.08391108943,318335.225,17761.99417205526
7535.25,223164.12502781404,319520.85,17898.12224131347
7540.25,223319.16614453864,319918.85,17593.609715319937
7545.25,223474.20726126325,319926.3,17542.84363878901
7550.25,223629.24837798785,319931.05,17800.042073967128
7555.25,223784.28949471246,319929.275,17564.74193072944
7560.25,223939.33061143706,320130.425,17347.847705497217
7565.25,224094.37172816167,320540.125,17548.22981715321
7570.25,224249.41284488628,320349.6,17543.526271890154
7575.25,224404.45396161088,320564.25,17481.244173756626
7580.25,224559.4950783355,320779.35,17256.44432820678
7585.25,224714.5361950601,321593.325,17554.87666221626
7590.25,224869.5773117847,321812.925,17732.16808798701
7595.25,225024.6184285093,322023.525,18143.110615482256
7600.25,225179.6595452339,321825.575,18190.282220889952
7605.25,225334.70066195852,321815.7,18111.683769324154
7610.25,225489.74177868312,322398.625,17922.647977227723
7615.25,225644.78289540773,322575.25,17565.79507914458
7620.25,225799.82401213233,322554.8,17365.434120257403
7625.25,225954.86512885694,322532.1,17211.672102529727
7630.25,226109.90624558154,322500.625,17213.220213418088
7635.25,226264.94736230615,323065.55,17432.513921835827
7640.25,226419.98847903076,323435.875,17493.522347304017
7645.25,226575.02959575536,323606.65,18254.446689505545
7650.25,226730.07071247997,324171.35,18991.56807579353
7655.25,226885.11182920457,324344.375,18863.547782114718
7660.25,227040.15294592918,324320.325,18806.09339617415
7665.25,227195.19406265378,324697.85,18384.115330292618
7670.25,227350.2351793784,325690.9,18531.217312011642
7675.25,227505.276296103,325897.45,18321.978888004975
7680.25,227660.3174128276,326314.8,18586.14368010481
7685.25,227815.3585295522,326938.9,18158.315417185593
7690.25,227970.3996462768,327359.85,18103.570562598972
7695.25,228125.44076300142,327980.8,18330.84122790059
7700.25,228280.48187972602,328606.25,18046.637844415785
7705.25,228435.52299645063,328630.35,18054.86604879693
7710.25,228590.56411317523,328446.575,18063.49639433421
7715.25,228745.60522989984,328465.5,18045.475086223138
7720.25,228900.64634662445,328472.05,17807.73376717262
7725.25,229055.68746334905,328266.675,17807.215262727776
7730.25,229210.72858007366,328470.3,17669.367899984427
7735.25,229365.76969679826,328463.125,17721.097059807696
7740.25,229520.81081352287,328849.65,17331.48182542393
7745.25,229675.85193024747,329030.325,17681.54560800964
7750.25,229830.89304697208,329812.125,17062.39229498973
7755.25,229985.9341636967,330398.425,16798.24327163781
7760.25,230140.9752804213,331182.7,17583.315102960536
7765.25,230296.0163971459,331378.0,17826.237677227353
7770.25,230451.0575138705,331580.5,18545.112125908003
7775.25,230606.0986305951,331377.15,18554.737009453947
7780.25,230761.1397473197,331370.65,18531.55887101784
7785.25,230916.18086404432,331772.025,18849.08074464442
7790.25,231071.22198076893,331981.05,18650.076730003017
7795.25,231226.26309749353,332192.325,18627.599933985726
7800.25,231381.30421421814,332004.5,18645.051624693882
7805.25,231536.34533094274,332002.95,18651.677982087833
7810.25,231691.38644766735,332203.2,18672.6051981238
7815.25,231846.42756439195,333398.275,19385.57568156347
7820.25,232001.46868111656,333394.7,19221.660667005337
7825.25,232156.50979784116,333384.15,19184.288976008465
7830.25,232311.55091456577,333762.575,18838.375667785825
7835.25,232466.59203129038,333743.7,18732.699252176662
7840.25,232621.63314801498,333729.325,18706.918228308612
7845.25,232776.6742647396,334319.45,18826.66008277889
7850.25,232931.7153814642,334714.975,18951.888228633714
7855.25,233086.7564981888,334699.925,19419.573829982084
7860.25,233241.7976149134,335080.825,18983.48328944467
7865.25,233396.838731638,335470.95,19334.477802878464
7870.25,233551.87984836262,335260.175,19386.234881691827
7875.25,233706.92096508722,335047.6,19440.408055516735
7880.25,233861.96208181183,334827.6,19500.496394066486
7885.25,234017.00319853643,335013.9,19417.121526889612
7890.25,234172.04431526104,335410.325,19833.409584287947
7895.25,234327.08543198564,335609.45,19906.751389855148
7900.25,234482.12654871025,336026.35,20077.01823889693
7905.25,234637.16766543486,336040.325,20152.00228204694
7910.25,234792.20878215946,336643.95,19599.72633252822
7915.25,234947.24989888407,337041.95,19061.760831832926
7920.25,235102.29101560867,336840.4,19090.154670405373
7925.25,235257.33213233328,337235.925,18994.960380338387
7930.25,235412.37324905788,337814.125,19758.64103128363
7935.25,235567.4143657825,337988.275,19439.166157994663
7940.25,235722.4554825071,337969.175,19226.349257935708
7945.25,235877.4965992317,338151.875,19306.3840675986
7950.25,236032.5377159563,338119.725,19336.46234205277
7955.25,236187.5788326809,338075.2,19218.673421571013
7960.25,236342.61994940552,338030.225,19625.76862267119
7965.25,236497.66106613012,338187.05,19289.93970402707
7970.25,236652.70218285473,338963.225,19186.686249991817
7975.25,236807.74329957934,338953.575,19150.611487642505
7980.25,236962.78441630394,339148.425,19158.345430924484
7985.25,237117.82553302855,339340.575,19811.20987567708
7990.25,237272.86664975315,339322.6,20087.1928094744
7995.25,237427.90776647776,339706.65,19879.004888386644
8000.25,237582.94888320236,339688.675,19628.728104824444
8005.25,237737.98999992697,340469.575,19865.36941704395
8010.25,237893.03111665157,340268.025,19870.518958198474
8015.25,238048.07223337618,340264.225,19918.925054282547
8020.25,238203.1133501008,340651.875,20160.635739991558
8025.25,238358.1544668254,340843.125,20281.131575386145
8030.25,238513.19558355,341240.675,20304.24431370508
8035.25,238668.2367002746,341228.55,20210.66886071562
8040.25,238823.2778169992,341624.525,20471.055397026434
8045.25,238978.31893372381,341838.95,20114.184959500595
8050.25,239133.36005044842,342072.05,20487.564066647847
8055.25,239288.40116717303,342299.3,20410.442635695093
8060.25,239443.44228389763,342323.85,20427.72600970309
8065.25,239598.48340062224,342948.175,20213.090076436234
8070.25,239753.52451734684,342752.925,20227.299713212462
8075.25,239908.56563407145,342946.65,20225.752577839965
8080.25,240063.60675079605,342940.825,19951.98150499406
8085.25,240218.64786752066,342935.9,20014.23886361907
8090.25,240373.68898424527,343127.6,19484.528456637076
8095.25,240528.73010096987,343512.775,19574.868849640476
8100.25,240683.77121769448,343496.15,19476.97749626466
8105.25,240838.81233441908,343478.4,19366.88327086989
8110.25,240993.8534511437,343253.9,19373.83448049198
8115.25,241148.8945678683,343027.375,19382.003099928166
8120.25,241303.9356845929,344010.75,20013.59048184508
8125.25,241458.9768013175,344205.825,20019.037949240344
8130.25,241614.0179180421,344403.15,19718.216886676135
8135.25,241769.05903476672,344813.525,19681.83269872562
8140.25,241924.10015149132,344821.425,19760.48323613633
8145.25,242079.14126821593,345030.45,20016.880134588908
8150.25,242234.18238494053,345645.325,19688.54354505749
8155.25,242389.22350166514,345662.225,19595.622619749163
8160.25,242544.26461838975,346274.175,19511.010217006322
8165.25,242699.30573511435,346487.025,19168.637884396612
8170.25,242854.34685183896,346482.55,19150.77467584536
8175.25,243009.38796856356,346485.275,18926.11404628866
8180.25,243164.42908528817,346287.55,18946.43584945464
8185.25,243319.47020201277,346677.9,19299.248384069262
8190.25,243474.51131873738,347279.95,19486.24673962382
8195.25,243629.55243546198,347084.475,19509.872079747856
8200.25,243784.5935521866,347083.15,19814.2937671268
8205.25,243939.6346689112,347064.5,19797.00296162275
8210.25,244094.6757856358,347629.425,19496.368999781087
8215.25,244249.7169023604,348208.3,19107.38919070316
8220.25,244404.758019085,349196.4,18971.51960215628
8225.25,244559.79913580962,349583.375,18508.503662928157
8230.25,244714.84025253422,349569.9,18754.131321591518
8235.25,244869.88136925883,349551.475,18521.462619907343
8240.25,245024.92248598344,350736.65,18492.484646877496
8245.25,245179.96360270804,350931.725,18934.907992729328
8250.25,245335.00471943265,350715.55,18930.72710694177
8255.25,245490.04583615725,350897.125,18640.186541197087
8260.25,245645.08695288186,351075.325,18693.853436039477
8265.25,245800.12806960646,351048.35,18627.520722441837
8270.25,245955.16918633107,351220.925,18413.62037156531
8275.25,246110.21030305568,351596.425,18353.331774861068
8280.25,246265.25141978028,351979.35,18632.227200538855
8285.25,246420.2925365049,352568.35,18412.120531120254
8290.25,246575.3336532295,352564.325,18339.49945031557
8295.25,246730.3747699541,352752.2,18592.56381655042
8300.25,246885.4158866787,352939.85,18856.40408694086
8305.25,247040.4570034033,352922.775,18777.22980881698
8310.25,247195.49812012792,353106.15,19281.92564916689
8315.25,247350.53923685252,353291.1,20030.431990224275
8320.25,247505.58035357713,353272.45,19997.548466874636
8325.25,247660.62147030173,353452.0,19873.350488153726
8330.25,247815.66258702634,353431.325,20225.593921146665
8335.25,247970.70370375094,353404.125,20200.19345119311
8340.25,248125.74482047555,353170.85,20232.19735940711
8345.25,248280.78593720015,353933.975,19798.936974447013
8350.25,248435.82705392476,353902.5,19579.466938606885
8355.25,248590.86817064937,353876.875,19523.530290155646
8360.25,248745.90928737397,354260.025,19043.851726492332
8365.25,248900.95040409858,354447.0,19162.805778382248
8370.25,249055.99152082318,354638.025,18948.907359149365
8375.25,249211.0326375478,354829.725,18863.558515180135
8380.25,249366.0737542724,355202.525,18900.740360647913
8385.25,249521.114870997,355777.35,18411.37367301799
8390.25,249676.1559877216,355945.2,18700.460297409794
8395.25,249831.1971044462,356122.5,18982.872328101457
8400.25,249986.23822117082,356507.0,19148.94913304644
8405.25,250141.27933789542,356887.675,18681.36929940161
8410.25,250296.32045462003,357284.325,19409.974947192102
8415.25,250451.36157134463,357689.3,19856.90674072878
8420.25,250606.40268806924,357899.225,19441.876964895262
8425.25,250761.44380479385,357914.1,19429.073243852883
8430.25,250916.48492151845,357924.25,19271.82260419341
8435.25,251071.52603824306,358130.8,19487.537583607118
8440.25,251226.56715496766,358545.675,19228.489600736324
8445.25,251381.60827169227,358564.15,19117.490549951894
8450.25,251536.64938841687,359600.625,18629.20600268903
8455.25,251691.69050514148,360042.275,19375.205063253525
8460.25,251846.73162186609,359866.825,19389.418246188434
8465.25,252001.7727385907,359881.7,19417.700294061604
8470.25,252156.8138553153,359886.675,19466.593867138774
8475.25,252311.8549720399,360089.4,19856.03993411073
8480.25,252466.8960887645,359889.65,19885.581135649518
8485.25,252621.9372054891,360083.825,20173.393043824457
8490.25,252776.97832221372,360679.35,20214.724795987207
8495.25,252932.01943893833,360472.85,20246.48488756752
8500.25,253087.06055566293,361269.05,20660.37962435589
8505.25,253242.10167238754,361881.225,20389.025372259093
8510.25,253397.14278911214,361678.325,20412.8657426052
8515.25,253552.18390583675,361460.35,20440.40638239612
8520.25,253707.22502256135,361840.35,20589.945699964825
8525.25,253862.26613928596,361806.175,20421.070324253942
8530.25,254017.30725601056,361970.65,20712.711637180684
8535.25,254172.34837273517,362146.375,20426.101476496315
8540.25,254327.38948945978,362721.65,20419.832731072995
8545.25,254482.43060618438,362911.55,20469.341662532774
8550.25,254637.471722909,362903.025,20382.484933285858
8555.25,254792.5128396336,362890.675,20403.766587951966
8560.25,254947.5539563582,363277.2,20566.321682486152
8565.25,255102.5950730828,363254.725,20967.792533863096
8570.25,255257.6361898074,364230.45,20677.84566655821
8575.25,255412.67730653202,364215.85,20955.268884936788
8580.25,255567.71842325662,364198.1,20916.500838512642
8585.25,255722.75953998123,364388.225,20715.378543020277
8590.25,255877.80065670583,364570.25,20363.20111991236
8595.25,256032.84177343044,364561.5,20052.803984106562
8600.25,256187.88289015504,364965.125,19682.58369639578
8605.25,256342.92400687965,365164.7,19487.869508619973
8610.25,256497.96512360426,365164.725,19389.739622236422
8615.25,256653.00624032886,365572.85,19774.758883549
8620.25,256808.04735705347,366380.3,19608.53637857757
8625.25,256963.08847377807,367003.725,19504.72833713982
8630.25,257118.12959050268,367035.475,19789.174588158672
8635.25,257273.17070722728,367865.65,19794.085155735287
8640.25,257428.2118239519,367697.625,19776.172439090053
8645.25,257583.2529406765,367921.05,20123.02114240056
8650.25,257738.2940574011,367939.525,20524.86866780455
8655.25,257893.3351741257,368149.675,20611.105123831305
8660.25,258048.3762908503,368360.05,20478.126242957387
8665.25,258203.41740757492,368568.85,20368.031370323937
8670.25,258358.45852429952,368584.625,20239.05520684266
8675.25,258513.49964102413,368794.55,20034.861752018653
8680.25,258668.54075774873,368807.625,20031.957968846305
8685.25,258823.58187447334,369025.65,19835.61544488852
8690.25,258978.62299119795,369234.9,19516.11510079555
8695.25,259133.66410792255,369231.1,19799.248631955707
8700.25,259288.70522464716,369609.3,19522.316283486958
8705.25,259443.74634137176,369971.975,19438.960054633193
8710.25,259598.78745809637,370139.6,19804.22193693809
8715.25,259753.82857482097,370508.8,19917.05446181739
8720.25,259908.86969154558,370474.85,19942.239870185094
8725.25,260063.9108082702,370226.95,19953.304179320778
8730.25,260218.9519249948,371784.45,20290.72290875808
8735.25,260373.9930417194,372148.925,20256.254353918077
8740.25,260529.034158444,372318.35,19997.09832425695
8745.25,260684.0752751686,372895.2,19590.04164677809
8750.25,260839.1163918932,372878.35,19652.580891959205
8755.25,260994.15750861782,372854.3,19422.39214566527
8760.25,261149.19862534243,372829.125,19200.438190393597
8765.25,261304.23974206703,373004.625,19053.302708208492
8770.25,261459.28085879164,373174.5,19148.945028055725
8775.25,261614.32197551624,373548.65,18955.66190521977
8780.25,261769.36309224085,373533.825,18808.54465796397
8785.25,261924.40420896545,374526.425,18698.100765201398
8790.25,262079.44532569006,374318.125,18686.353080272915
8795.25,262234.486442415,374499.475,18484.590895679165
8800.25,262389.5275591402,374264.625,18469.30027344363
8805.25,262544.56867586536,374829.1,18699.189503892943
8810.25,262699.60979259055,375201.9,18545.94242725346
8815.25,262854.65090931574,375581.0,18526.700387211426
8820.25,263009.6920260409,376189.8,18096.582376515184
8825.25,263164.7331427661,376205.125,17806.738346497514
8830.25,263319.7742594913,376415.275,17693.28160893634
8835.25,263474.8153762165,376825.875,17361.623204373056
8840.25,263629.8564929417,377238.5,17894.70555848852
8845.25,263784.89760966686,377446.625,17820.469927603623
8850.25,263939.93872639205,377453.4,17839.951117926303
8855.25,264094.97984311724,377659.05,18037.863924533856
8860.25,264250.0209598424,377656.375,17908.60130818778
8865.25,264405.0620765676,377846.95,18188.109129937064
8870.25,264560.1031932928,377827.175,18076.669362416436
8875.25,264715.144310018,378204.475,18356.231419278985
8880.25,264870.1854267432,378175.475,18461.48354156905
8885.25,265025.22654346836,378342.875,18797.36786469385
8890.25,265180.26766019355,378313.875,18926.21958529027
8895.25,265335.30877691874,379091.625,18616.87259995956
8900.25,265490.3498936439,379466.675,17997.777889593064
8905.25,265645.3910103691,379643.975,18112.842330253556
8910.25,265800.4321270943,379825.55,18566.96417289321
8915.25,265955.4732438195,379800.15,18474.818778948822
8920.25,266110.5143605447,380167.325,18505.52390640765
8925.25,266265.55547726987,380546.425,18243.89668116779
8930.25,266420.59659399505,381137.45,18206.409507299893
8935.25,266575.63771072024,381543.775,18257.440732291176
8940.25,266730.67882744543,382361.35,18262.18426667522
8945.25,266885.7199441706,382172.175,18303.733873533154
8950.25,267040.7610608958,382378.275,18598.283588630566
8955.25,267195.802177621,382375.6,18900.566179416426
8960.25,267350.8432943462,382169.325,18956.458950727716
8965.25,267505.88441107137,382154.5,18736.86392282604
8970.25,267660.92552779656,382543.725,18658.838201858256
8975.25,267815.96664452174,382527.775,18714.07117667412
8980.25,267971.00776124693,382912.95,18499.89694491567
8985.25,268126.0488779721,382697.45,18512.715167486913
8990.25,268281.0899946973,382671.825,18346.059898194082
8995.25,268436.1311114225,382644.85,18162.384737142864
9000.25,268591.1722281477,383004.6,18526.50320527325
9005.25,268746.2133448729,383369.075,18656.551308806378
9010.25,268901.25446159806,383747.725,18964.081528461244
9015.25,269056.29557832325,384330.875,18870.703187828614
9020.25,269211.33669504843,384324.6,19129.319823637223
9025.25,269366.3778117736,384719.9,18716.17921552099
9030.25,269521.4189284988,385131.4,18282.71236311779
9035.25,269676.460045224,385948.525,18960.481393034963
9040.25,269831.5011619492,385769.925,18938.696688938893
9045.25,269986.5422786744,386192.225,18880.954902841248
9050.25,270141.58339539956,386410.025,18980.056690658883
9055.25,270296.62451212475,386426.475,18877.44049667817
9060.25,270451.66562884994,386441.35,19285.5500615746
9065.25,270606.7067455751,386251.5,19292.596507792827
9070.25,270761.7478623003,386252.875,19712.058655569817
9075.25,270916.7889790255,386856.725,19688.374893401564
9080.25,271071.8300957507,387062.825,19530.162561743437
9085.25,271226.8712124759,387058.575,19399.007733982813
9090.25,271381.91232920106,387043.975,19350.55516143206
9095.25,271536.95344592625,387222.4,18971.42385872763
9100.25,271691.99456265144,386988.675,18986.2683320242
9105.25,271847.0356793766,387153.825,19483.69125514016
9110.25,272002.0767961018,387320.1,19480.225934328893
9115.25,272157.117912827,387086.15,19510.41063419732
9120.25,272312.1590295522,387249.275,20264.347475446255
9125.25,272467.2001462774,387610.6,20212.370783507806
9130.25,272622.24126300256,388371.475,20861.663267357784
9135.25,272777.28237972775,388737.3,20607.82191844883
9140.25,272932.32349645294,389112.35,20489.683752195884
9145.25,273087.3646131781,389300.675,20411.500878502906
9150.25,273242.4057299033,389281.35,20222.9007202231
9155.25,273397.4468466285,389260.9,20108.9435989313
9160.25,273552.4879633537,389444.5,20045.75558503595
9165.25,273707.5290800789,389838.225,20236.375032490996
9170.25,273862.57019680407,389845.675,20314.92180395054
9175.25,274017.61131352925,390258.75,20481.10717191578
9180.25,274172.65243025444,390874.75,20757.372476423887
9185.25,274327.69354697963,390889.175,20732.246954940147
9190.25,274482.7346637048,391094.15,20617.5799805045
9195.25,274637.77578043,391495.975,20436.662826110456
9200.25,274792.8168971552,391700.5,20262.20450493973
9205.25,274947.8580138804,391911.1,20475.07122856963
9210.25,275102.89913060557,391917.2,20323.392840763572
9215.25,275257.94024733076,392120.825,20391.65138391506
9220.25,275412.98136405594,392314.55,20713.709083841066
9225.25,275568.02248078113,392102.2,20719.989756814557
9230.25,275723.0635975063,392694.35,21005.693420832362
9235.25,275878.1047142315,392898.2,20575.991197813535
9240.25,276033.1458309567,393101.375,20823.368167833105
9245.25,276188.1869476819,393305.675,20786.032057324577
9250.25,276343.22806440707,393918.75,21043.43191918799
9255.25,276498.26918113226,394130.7,21401.513047796412
9260.25,276653.31029785745,394544.675,21083.198043124885
9265.25,276808.35141458263,394556.85,21158.519138930777
9270.25,276963.3925313078,394754.625,20947.713729441337
9275.25,277118.433648033,395151.275,20754.73837658825
9280.25,277273.4747647582,395549.05,21266.958579213908
9285.25,277428.5158814834,395342.55,21293.07724026755
9290.25,277583.5569982086,395945.5,21592.014562680342
9295.25,277738.59811493376,396136.975,21197.47377945365
9300.25,277893.63923165895,396128.225,21241.821717560502
9305.25,278048.68034838414,395914.75,21253.31453179715
9310.25,278203.7214651093,396100.375,21275.922685705667
9315.25,278358.7625818345,396474.075,21563.039002553072
9320.25,278513.8036985597,396454.075,21293.26738139605
9325.25,278668.8448152849,396437.0,21621.230363927025
9330.25,278823.8859320101,396428.025,21488.997026225425
9335.25,278978.92704873526,396815.45,21689.961858484214
9340.25,279133.96816546045,397009.175,21313.839876371996
9345.25,279289.00928218564,397007.175,21058.250165923688
9350.25,279444.0503989108,397001.575,21089.485834192947
9355.25,279599.091515636,396997.1,20959.706205061655
9360.25,279754.1326323612,396990.6,20792.38999225438
9365.25,279909.1737490864,397375.1,20623.266996950315
9370.25,280064.2148658116,397976.025,20651.730328367765
9375.25,280219.25598253676,398193.15,20380.41426688869
9380.25,280374.29709926195,398207.575,20281.325132695965
9385.25,280529.33821598714,398223.35,20290.41977793954
9390.25,280684.3793327123,398026.075,20245.954432012462
9395.25,280839.4204494375,398633.75,20516.276954225883
9400.25,280994.4615661627,398647.275,20554.641766657598
9405.25,281149.5026828879,399052.925,21145.832404710978
9410.25,281304.5437996131,399257.225,20955.20858624712
9415.25,281459.58491633827,399470.975,21421.159761276347
9420.25,281614.62603306345,399678.425,21087.278965364996
9425.25,281769.66714978864,399685.65,20969.463581360396
9430.25,281924.70826651383,399685.225,20904.29210965119
9435.25,282079.749383239,400492.9,21123.860779992374
9440.25,282234.7904999642,400702.375,21526.803128382184
9445.25,282389.8316166894,400915.675,21584.31389488962
9450.25,282544.8727334146,400732.575,21647.46160322556
9455.25,282699.91385013977,400941.6,21981.720778922197
9460.25,282854.95496686496,401151.525,21906.55287021728
9465.25,283009.99608359014,401160.775,21959.500359881255
9470.25,283165.03720031533,401363.95,22070.960871074465
9475.25,283320.0783170405,402168.25,21307.119396166625
9480.25,283475.1194337657,401965.8,21349.76122255235
9485.25,283630.1605504909,401750.3,21396.34402438884
9490.25,283785.2016672161,402119.5,21139.910270623193
9495.25,283940.24278394127,401879.7,21162.070730672836
9500.25,284095.28390066646,402030.45,21220.705236808226
9505.25,284250.32501739165,402193.575,20979.964276378665
9510.25,284405.36613411683,401954.9,21001.385276988276
9515.25,284560.407250842,402308.125,21461.242096582504
9520.25,284715.4483675672,402674.175,21118.520120397287
9525.25,284870.4894842924,403456.65,20540.668588862925
9530.25,285025.5306010176,403854.425,20609.342910149393
9535.25,285180.5717177428,404047.925,20845.96792129416
9540.25,285335.61283446796,403836.475,20836.916215712557
9545.25,285490.65395119315,404237.4,21405.118497160904
9550.25,285645.69506791834,404449.575,21342.799483388422
9555.25,285800.7361846435,404457.25,21344.51259721102
9560.25,285955.7773013687,404259.75,21325.01030509716
9565.25,286110.8184180939,404657.75,21425.481073945575
9570.25,286265.8595348191,404458.675,21388.70998858101
9575.25,286420.9006515443,404258.025,21353.24869617326
9580.25,286575.94176826946,404654.225,21152.461760528608
9585.25,286730.98288499465,405258.975,21786.34201554095
9590.25,286886.02400171984,405674.075,21550.387680402062
9595.25,287041.065118445,406496.375,20625.67990523282
9600.25,287196.1062351702,406924.3,21346.368713671185
9605.25,287351.1473518954,407144.575,21081.730230240235
9610.25,287506.1884686206,407362.6,20906.48136170934
9615.25,287661.2295853458,407175.0,20888.24506959596
9620.25,287816.27070207096,407166.475,20888.981367712142
9625.25,287971.31181879615,407350.075,21085.57730714587
9630.25,288126.35293552134,407532.775,21482.321835188697
9635.25,288281.3940522465,407910.075,21637.417201762437
9640.25,288436.4351689717,408702.9,20984.960537608833
9645.25,288591.4762856969,408706.75,20862.632673934037
9650.25,288746.5174024221,408711.5,20829.670518877632
9655.25,288901.5585191473,408916.25,20742.785760355335
9660.25,289056.59963587247,409111.775,20884.982401671423
9665.25,289211.64075259765,409093.575,20740.380220131574
9670.25,289366.68186932284,409470.2,20877.106232904982
9675.25,289521.72298604803,409457.85,20760.608709825927
9680.25,289676.7641027732,409436.275,20535.071444193345
9685.25,289831.8052194984,410229.1,20336.340533082643
9690.25,289986.8463362236,410628.225,19925.595235917674
9695.25,290141.8874529488,411036.8,20230.1810724101
9700.25,290296.92856967397,411850.325,20490.78519726916
9705.25,290451.96968639916,412068.125,20430.501554125512
9710.25,290607.01080312434,412069.05,20373.23495692326
9715.25,290762.05191984953,412671.55,20577.134959950086
9720.25,290917.0930365747,413691.15,20090.802124417532
9725.25,291072.1341532999,413508.95,20080.654850751256
9730.25,291227.1752700251,413315.275,20062.724524117482
9735.25,291382.2163867503,413114.625,20032.92767771663
9740.25,291537.25750347547,413517.125,20740.648925554982
9745.25,291692.29862020066,413522.775,20754.811355879025
9750.25,291847.33973692585,413722.8,20815.40665793008
9755.25,292002.38085365103,414317.425,20865.8824094651
9760.25,292157.4219703762,414726.45,20542.998284938836
9765.25,292312.4630871014,414733.9,20268.888429746217
9770.25,292467.5042038266,414747.425,20329.856360796675
9775.25,292622.5453205518,414972.425,20531.962361173006
9780.25,292777.586437277,414996.525,20890.79723569986
9785.25,292932.62755400216,414800.15,20889.413265814816
9790.25,293087.66867072735,415184.2,20838.55640357556
9795.25,293242.70978745254,415373.2,20686.557957946992
9800.25,293397.7509041777,415762.65,20898.58990524241
9805.25,293552.7920209029,416348.275,21070.701523813226
9810.25,293707.8331376281,416543.125,20945.49127713707
9815.25,293862.8742543533,416939.55,21153.51778304261
9820.25,294017.9153710785,416725.625,21166.479006984722
9825.25,294172.95648780366,416897.3,20866.547460828304
9830.25,294327.99760452885,416867.625,21202.89580023505
9835.25,294483.03872125404,416826.7,21065.195947581404
9840.25,294638.0798379792,417186.0,21163.93829548272
9845.25,294793.1209547044,417146.875,21542.43765751975
9850.25,294948.1620714296,417318.55,21454.83766245972
9855.25,295103.2031881548,417494.5,21160.3745276401
9860.25,295258.24430488,417871.575,21434.643708564996
9865.25,295413.28542160516,418053.375,21049.729343642997
9870.25,295568.32653833035,418436.975,20799.96305388846
9875.25,295723.36765505554,419425.525,20519.33971874156
9880.25,295878.4087717807,419620.6,20744.99190021534
9885.25,296033.4498885059,420023.775,20625.74116045591
9890.25,296188.4910052311,420432.35,20409.82458345735
9895.25,296343.5321219563,420438.45,20304.756669558985
9900.25,296498.5732386815,420230.375,20316.01555369864
9905.25,296653.61435540667,420020.95,20328.510094138725
9910.25,296808.65547213185,419999.15,20258.285031129857
9915.25,296963.69658885704,420379.15,20517.4158275354
9920.25,297118.7377055822,420360.725,20269.16198084235
9925.25,297273.7788223074,421143.2,19962.27099831079
9930.25,297428.8199390326,421132.875,19834.644831156544
9935.25,297583.8610557578,421112.65,19735.088676073894
9940.25,297738.902172483,421488.825,20012.00324150796
9945.25,297893.94328920817,421471.75,19773.3105213821
9950.25,298048.98440593336,421659.175,19781.807570356785
9955.25,298204.02552265854,422846.825,19131.015726775327
9960.25,298359.06663938373,422851.35,19059.643535884923
9965.25,298514.1077561089,422848.0,19115.684182759454
9970.25,298669.1488728341,422828.0,18979.549127284346
9975.25,298824.1899895593,423204.4,19081.565896238702
9980.25,298979.2311062845,422979.9,19108.325453908827
9985.25,299134.27222300967,422751.8,19135.196579471034
9990.25,299289.31333973486,423532.475,18943.96213851857
9995.25,299444.35445646005,424130.25,18694.631469689368
10000.25,299599.39557318523,423928.025,18713.60864967324
10005.25,299754.4366899104,424117.25,19081.051683214424
10010.25,299909.4778066356,424909.625,19244.484749613977
10015.25,300064.5189233608,425107.4,19549.901369380357
10020.25,300219.560040086,425095.95,19612.89737768237
10025.25,300374.6011568112,425286.525,19444.080818609684
10030.25,300529.64227353636,425880.925,20200.61302660454
10035.25,300684.68339026155,425667.225,20229.7251218504
10040.25,300839.72450698673,425649.7,20272.6754283321
10045.25,300994.7656237119,425428.575,20289.20793982912
10050.25,301149.8067404371,426415.325,20147.043657522685
10055.25,301304.8478571623,426604.55,20397.089916762634
10060.25,301459.8889738875,426570.15,20334.43944770792
10065.25,301614.9300906127,426939.35,20168.887730301343
10070.25,301769.97120733786,426914.625,20079.03118935585
10075.25,301925.01232406305,427076.85,20006.45581843521
10080.25,302080.05344078824,426843.35,20005.970824106487
10085.25,302235.0945575134,427426.05,20596.739336239607
10090.25,302390.1356742386,427620.225,20466.184594181814
10095.25,302545.1767909638,427620.025,20890.650759505435
10100.25,302700.217907689,428027.925,21485.50453883094
10105.25,302855.2590244142,428230.2,21395.147936740235
10110.25,303010.30014113936,428641.025,21349.024225491547
10115.25,303165.34125786455,429061.525,21191.54900645833
10120.25,303320.38237458974,429286.075,20820.406680421132
10125.25,303475.4234913149,429501.4,20838.728764070518
10130.25,303630.4646080401,429710.875,21100.45558075998
10135.25,303785.5057247653,429914.5,20965.8964046377
10140.25,303940.5468414905,430122.85,20884.301336829536
10145.25,304095.5879582157,429935.025,20903.845236418227
10150.25,304250.62907494087,430549.225,21167.22436293018
10155.25,304405.67019166605,430765.0,20816.13938330064
10160.25,304560.71130839124,430781.9,20768.302308506103
10165.25,304715.7524251164,431002.625,20663.808812223488
10170.25,304870.7935418416,431424.925,20230.90028275126
10175.25,305025.8346585668,431439.575,20272.097647089337
10180.25,305180.875775292,431851.3,20230.24559069909
10185.25,305335.9168920172,432055.825,20986.05440258185
10190.25,305490.95800874237,432656.975,21521.290415670363
10195.25,305645.99912546756,432663.3,21537.787113814644
10200.25,305801.04024219274,432663.325,21299.4952264279
10205.25,305956.08135891793,432669.875,21329.48612111002
10210.25,306111.1224756431,432663.15,21084.178031820447
10215.25,306266.1635923683,432633.475,20950.07815213645
10220.25,306421.2047090935,432814.825,21689.844981018767
10225.25,306576.2458258187,433011.025,22053.737705729724
10230.25,306731.28694254387,433619.375,21746.03534246243
10235.25,306886.32805926906,434034.7,21301.74084400146
10240.25,307041.36917599424,434253.85,21383.076914408273
10245.25,307196.41029271943,434271.65,21732.87872533227
10250.25,307351.4514094446,434890.35,22031.157981708544
10255.25,307506.4925261698,434900.5,22096.471749750006
10260.25,307661.533642895,435104.35,22520.216442454544
10265.25,307816.5747596202,435109.775,22293.785695359707
10270.25,307971.6158763454,435293.6,22337.43085669209
10275.25,308126.65699307056,435683.275,21928.011518503565
10280.25,308281.69810979575,435869.575,21777.342472180233
10285.25,308436.73922652093,436262.625,22508.550121912005
10290.25,308591.7803432461,436664.675,22036.62463606042
10295.25,308746.8214599713,436670.325,21956.265910626174
10300.25,308901.8625766965,436470.575,21971.644436935643
10305.25,309056.9036934217,436463.4,21836.685125666394
10310.25,309211.9448101469,436847.0,21868.861934266264
10315.25,309366.98592687206,437224.975,21952.4916568285
10320.25,309522.02704359725,437197.55,21824.591628710947
10325.25,309677.06816032244,437366.525,22053.62831187025
10330.25,309832.1092770476,437948.1,21945.670829402778
10335.25,309987.1503937728,438744.975,21981.419023930757
10340.25,310142.191510498,438955.575,21889.93478577826
10345.25,310297.2326272232,439563.025,21635.61462769489
10350.25,310452.2737439484,439975.425,21495.892765843084
10355.25,310607.31486067356,440196.375,21386.949826427448
10360.25,310762.35597739875,440615.075,21984.327385392648
10365.25,310917.39709412394,440640.75,21899.78365389713
10370.25,311072.4382108491,440872.725,21775.449980841382
10375.25,311227.4793275743,440688.725,21781.922806667575
10380.25,311382.5204442995,441107.425,22045.14645960931
10385.25,311537.5615610247,441722.75,21389.81039829479
10390.25,311692.6026777499,441733.8,21367.651370646705
10395.25,311847.64379447507,441540.575,21341.595142482318
10400.25,312002.68491120025,441742.85,21249.414224926295
10405.25,312157.72602792544,442148.275,21059.829183023423
10410.25,312312.7671446506,442345.375,21436.84246025111
10415.25,312467.8082613758,442552.825,21202.135398955103
10420.25,312622.849378101,443173.325,21348.584594783442
10425.25,312777.8904948262,443591.35,20800.579224567282
10430.25,312932.9316115514,443601.725,20756.71788435313
10435.25,313087.97272827657,444020.425,21339.512142106832
10440.25,313243.01384500175,444034.175,21233.70701975105
10445.25,313398.05496172694,444235.325,21142.854811688157
10450.25,313553.09607845213,444217.575,20993.10188402669
10455.25,313708.1371951773,444397.125,21261.771119267676
10460.25,313863.1783119025,444576.0,21159.98587221882
10465.25,314018.2194286277,444759.825,20718.916405380012
10470.25,314173.2605453529,445147.475,21340.591860188062
10475.25,314328.30166207807,445546.825,22013.443954504823
10480.25,314483.34277880326,445945.275,21692.751164401092
10485.25,314638.38389552844,446548.0,22318.573157238345
10490.25,314793.42501225363,446745.325,22281.462574035057
10495.25,314948.4661289788,446530.5,22341.94559007787
10500.25,315103.507245704,447320.85,22522.58158720931
10505.25,315258.5483624292,447716.375,22722.778839814575
10510.25,315413.5894791544,447708.75,22651.20048281106
10515.25,315568.6305958796,447896.4,22636.894289025164
10520.25,315723.67171260476,448283.6,22428.40268643757
10525.25,315878.71282932995,448275.75,22149.65798974106
10530.25,316033.75394605513,448671.05,21868.988664830846
10535.25,316188.7950627803,449069.5,21583.93392578146
10540.25,316343.8361795055,448865.025,21597.834224595877
10545.25,316498.8772962307,449057.175,21920.787828865206
10550.25,316653.9184129559,449868.45,21254.594081574458
10555.25,316808.9595296811,449685.8,21263.069755388096
10560.25,316964.00064640626,450310.8,21178.012068770764
10565.25,317119.04176313145,450944.575,21387.300402356184
10570.25,317274.08287985664,451378.575,21289.19451830259
10575.25,317429.1239965818,451604.025,22027.577902044177
10580.25,317584.165113307,452019.8,21574.813340965433
10585.25,317739.2062300322,452429.725,21927.452288868968
10590.25,317894.2473467574,452232.0,21933.686360824075
10595.25,318049.2884634826,452426.4,21852.95860610183
10600.25,318204.32958020776,452424.4,21788.19729383319
10605.25,318359.37069693295,452424.2,22112.681478848288
10610.25,318514.41181365814,453024.45,21576.695994695296
10615.25,318669.4529303833,453016.375,21518.675608715443
10620.25,318824.4940471085,453407.175,21770.518640483166
10625.25,318979.5351638337,453396.4,21646.667886247527
10630.25,319134.5762805589,453786.525,21191.264179919162
10635.25,319289.6173972841,453566.75,21192.384910328048
10640.25,319444.65851400926,453729.875,21162.28248802867
10645.25,319599.69963073445,454101.1,21752.616637200226
10650.25,319754.74074745964,454269.85,21699.593252581948
10655.25,319909.7818641848,455056.15,21195.613481095563
10660.25,320064.82298091,455045.6,21552.012539783842
10665.25,320219.8640976352,455616.6,21436.862616821985
10670.25,320374.9052143604,455788.275,21335.330609534154
10675.25,320529.9463310856,455559.275,21332.988882670077
10680.25,320684.98744781077,455731.625,20979.10999847527
10685.25,320840.02856453595,455704.875,21339.358083787924
10690.25,320995.06968126114,455872.05,21225.93806460624
10695.25,321150.11079798633,456246.2,21420.73160596995
10700.25,321305.1519147115,457048.025,22498.45257357992
10705.25,321460.1930314367,457266.5,22740.285470393726
10710.25,321615.2341481619,457692.85,23001.14894662873
10715.25,321770.2752648871,457913.125,22968.090225694104
10720.25,321925.31638161227,458530.025,23116.720059691103
10725.25,322080.35749833746,458941.3,23147.46482819447
10730.25,322235.39861506264,458752.125,23192.54911449203
10735.25,322390.43973178783,458963.625,23574.283219816567
10740.25,322545.480848513,459170.4,23181.715085170035
10745.25,322700.5219652382,459169.75,23176.939784244598
10750.25,322855.5630819634,459166.175,22881.361198596227
10755.25,323010.6041986886,459167.325,22880.42305499671
10760.25,323165.64531541377,459560.6,22400.82762092731
10765.25,323320.68643213896,459762.875,22255.053511014637
10770.25,323475.72754886415,459967.85,22545.012834383127
10775.25,323630.76866558933,459756.175,22534.533655050975
10780.25,323785.8097823145,459747.875,22510.42184668304
10785.25,323940.8508990397,460144.3,22281.78457894475
10790.25,324095.8920157649,460548.15,22042.99717064356
10795.25,324250.9331324901,460953.125,22034.105057912497
10800.25,324405.9742492153,460951.575,21901.01747067074
10805.25,324561.01536594046,461144.4,22061.585760151058
10810.25,324716.05648266565,461137.675,21981.181869115342
10815.25,324871.09759939084,461515.425,21898.28443881221
10820.25,325026.138716116,461283.725,21850.227220629193
10825.25,325181.1798328412,461240.1,21804.46175447814
10830.25,325336.2209495664,461394.9,21337.950810176222
10835.25,325491.2620662916,461547.675,20981.346049839725
10840.25,325646.3031830168,461694.375,20846.48610685084
10845.25,325801.34429974196,461433.875,20809.652517897193
10850.25,325956.38541646715,462166.85,21266.154342993
10855.25,326111.42653319234,462309.95,20868.920674893565
10860.25,326266.4676499175,462664.075,21446.896869958247
10865.25,326421.5087666427,463216.175,21882.659882613105
10870.25,326576.5498833679,463371.65,21636.794777415624
10875.25,326731.5910000931,463728.25,21387.872463735144
10880.25,326886.6321168183,463901.5,21345.101400555584
10885.25,327041.67323354346,464080.6,21430.15882179831
10890.25,327196.71435026865,464261.725,21330.345644307432
10895.25,327351.75546699384,464455.9,21748.796850975457
10900.25,327506.796583719,464850.525,21727.61747248476
10905.25,327661.8377004442,465044.7,21843.09152506806
10910.25,327816.8788171694,465043.825,21751.67025053766
10915.25,327971.9199338946,465451.275,21407.756310345205
10920.25,328126.9610506198,465661.2,21271.74391910546
10925.25,328282.00216734497,465873.6,21020.013005229088
10930.25,328437.04328407015,466089.15,20529.497567281087
10935.25,328592.08440079534,466316.4,20137.666517374848
10940.25,328747.12551752053,466538.7,20831.886173544153
10945.25,328902.1666342457,466772.25,20810.293031334277
10950.25,329057.2077509709,466806.475,20761.706163165516
10955.25,329212.2488676961,467630.575,20116.102961324916
10960.25,329367.2899844213,467471.1,20105.863165753417
10965.25,329522.33110114647,467704.875,20037.909588218652
10970.25,329677.37221787166,467930.325,19757.132127427427
10975.25,329832.41333459684,467949.475,20086.331075650054
10980.25,329987.45445132203,468159.625,20398.450088563714
10985.25,330142.4955680472,468370.9,20160.488510388335
10990.25,330297.5366847724,468781.725,20487.942337033874
10995.25,330452.5778014976,469390.75,20209.305733374415
11000.25,330607.6189182228,469599.325,20488.102147664264
11005.25,330762.66003494797,469398.9,20519.152869087942
11010.25,330917.70115167316,469596.675,20385.69390591414
11015.25,331072.74226839835,469790.85,20177.83553221207
11020.25,331227.78338512353,469775.35,20525.910532848477
11025.25,331382.8245018487,470372.675,19658.050208518267
11030.25,331537.8656185739,470569.775,20051.579026179585
11035.25,331692.9067352991,470968.225,19941.647756783415
11040.25,331847.9478520243,471171.625,19680.29543104282
11045.25,332002.9889687495,471566.7,19263.079095707937
11050.25,332158.03008547466,471560.2,19332.612400358623
11055.25,332313.07120219985,472150.1,19907.233403715345
11060.25,332468.11231892504,472546.075,20520.17467337023
11065.25,332623.1534356502,472751.05,20343.43280422456
11070.25,332778.1945523754,472740.95,20214.699951953284
11075.25,332933.2356691006,472927.7,20635.485778992457
11080.25,333088.2767858258,472903.425,21004.104268585816
11085.25,333243.317902551,472879.15,20968.620238406245
11090.25,333398.35901927616,473459.825,20447.199233651172
11095.25,333553.40013600135,473239.375,20468.83878980742
11100.25,333708.44125272654,473417.8,19969.487782239183
11105.25,333863.4823694517,473589.7,19915.512119890365
11110.25,334018.5234861769,473967.0,20648.186539318653
11115.25,334173.5646029021,473949.25,20602.772894079088
11120.25,334328.6057196273,474132.175,20801.95344374237
11125.25,334483.6468363525,474322.75,21038.231260018034
11130.25,334638.68795307766,475119.175,20958.306808712503
11135.25,334793.72906980285,475115.375,20742.727858592392
11140.25,334948.77018652804,475705.725,21071.105332139676
11145.25,335103.8113032532,475707.775,21016.704168782628
11150.25,335258.8524199784,475706.225,20943.764611588456
11155.25,335413.8935367036,475909.175,20921.83059391852
11160.25,335568.9346534288,476308.075,20670.263211329097
11165.25,335723.975770154,476898.875,21072.3989798415
11170.25,335879.01688687917,476893.5,21477.06159283667
11175.25,336034.05800360435,476685.2,21488.82126356632
11180.25,336189.09912032954,477071.5,21090.054943029427
11185.25,336344.14023705473,477048.8,20946.591379864174
11190.25,336499.1813537799,477015.75,20950.01650476677
11195.25,336654.2224705051,477388.1,21325.852511154157
11200.25,336809.2635872303,477773.275,21302.87646024886
11205.25,336964.3047039555,477969.25,21156.18664569539
11210.25,337119.34582068067,478573.1,20927.17945495761
11215.25,337274.38693740586,479183.7,20864.870403024317
11220.25,337429.42805413104,480005.325,20966.318102807774
11225.25,337584.46917085623,480225.15,21229.82013059696
11230.25,337739.5102875814,480236.65,21158.053790814505
11235.25,337894.5514043066,480449.725,21427.235352597985
11240.25,338049.5925210318,480464.825,21451.919835136552
11245.25,338204.633637757,480467.1,21810.375764243498
11250.25,338359.67475448217,480260.825,21806.699167930594
11255.25,338514.71587120736,480454.325,21796.02498738302
11260.25,338669.75698793255,480450.975,21629.770312421835
11265.25,338824.79810465773,481250.1,21769.37434941574
11270.25,338979.8392213829,481864.975,21867.88055929575
11275.25,339134.8803381081,482086.6,22154.84559165331
11280.25,339289.9214548333,482711.375,22721.754933667096
11285.25,339444.9625715585,483140.875,22563.684532133153
11290.25,339600.0036882837,483376.675,22411.089342959767
11295.25,339755.04480500886,483810.9,22205.223220337146
11300.25,339910.08592173405,484041.75,21788.12577672756
11305.25,340065.12703845924,484271.475,21389.255802695076
11310.25,340220.1681551844,484297.6,21323.849448504836
11315.25,340375.2092719096,484299.425,21289.80089240209
11320.25,340530.2503886348,484283.7,21220.934296055395
11325.25,340685.29150536,484868.425,21080.524926175938
11330.25,340840.3326220852,484847.525,21165.88374821909
11335.25,340995.37373881036,484618.075,21201.3954372849
11340.25,341150.41485553555,484585.25,20921.65739281905
11345.25,341305.45597226074,484940.5,21712.270962234696
11350.25,341460.4970889859,484684.5,21746.599989136233
11355.25,341615.5382057111,484825.125,21747.118960120326
11360.25,341770.5793224363,484970.7,22073.308855323434
11365.25,341925.6204391615,485121.0,21739.66045416763
11370.25,342080.6615558867,485884.8,22007.785470373885
11375.25,342235.70267261186,486260.75,22677.056382498147
11380.25,342390.74378933705,486636.025,22658.21635700006
11385.25,342545.78490606224,487207.7,22464.32968335579
11390.25,342700.8260227874,487387.475,21963.62514745972
11395.25,342855.8671395126,487990.65,22573.932200438627
11400.25,343010.9082562378,488199.675,22416.839819109762
11405.25,343165.949372963,488408.7,22149.13273211843
11410.25,343320.9904896882,488408.275,22080.86155883925
11415.25,343476.03160641337,488621.575,21923.19559081488
11420.25,343631.07272313855,489038.475,21712.993771429243
11425.25,343786.11383986374,489251.1,21065.014313785785
11430.25,343941.1549565889,489259.225,21073.437903985316
11435.25,344096.1960733141,489459.925,21712.27648533486
11440.25,344251.2371900393,489454.1,21627.746474783267
11445.25,344406.2783067645,490042.2,21895.630604586386
11450.25,344561.3194234897,490043.125,21839.941223092268
11455.25,344716.36054021487,490220.65,21720.783301138104
11460.25,344871.40165694006,490190.3,21697.792111410785
11465.25,345026.44277366524,490567.15,21638.33832870491
11470.25,345181.48389039043,490936.125,21913.149092853473
11475.25,345336.5250071156,490904.425,21723.83487498524
11480.25,345491.5661238408,490662.825,21750.743283290918
11485.25,345646.607240566,491025.275,21354.969969965423
11490.25,345801.6483572912,490781.65,21386.33978039487
11495.25,345956.68947401637,490732.4,21197.55125515681
11500.25,346111.73059074156,490894.85,20891.133456624608
11505.25,346266.77170746675,491662.925,20422.04466258521
11510.25,346421.81282419193,491843.15,20727.479336077024
11515.25,346576.8539409171,492231.025,20612.749000754968
11520.25,346731.8950576423,492823.625,20044.183863171507
11525.25,346886.9361743675,492623.425,20044.63782537926
11530.25,347041.9772910927,492617.6,20388.19180132216
11535.25,347197.0184078179,493418.975,20566.07283016437
11540.25,347352.05952454306,493219.675,20561.72333671536
11545.25,347507.10064126825,493423.75,20974.875246649262
11550.25,347662.14175799344,494241.55,21593.37176276554
11555.25,347817.1828747186,494453.275,21032.622476004388
11560.25,347972.2239914438,494659.6,21132.647807716854
11565.25,348127.265108169,494863.45,21867.578469277294
11570.25,348282.3062248942,495061.0,21760.62081317994
11575.25,348437.3473416194,495459.0,21579.60479248867
11580.25,348592.38845834456,495659.7,21931.897077031437
11585.25,348747.42957506975,495464.45,21967.06008202964
11590.25,348902.47069179494,495665.6,21753.707708457423
11595.25,349057.5118085201,495670.35,22150.289138970624
11600.25,349212.5529252453,496067.675,22474.06745536119
11605.25,349367.5940419705,496054.2,22299.845771832148
11610.25,349522.6351586957,496236.675,22609.395088394667
11615.25,349677.6762754209,496227.25,22678.188908067594
11620.25,349832.71739214606,496421.875,22593.448340517323
11625.25,349987.75850887125,496809.975,22353.266212807135
11630.25,350142.79962559644,496594.475,22367.53585736759
11635.25,350297.8407423216,496564.575,22092.8403088676
11640.25,350452.8818590468,497137.825,22132.4429435755
11645.25,350607.922975772,497318.5,22223.58848329855
11650.25,350762.9640924972,497295.125,22235.560704435247
11655.25,350918.0052092224,497676.925,22119.52728220305
11660.25,351073.04632594757,497659.175,22495.915451213026
11665.25,351228.08744267275,498040.525,22910.11671005028
11670.25,351383.12855939794,498435.15,23255.772575642375
11675.25,351538.1696761231,499042.375,23679.95806617117
11680.25,351693.2107928483,499452.3,23414.538725917708
11685.25,351848.2519095735,500076.4,23135.030343669314
11690.25,352003.2930262987,499902.525,23166.178220212
11695.25,352158.3341430239,499714.025,23180.383963183718
11700.25,352313.37525974907,500118.775,22855.302551172343
11705.25,352468.41637647426,500541.3,22846.89596170561
11710.25,352623.45749319944,500564.05,22544.37101412457
11715.25,352778.49860992463,500587.025,22283.287573159512
11720.25,352933.5397266498,500616.075,22623.284391598074
11725.25,353088.580843375,500633.425,22632.17907401152
11730.25,353243.6219601002,500844.475,22569.082160516075
11735.25,353398.6630768254,500857.1,22595.097040674555
11740.25,353553.70419355057,501472.875,21867.336239883563
11745.25,353708.74531027576,501681.225,22252.357566797837
11750.25,353863.78642700094,501899.925,22855.365510654716
11755.25,354018.82754372613,502323.125,22519.787197942725
11760.25,354173.8686604513,503159.825,23899.60024248575
11765.25,354328.9097771765,503200.35,23633.97621624427
11770.25,354483.9508939017,503438.175,23895.02971332375
11775.25,354638.9920106269,503252.6,23914.630290159203
11780.25,354794.0331273521,503646.325,23800.756043414356
11785.25,354949.07424407726,503636.0,23594.45080813495
11790.25,355104.11536080245,503829.275,23721.885571780018
11795.25,355259.15647752763,504234.25,23966.10803666294
11800.25,355414.1975942528,504441.25,23966.121046698398
11805.25,355569.238710978,504434.075,24332.925677220257
11810.25,355724.2798277032,504629.15,24233.862036208753
11815.25,355879.3209444284,504625.8,24229.07368735957
11820.25,356034.3620611536,504614.125,24241.402493525926
11825.25,356189.40317787876,504599.075,24255.052452543263
11830.25,356344.44429460395,504566.475,24366.982922196687
11835.25,356499.48541132914,504731.4,24030.126738689916
11840.25,356654.5265280543,505710.05,23238.370355620897
11845.25,356809.5676447795,506304.0,23385.34174007299
11850.25,356964.6087615047,506500.875,23118.49486916536
11855.25,357119.6498782299,506494.825,23088.834362644317
11860.25,357274.6909949551,507293.725,23837.674456480123
11865.25,357429.73211168026,507089.7,23855.434560284164
11870.25,357584.77322840545,507279.375,24235.727881386705
11875.25,357739.81434513064,507483.675,23854.482629856488
11880.25,357894.8554618558,508493.15,24117.97177993
11885.25,358049.896578581,509121.975,24287.000307893624
11890.25,358204.9376953062,509363.625,24031.726805737973
11895.25,358359.9788120314,509618.1,24248.224032699796
11900.25,358515.0199287566,510680.0,24198.45257707608
11905.25,358670.06104548177,510729.975,23891.049745001266
11910.25,358825.10216220695,510750.7,23890.306369634527
11915.25,358980.14327893214,510956.125,23756.547978728413
11920.25,359135.1843956573,510762.0,23732.823783212145
11925.25,359290.2255123825,511369.0,24309.650830740044
11930.25,359445.2666291077,511583.425,24103.969366592406
11935.25,359600.3077458329,511585.475,24101.53627843306
11940.25,359755.3488625581,511378.3,24093.990929482814
11945.25,359910.38997928327,512173.375,24346.4180335758
11950.25,360065.43109600845,512575.425,24299.531489066307
11955.25,360220.47221273364,512787.375,24100.73965935745
11960.25,360375.51332945883,513184.25,24295.13949615231
11965.25,360530.554446184,513385.625,24678.204189438602
11970.25,360685.5955629092,513994.425,24936.792287213386
11975.25,360840.6366796344,514199.85,24891.083527841853
11980.25,360995.6777963596,513996.5,24904.637409777722
11985.25,361150.71891308477,514772.9,24061.075037080118
11990.25,361305.76002980996,514957.625,23791.85987061804
11995.25,361460.80114653514,515742.575,24461.847444809337
12000.25,361615.84226326033,515531.35,24461.98694433876
12005.25,361770.8833799855,515307.75,24469.781855382364
12010.25,361925.9244967107,516087.975,24798.58570625803
12015.25,362080.9656134359,516070.675,24900.6975173513
12020.25,362236.0067301611,516254.95,24741.247611226077
12025.25,362391.0478468863,516446.425,25075.366024010997
12030.25,362546.08896361146,516451.175,25110.04149017132
12035.25,362701.13008033665,516457.95,24835.846881775546
12040.25,362856.17119706183,517469.675,25331.947035820696
12045.25,363011.212313787,517481.175,25257.76577833291
12050.25,363166.2534305122,517677.15,25097.206201388235
12055.25,363321.2945472374,518480.775,24726.55044366531
12060.25,363476.3356639626,518284.4,24744.932123871342
12065.25,363631.3767806878,518891.625,25166.5788026129
12070.25,363786.41789741296,519304.25,25154.13136892228
12075.25,363941.45901413815,519306.525,24984.839476533063
12080.25,364096.50013086334,519711.5,25316.50342760627
12085.25,364251.5412475885,519916.25,25747.70145372204
12090.25,364406.5823643137,520107.5,25422.464812641592
12095.25,364561.6234810389,520094.025,25376.185583005277
12100.25,364716.6645977641,520295.85,25233.22377793809
12105.25,364871.7057144893,520500.15,24646.328432496797
12110.25,365026.74683121446,520294.775,24638.060204805595
12115.25,365181.78794793965,520477.7,24437.67310061455
12120.25,365336.82906466484,520254.1,24427.415473500263
12125.25,365491.87018139,521039.275,24001.97695593271
12130.25,365646.9112981152,520818.6,23969.954313994844
12135.25,365801.9524148404,520787.35,24002.584479645106
12140.25,365956.9935315656,520936.525,23943.988046702347
12145.25,366112.0346482908,521063.2,24345.81871204992
12150.25,366267.07576501596,521793.475,25298.159085556505
12155.25,366422.11688174115,522940.85,24784.41874726942
12160.25,366577.15799846634,523704.65,25385.81944196405
12165.25,366732.1991151915,523675.875,25448.750453914727
12170.25,366887.2402319167,523436.75,25467.553000828328
12175.25,367042.2813486419,523592.225,25758.118265522135
12180.25,367197.3224653671,523949.05,25207.643266676085
12185.25,367352.3635820923,524103.4,25525.780050813337
12190.25,367507.40469881747,523857.525,25523.60005256165
12195.25,367662.44581554265,523811.425,25455.387298676582
12200.25,367817.48693226784,524155.875,25072.012934557628
12205.25,367972.52804899303,524309.325,24639.62530332239
12210.25,368127.5691657182,524662.1,24327.78300863028
12215.25,368282.6102824434,524624.55,24245.866322633225
12220.25,368437.6513991686,524380.7,24222.866086045637
12225.25,368592.6925158938,524724.7,24162.175662799906
12230.25,368747.73363261897,525090.075,24024.172086424227
12235.25,368902.77474934416,525055.0,23745.18077052689
12240.25,369057.81586606934,525624.65,23256.66580875255
12245.25,369212.85698279453,525809.825,23734.56014392567
12250.25,369367.8980995197,525795.675,23760.861574775125
12255.25,369522.9392162449,525984.0,23920.080644460628
12260.25,369677.9803329701,526186.275,24150.956323572886
12265.25,369833.0214496953,526186.75,24491.012047534907
12270.25,369988.06256642047,526389.475,24256.50787635403
12275.25,370143.10368314566,526602.1,24283.647345796307
12280.25,370298.14479987085,527016.075,24378.64350795846
12285.25,370453.18591659603,527832.525,25067.1365460462
12290.25,370608.2270333212,528258.65,24776.947045388784
12295.25,370763.2681500464,528480.5,24614.32387249343
12300.25,370918.3092667716,528698.975,24583.239473635793
12305.25,371073.3503834968,528716.775,24609.124988876076
12310.25,371228.391500222,528719.05,24337.78725300433
12315.25,371383.43261694716,528914.35,24416.483989356453
12320.25,371538.47373367235,529102.225,24641.281960982164
12325.25,371693.51485039754,529705.625,24911.16382122933
12330.25,371848.5559671227,529915.1,25203.96048917709
12335.25,372003.5970838479,529932.225,25162.7116311145
12340.25,372158.6382005731,529743.275,25157.002550097754
12345.25,372313.6793172983,529938.575,25926.38985668126
12350.25,372468.7204340235,530340.85,25858.21947616463
12355.25,372623.76155074866,530146.5,25845.217229692615
12360.25,372778.80266747385,530339.55,25556.925304797525
12365.25,372933.84378419904,530933.5,26030.320137533843
12370.25,373088.8849009242,530927.45,26058.922253424065
12375.25,373243.9260176494,531928.375,25887.827604457758
12380.25,373398.9671343746,531944.6,25618.853360659996
12385.25,373554.0082510998,532145.525,25712.942471751943
12390.25,373709.049367825,532738.125,26012.564641978788
12395.25,373864.09048455016,532722.85,25870.199344322802
12400.25,374019.13160127535,532698.35,25738.435208166793
12405.25,374174.17271800054,532868.225,25558.104206506105
12410.25,374329.2138347257,533028.2,25766.899735367857
12415.25,374484.2549514509,533191.1,26554.601315073436
12420.25,374639.2960681761,533150.625,26278.187219690877
12425.25,374794.3371849013,533106.55,26221.70530181056
12430.25,374949.3783016265,533059.55,26014.070017684662
12435.25,375104.41941835167,532813.675,26004.269013243287
12440.25,375259.46053507685,533367.35,26700.515722828277
12445.25,375414.50165180204,533938.35,26444.622381308454
12450.25,375569.54276852723,534114.75,26791.373349923666
12455.25,375724.5838852524,534290.925,26719.683882638376
12460.25,375879.6250019776,534277.675,26471.031355533258
12465.25,376034.6661187028,534859.025,26122.264398987794
12470.25,376189.707235428,534836.775,26090.591099678542
12475.25,376344.74835215317,535014.75,26805.613913880054
12480.25,376499.78946887836,535203.75,27108.777739876063
12485.25,376654.83058560354,535792.75,26664.985881770124
12490.25,376809.87170232873,535595.25,26698.369675412767
12495.25,376964.9128190539,535795.725,26598.897284814742
12500.25,377119.9539357791,535795.75,26610.757297096978
12505.25,377274.9950525043,536406.8,26476.122931048645
12510.25,377430.0361692295,536417.175,26495.84553568021
12515.25,377585.07728595467,536624.625,26926.13989305977
12520.25,377740.11840267986,536641.525,26918.388985842466
12525.25,377895.15951940505,537475.75,26407.14997992968
12530.25,378050.20063613023,537516.95,26113.666785516736
12535.25,378205.2417528554,537740.825,26320.311193081
12540.25,378360.2828695806,537552.55,26318.46346953978
12545.25,378515.3239863058,537356.175,26315.021460909455
12550.25,378670.365103031,537964.975,26518.80469861198
12555.25,378825.4062197562,538181.2,26001.99532531109
12560.25,378980.44733648136,538195.4,25706.18282928253
12565.25,379135.48845320655,537998.125,25691.248433379507
12570.25,379290.52956993174,538396.125,25588.35422175731
12575.25,379445.5706866569,538187.375,25560.123614785687
12580.25,379600.6118033821,538160.85,25455.495001619984
12585.25,379755.6529201073,539335.225,25353.299324607142
12590.25,379910.6940368325,539713.425,25205.914241763283
12595.25,380065.7351535577,539706.25,25182.995627009906
12600.25,380220.77627028286,540097.95,25330.23245496377
12605.25,380375.81738700805,540084.7,25325.20401788503
12610.25,380530.85850373324,541071.45,25464.728316781628
12615.25,380685.8996204584,541262.25,25239.67605403247
12620.25,380840.9407371836,541244.05,25215.66351119875
12625.25,380995.9818539088,541621.125,24957.635670584365
12630.25,381151.022970634,541807.875,25063.773099149
12635.25,381306.0640873592,541992.825,25236.587063985593
12640.25,381461.10520408436,541980.025,25142.616109270035
12645.25,381616.14632080955,541966.775,25222.77471266048
12650.25,381771.18743753474,542546.1,25855.464671950882
12655.25,381926.2285542599,542734.875,25806.309804302222
12660.25,382081.2696709851,542719.15,25612.794147944885
12665.25,382236.3107877103,542698.7,25610.74607264497
12670.25,382391.3519044355,542465.2,25634.871268157367
12675.25,382546.3930211607,542428.775,25637.40261230894
12680.25,382701.43413788587,542597.525,25576.060065139533
12685.25,382856.47525461105,542975.05,26213.683326127597
12690.25,383011.51637133624,543356.85,26076.74380391463
12695.25,383166.55748806143,543953.725,25959.930954128617
12700.25,383321.5986047866,543954.875,25972.922718248807
12705.25,383476.6397215118,544357.825,25593.213113794936
12710.25,383631.680838237,544566.625,26410.43290923352
12715.25,383786.7219549622,544764.85,26187.244677562012
12720.25,383941.76307168737,544568.25,26240.41833746177
12725.25,384096.80418841256,544766.475,26268.421132000396
12730.25,384251.84530513774,544951.425,26309.786629230293
12735.25,384406.88642186293,545330.75,26549.57835022997
12740.25,384561.9275385881,545319.075,26360.6546409725
12745.25,384716.9686553133,545502.45,26134.75554692448
12750.25,384872.0097720385,545688.525,25833.662420002027
12755.25,385027.0508887637,545871.9,25629.582352039997
12760.25,385182.09200548887,546059.775,26063.80191723044
12765.25,385337.13312221406,546251.925,25574.01586695224
12770.25,385492.17423893925,546434.85,25535.330602471156
12775.25,385647.21535566443,546411.475,25492.478888745303
12780.25,385802.2564723896,546790.35,25291.84789665437
12785.25,385957.2975891148,547579.575,25473.63611070522
12790.25,386112.33870584,547973.075,25641.305958855235
12795.25,386267.3798225652,547952.85,25611.3777346124
12800.25,386422.4209392904,547927.45,25996.918657506314
12805.25,386577.46205601556,548707.675,26665.22643960904
12810.25,386732.50317274075,548886.325,26483.95561303343
12815.25,386887.54428946594,549261.6,26225.294545581368
12820.25,387042.5854061911,549233.05,26049.134005231346
12825.25,387197.6265229163,549804.95,25989.077423698596
12830.25,387352.6676396415,550199.125,25021.7144389753
12835.25,387507.7087563667,550398.25,25319.34524627365
12840.25,387662.7498730919,550807.275,25514.082847627993
12845.25,387817.79098981706,550805.05,25809.456580583013
12850.25,387972.83210654225,550998.55,26515.009750563928
12855.25,388127.87322326744,551195.425,26233.501282484678
12860.25,388282.9143399926,551191.4,25917.177246278192
12865.25,388437.9554567178,551389.4,26219.44635885739
12870.25,388592.996573443,551593.475,25967.36333637139
12875.25,388748.0376901682,552000.25,26393.280522938032
12880.25,388903.0788068934,553016.7,26597.43828190978
12885.25,389058.11992361856,552848.0,26602.722439160243
12890.25,389213.16104034375,553261.75,26640.79308293017
12895.25,389368.20215706894,553879.775,26661.2701161371
12900.25,389523.2432737941,554299.6,26461.474839188384
12905.25,389678.2843905193,554911.775,26609.55138936252
12910.25,389833.3255072445,554937.225,26431.15822174891
12915.25,389988.3666239697,554959.975,26493.256437122353
12920.25,390143.4077406949,555181.6,26220.47368236318
12925.25,390298.44885742007,555197.825,26630.851916069547
12930.25,390453.48997414525,555415.4,26470.347341695386
12935.25,390608.53109087044,556040.4,26372.2494454872
12940.25,390763.57220759563,556891.05,26949.24685213856
12945.25,390918.6133243208,556932.925,26890.970670712595
12950.25,391073.654441046,556966.025,26945.115219982363
12955.25,391228.6955577712,556989.45,26930.316063128557
12960.25,391383.7366744964,556992.625,26976.422539008483
12965.25,391538.77779122157,557607.5,27375.952243712
12970.25,391693.81890794676,557825.075,26969.532815764993
12975.25,391848.86002467194,557845.35,26948.884129310438
12980.25,392003.90114139713,558060.9,27036.455774611066
12985.25,392158.9422581223,557863.175,27044.046559744434
12990.25,392313.9833748475,557850.15,26872.821240334997
12995.25,392469.0244915727,558029.25,26407.613781351014
13000.25,392624.0656082979,557995.975,26287.295908254335
13005.25,392779.10672502307,558373.725,26955.184569821165
13010.25,392934.14784174826,558539.1,27341.604957280764
13015.25,393089.18895847345,558704.925,27149.073262049387
13020.25,393244.23007519863,559278.85,27455.031711691758
13025.25,393399.2711919238,559049.175,27483.390009933726
13030.25,393554.312308649,559818.375,27919.68925222172
13035.25,393709.3534253742,559798.825,28342.395073910477
13040.25,393864.3945420994,559978.6,28316.232893254004
13045.25,394019.4356588246,559955.225,28304.048412384847
13050.25,394174.47677554976,559732.75,28344.67449407384
13055.25,394329.51789227495,559906.45,28426.284749066308
13060.25,394484.55900900014,559888.925,28422.293445034044
13065.25,394639.6001257253,560276.8,27880.19093881891
13070.25,394794.6412424505,560070.075,27904.28950068654
13075.25,394949.6823591757,560870.55,27522.400894498653
13080.25,395104.7234759009,561079.35,27482.213012283053
13085.25,395259.7645926261,561488.6,27539.58943530205
13090.25,395414.80570935126,562306.625,28091.22718444541
13095.25,395569.84682607645,562130.95,28122.00454021726
13100.25,395724.88794280164,562347.625,28186.189294415537
13105.25,395879.9290595268,562361.825,28189.033276491144
13110.25,396034.970176252,562787.725,28515.543338557043
13115.25,396190.0112929772,562812.725,28644.42890761003
13120.25,396345.0524097024,562626.475,28678.16947837893
13125.25,396500.0935264276,563435.725,28757.461418397572
13130.25,396655.13464315276,563255.1,28771.95396458155
13135.25,396810.17575987795,564071.55,28509.649887976528
13140.25,396965.21687660314,564296.1,28517.122507407723
13145.25,397120.2579933283,564111.425,28509.54675061715
13150.25,397275.2991100535,564313.25,28142.78860538699
13155.25,397430.3402267787,564516.875,28105.58194341695
13160.25,397585.3813435039,564513.975,27990.40141714879
13165.25,397740.4224602291,564301.625,27985.64015040794
13170.25,397895.46357695427,564879.6,28507.284449592877
13175.25,398050.50469367945,565463.2,28295.31795363855
13180.25,398205.54581040464,565843.2,28105.59016432496
13185.25,398360.5869271298,566031.3,27943.9980010914
13190.25,398515.628043855,566416.925,27446.244525219197
13195.25,398670.6691605802,566992.425,27006.938317784654
13200.25,398825.7102773054,567569.05,26992.05101247403
13205.25,398980.7513940306,567748.825,26825.338779559243
13210.25,399135.79251075577,567727.925,26769.480124072732
13215.25,399290.83362748096,567711.75,26654.379757368206
13220.25,399445.87474420614,567895.125,26531.457892295046
13225.25,399600.91586093133,568078.95,27233.30397734546
13230.25,399755.9569776565,568461.425,27303.032459108366
13235.25,399910.9980943817,568844.125,27274.469632847584
13240.25,400066.0392111069,568615.575,27297.75030452372
13245.25,400221.0803278321,568791.3,27203.429198770144
13250.25,400376.12144455727,568974.9,26722.635789766326
13255.25,400531.16256128246,568953.1,26783.579936968843
13260.25,400686.20367800765,569147.725,26605.523913148656
13265.25,400841.24479473283,569345.5,26584.574744812075
13270.25,400996.285911458,569543.275,26642.411308722134
13275.25,401151.3270281832,569738.575,26890.333492272366
13280.25,401306.3681449084,569732.525,27211.342993880786
13285.25,401461.4092616336,570133.9,27385.554286932005
13290.25,401616.4503783588,570136.625,27364.22488721588
13295.25,401771.49149508396,570536.65,27333.42554826416
13300.25,401926.53261180915,570935.1,27558.865034957445
13305.25,402081.57372853433,570732.875,27607.632412126997
13310.25,402236.6148452595,571139.2,27438.302501885933
13315.25,402391.6559619847,570957.675,27477.030073783902
13320.25,402546.6970787099,570768.05,27518.8860509469
13325.25,402701.7381954351,571182.25,27686.988841556966
13330.25,402856.7793121603,571405.9,28035.048606654847
13335.25,403011.82042888546,571617.625,28226.96095186524
13340.25,403166.86154561065,572229.575,28225.46288261939
13345.25,403321.90266233584,572848.5,27674.26343215841
13350.25,403476.943779061,572864.275,28011.902689180628
13355.25,403631.9848957862,572684.775,28038.197486966328
13360.25,403787.0260125114,572902.125,27812.91798433104
13365.25,403942.0671292366,573115.2,27612.95513653872
13370.25,404097.1082459618,572922.425,27627.29751193781
13375.25,404252.14936268696,572915.025,27970.10719510429
13380.25,404407.19047941215,573306.275,28160.6559310703
13385.25,404562.23159613734,573297.525,28133.3947499342
13390.25,404717.2727128625,573683.6,28079.07294458811
13395.25,404872.3138295877,573662.475,28462.377587450857
13400.25,405027.3549463129,574042.7,28556.706962375756
13405.25,405182.3960630381,574233.275,28398.049996533653
13410.25,405337.4371797633,575025.875,28304.583213953618
13415.25,405492.47829648847,575235.35,27864.34048636357
13420.25,405647.51941321365,575442.8,28229.43757471976
13425.25,405802.56052993884,575856.1,27816.09420758062
13430.25,405957.601646664,575880.875,27507.076352561082
13435.25,406112.6427633892,575908.575,27205.773097830268
13440.25,406267.6838801144,575933.575,27113.59910820813
13445.25,406422.7249968396,576745.3,27655.033761234135
13450.25,406577.7661135648,576749.6,28006.74643661773
13455.25,406732.80723028997,577355.475,28365.80458083509
13460.25,406887.84834701516,577968.325,28208.713460571453
13465.25,407042.88946374034,578379.825,28316.106591269305
13470.25,407197.93058046553,578382.325,28247.098703240747
13475.25,407352.9716971907,578379.65,28117.422128059676
13480.25,407508.0128139159,578576.975,27841.730212814095
13485.25,407663.0539306411,578561.025,28114.512068158412
13490.25,407818.0950473663,578329.775,28102.412269334192
13495.25,407973.13616409147,578897.85,28640.656541924804
13500.25,408128.17728081666,579269.3,28895.396190786174
13505.25,408283.21839754184,579031.3,28910.44470987086
13510.25,408438.25951426703,579187.45,29242.219759023083
13515.25,408593.3006309922,579545.625,29247.00028790346
13520.25,408748.3417477174,579494.125,28957.90703228783
13525.25,408903.3828644426,579646.675,29129.411850406883
13530.25,409058.4239811678,579802.6,29152.578396944584
13535.25,409213.465097893,580571.125,29314.140619172602
13540.25,409368.50621461816,580750.45,29596.74092062334
13545.25,409523.54733134335,580728.2,29566.386710841078
13550.25,409678.58844806853,580908.2,29396.103291040123
13555.25,409833.6295647937,581294.05,28851.834769603476
13560.25,409988.6706815189,581481.925,28806.725054891696
13565.25,410143.7117982441,581876.775,28460.426847521543
13570.25,410298.7529149693,582275.9,29036.983653437557
13575.25,410453.7940316945,582869.85,28468.00095681992
13580.25,410608.83514841966,583671.9,29446.244793521633
13585.25,410763.87626514485,583893.3,29450.32251198618
13590.25,410918.91738187004,583716.5,29497.774961003415
13595.25,411073.9584985952,583737.9,29229.682368955022
13600.25,411228.9996153204,583562.675,29265.235925934805
13605.25,411384.0407320456,583591.95,29408.0697938083
13610.25,411539.0818487708,583812.9,29284.948100346704
13615.25,411694.122965496,583628.675,29308.69747256136
13620.25,411849.16408222116,583636.35,29031.203547691577
13625.25,412004.20519894635,583840.2,28999.85068965873
13630.25,412159.24631567154,584060.025,28760.461972656576
13635.25,412314.2874323967,584085.025,28668.729418882955
13640.25,412469.3285491219,584289.55,28300.794614904367
13645.25,412624.3696658471,584674.95,27886.578831222734
13650.25,412779.4107825723,585262.6,27700.988980810776
13655.25,412934.4518992975,585259.475,27629.929601667915
13660.25,413089.49301602266,585657.025,27484.001687675052
13665.25,413244.53413274785,586051.65,27708.403849328817
13670.25,413399.57524947304,586046.5,27492.159293151202
13675.25,413554.6163661982,586025.825,27851.90227615746
13680.25,413709.6574829234,586808.075,28306.97561579345
13685.25,413864.6985996486,587198.2,28003.646824744093
13690.25,414019.7397163738,587384.05,27865.040549674424
13695.25,414174.780833099,587771.025,27824.509254758203
13700.25,414329.82194982417,587961.825,27386.488713198065
13705.25,414484.86306654935,588151.275,28067.922211674755
13710.25,414639.90418327454,588340.95,27959.843070419764
13715.25,414794.94529999973,588524.1,27695.46540099119
13720.25,414949.9864167249,588301.4,27722.59418308467
13725.25,415105.0275334501,588062.275,27760.786350635404
13730.25,415260.0686501753,588215.275,27548.129325430156
13735.25,415415.1097669005,588370.3,28074.600683001707
13740.25,415570.15088362567,588323.075,28249.30814817639
13745.25,415725.19200035086,588879.9,28404.4940144161
13750.25,415880.23311707604,589053.15,28131.844742702175
13755.25,416035.27423380123,589435.85,28291.310394757256
13760.25,416190.3153505264,589623.95,28509.741125578465
13765.25,416345.3564672516,589813.175,28876.166230571973
13770.25,416500.3975839768,590206.225,29100.559897846037
13775.25,416655.438700702,590605.8,29546.534263936945
13780.25,416810.4798174272,591015.05,29484.86097703362
13785.25,416965.52093415236,591022.725,29356.16616348472
13790.25,417120.56205087755,591439.4,29574.626144763017
13795.25,417275.60316760273,591450.9,29322.901061968612
13800.25,417430.6442843279,591457.675,29228.549028956688
13805.25,417585.6854010531,591467.6,29142.789952919746
13810.25,417740.7265177783,591467.625,29060.213270520315
13815.25,417895.7676345035,591654.6,28872.540544650725
13820.25,418050.8087512287,591849.0,28649.397447197734
13825.25,418205.84986795386,591838.9,28459.931948091515
13830.25,418360.89098467905,592028.575,28566.75463039379
13835.25,418515.93210140424,592018.475,28724.02785418725
13840.25,418670.9732181294,592204.55,28235.106138413936
13845.25,418826.0143348546,592589.275,28235.827346974
13850.25,418981.0554515798,593776.7,28957.22109029974
13855.25,419136.096568305,593767.275,28901.69911494175
13860.25,419291.1376850302,593744.8,28812.554138300547
13865.25,419446.17880175536,593916.7,28609.616993198284
13870.25,419601.21991848055,594083.2,28548.448921920437
13875.25,419756.26103520574,594660.275,28646.39165005123
13880.25,419911.3021519309,595051.975,28461.90517284683
13885.25,420066.3432686561,595038.05,28809.90977224677
13890.25,420221.3843853813,595216.475,28588.168639633514
13895.25,420376.4255021065,595789.275,29074.421234233105
13900.25,420531.4666188317,596170.4,30077.166991590148
13905.25,420686.50773555686,595961.875,30119.764164342738
13910.25,420841.54885228205,596358.3,30035.215619086204
13915.25,420996.58996900724,596145.95,30089.650173024613
13920.25,421151.6310857324,596526.175,30371.805968087
13925.25,421306.6722024576,596714.05,30179.131672771833
13930.25,421461.7133191828,597109.8,29423.85773904401
13935.25,421616.754435908,598115.45,28985.390300071864
13940.25,421771.7955526332,598130.325,29151.411859687432
13945.25,421926.83666935837,598144.975,28826.12032893301
13950.25,422081.87778608355,598355.8,28877.689540067087
13955.25,422236.91890280874,598566.175,29062.630199289
13960.25,422391.96001953393,599181.05,28690.275891362566
13965.25,422547.0011362591,599397.275,29285.573029533247
13970.25,422702.0422529843,599819.125,28926.016569485073
13975.25,422857.0833697095,600044.35,29149.198181982636
13980.25,423012.1244864347,600266.875,29165.52298846405
13985.25,423167.16560315987,600488.5,29066.767894151904
13990.25,423322.20671988506,601108.55,28367.983952600505
13995.25,423477.24783661024,600927.25,28381.381551555944
14000.25,423632.28895333543,601337.175,28542.70717934136
14005.25,423787.3300700606,601151.375,28581.825136625284
14010.25,423942.3711867858,601142.175,28510.664057956015
14015.25,424097.412303511,601539.95,28656.977391378878
14020.25,424252.4534202362,602142.45,28790.47290528587
14025.25,424407.49453696137,602153.05,29130.8907555193
14030.25,424562.53565368656,602161.175,28845.620352154412
14035.25,424717.57677041175,602347.25,28953.859998711745
14040.25,424872.61788713693,602731.525,28456.29947293086
14045.25,425027.6590038621,602700.05,28319.588162789372
14050.25,425182.7001205873,602666.775,28009.137225075767
14055.25,425337.7412373125,603028.775,27997.9716235056
14060.25,425492.7823540377,603187.175,28247.771470960768
14065.25,425647.8234707629,603141.3,28150.497098586024
14070.25,425802.86458748806,604109.15,27979.750972176287
14075.25,425957.90570421325,604287.35,28267.54228399597
14080.25,426112.94682093844,604260.375,28260.47053665464
14085.25,426267.9879376636,604224.4,28611.042112530613
14090.25,426423.0290543888,604185.275,28993.294670589352
14095.25,426578.070171114,604540.075,29251.875473217526
14100.25,426733.1112878392,604695.325,29311.820764422413
14105.25,426888.1524045644,604854.175,29210.820856330363
14110.25,427043.19352128956,604811.9,29148.37323766971
14115.25,427198.23463801475,605377.275,29155.54843109841
14120.25,427353.27575473994,605556.6,29049.366429235597
14125.25,427508.3168714651,605534.575,29212.393895196692
14130.25,427663.3579881903,605513.9,29389.04913977314
14135.25,427818.3991049155,605285.125,29415.67419256484
14140.25,427973.4402216407,605445.55,29531.20700119621
14145.25,428128.4813383659,606017.225,29914.355683862308
14150.25,428283.52245509106,606800.825,30200.397025339335
14155.25,428438.56357181625,607200.175,29983.230527048367
14160.25,428593.60468854144,607200.2,30175.93732260027
14165.25,428748.6458052666,607200.225,30057.935658168957
14170.25,428903.6869219918,607407.0,29960.9593984405
14175.25,429058.728038717,607820.3,30258.177689428023
14180.25,429213.7691554422,608443.05,30640.522206671023
14185.25,429368.8102721674,608882.675,30163.061550729977
14190.25,429523.85138889257,608723.425,30194.3429765929
14195.25,429678.89250561775,608560.125,30216.160440286338
14200.25,429833.93362234294,608586.475,30141.370881740353
14205.25,429988.97473906813,608601.125,30075.642656942928
14210.25,430144.0158557933,609012.625,30570.886370910557
14215.25,430299.0569725185,609229.75,30274.767953487273
14220.25,430454.0980892437,609643.05,30809.99758110182
14225.25,430609.1392059689,609648.925,30796.938811359563
14230.25,430764.18032269407,609430.725,30824.48002774134
14235.25,430919.22143941926,609605.55,30697.596269455695
14240.25,431074.26255614444,609784.425,30779.42851626919
14245.25,431229.30367286963,609758.8,31175.304787964782
14250.25,431384.3447895948,610335.425,30510.022581737383
14255.25,431539.38590632,610915.2,31129.93389484629
14260.25,431694.4270230452,611305.325,30853.91835854281
14265.25,431849.4681397704,612103.325,30440.91644112616
14270.25,432004.50925649557,612911.225,30219.490232805467
14275.25,432159.55037322076,613123.4,30121.300554632435
14280.25,432314.59148994595,613311.95,30360.89700272375
14285.25,432469.63260667113,613912.65,30614.11023923446
14290.25,432624.6737233963,613921.45,30918.653161117803
14295.25,432779.7148401215,613925.75,31242.970228917096
14300.25,432934.7559568467,614133.2,31265.36548419033
14305.25,433089.7970735719,613924.0,31281.736567844186
14310.25,433244.8381902971,613890.725,31293.440172512594
14315.25,433399.87930702226,614441.925,30763.134006073327
14320.25,433554.92042374745,614391.325,30696.919333023063
14325.25,433709.96154047264,614944.55,30529.186183429458
14330.25,433865.0026571978,614699.575,30536.474494866383
14335.25,434020.043773923,614442.45,30552.982273175887
14340.25,434175.0848906482,614379.475,30596.845562584145
14345.25,434330.1260073734,614321.675,30764.901212065106
14350.25,434485.1671240986,614471.75,31244.18327605156
14355.25,434640.20824082376,614623.85,30922.47709276377
14360.25,434795.24935754895,614782.025,31256.962650433983
14365.25,434950.29047427414,615147.625,30985.66205365193
14370.25,435105.3315909993,615521.55,30622.98762690375
14375.25,435260.3727077245,615904.025,30281.37710158052
14380.25,435415.4138244497,616093.7,30418.736544850115
14385.25,435570.4549411749,616082.025,30351.020803559888
14390.25,435725.4960579001,616075.075,30732.44629785636
14395.25,435880.53717462526,616273.3,30887.856223724884
14400.25,436035.57829135045,616685.25,30569.80440647274
14405.25,436190.61940807564,617103.275,30760.633043398586
14410.25,436345.6605248008,617936.825,30909.15685724256
14415.25,436500.701641526,617976.9,31076.1008162221
14420.25,436655.7427582512,618604.375,31053.042668805017
14425.25,436810.7838749764,618433.425,31063.794297592252
14430.25,436965.8249917016,618453.7,31243.61448836386
14435.25,437120.86610842677,618863.85,31247.45872091041
14440.25,437275.90722515195,619081.425,31996.869709014118
14445.25,437430.94834187714,619081.9,31903.045885581207
14450.25,437585.98945860233,619079.675,31943.90349034734
14455.25,437741.0305753275,619281.725,31901.162824505707
14460.25,437896.0716920527,619487.15,31584.444171379684
14465.25,438051.1128087779,619494.375,31313.70904477183
14470.25,438206.1539255031,619891.475,31240.535423238587
14475.25,438361.19504222827,620486.775,30583.309482553144
14480.25,438516.23615895346,620885.9,30411.0363357614
14485.25,438671.27727567864,621083.9,31091.707761917805
14490.25,438826.31839240383,621486.4,31630.32055069945
14495.25,438981.359509129,621287.1,31654.81929011758
14500.25,439136.4006258542,621693.425,31493.50723939976
14505.25,439291.4417425794,622098.85,30853.63815383042
14510.25,439446.4828593046,622495.725,31373.648411814094
14515.25,439601.52397602977,622687.2,31233.01693696912
14520.25,439756.56509275496,622865.175,30882.383042976544
14525.25,439911.60620948015,622846.975,31261.639843314762
14530.25,440066.64732620533,623239.125,31548.389300257866
14535.25,440221.6884429305,623225.65,31596.495490639463
14540.25,440376.7295596557,623808.125,32004.329928981875
14545.25,440531.7706763809,624003.65,32081.21251375172
14550.25,440686.8117931061,623794.675,32111.1829054634
14555.25,440841.8529098313,624996.05,32159.933251407725
14560.25,440996.89402655646,625200.575,32548.65584860034
14565.25,441151.93514328165,625195.2,32635.505953217576
14570.25,441306.97626000684,625587.575,32802.50512328479
14575.25,441462.017376732,625385.575,32846.098153937935
14580.25,441617.0584934572,625583.8,33038.42288018604
14585.25,441772.0996101824,625573.025,33041.25464730607
14590.25,441927.1407269076,625357.3,33067.025589664096
14595.25,442082.1818436328,626149.675,32524.278748930392
14600.25,442237.22296035796,626145.2,32334.43506055116
14605.25,442392.26407708315,626534.425,32443.519568831078
14610.25,442547.30519380834,626724.325,32266.104395334507
14615.25,442702.3463105335,627098.025,31818.72617293353
14620.25,442857.3874272587,626869.025,31823.093508773232
14625.25,443012.4285439839,627038.675,31882.468502307423
14630.25,443167.4696607091,627413.05,32089.960444779295
14635.25,443322.5107774343,627990.8,32281.759297783014
14640.25,443477.55189415946,628360.0,32278.556021955195
14645.25,443632.59301088465,628122.9,32286.568611072624
14650.25,443787.63412760984,629094.575,32155.296015401957
14655.25,443942.675244335,629277.275,31759.608536718853
14660.25,444097.7163610602,629864.475,31241.716725087706
14665.25,444252.7574777854,629662.475,31225.19702628992
14670.25,444407.7985945106,629855.75,31166.092966756358
14675.25,444562.8397112358,630047.675,31467.16819461397
14680.25,444717.88082796097,630248.825,31402.36008567867
14685.25,444872.92194468615,630251.325,31162.424569513605
14690.25,445027.96306141134,630456.75,31229.462913249085
14695.25,445183.0041781365,630266.225,31225.890453766486
14700.25,445338.0452948617,630874.35,31174.26519486867
14705.25,445493.0864115869,630892.15,31099.559312633355
14710.25,445648.1275283121,631106.125,31169.08862403784
14715.25,445803.1686450373,631923.475,31351.617932821668
14720.25,445958.20976176247,632146.225,31321.86893299353
14725.25,446113.25087848766,632176.85,31173.614919150783
14730.25,446268.29199521284,632214.0,31196.078458077067
14735.25,446423.33311193803,632653.85,30774.851733436506
14740.25,446578.3742286632,633092.35,30855.450360957304
14745.25,446733.4153453884,632931.975,30863.49543543513
14750.25,446888.4564621136,633778.575,30134.59025688959
14755.25,447043.4975788388,633826.075,30060.00247963438
14760.25,447198.53869556397,634270.875,30013.393498413752
14765.25,447353.57981228916,634090.7,30010.953855175943
14770.25,447508.62092901435,634293.65,30261.463648136716
14775.25,447663.66204573953,634684.45,30806.649194978996
14780.25,447818.7031624647,634665.8,30593.144807865046
14785.25,447973.7442791899,634844.675,30683.57103586747
14790.25,448128.7853959151,635224.0,31167.682903931116
14795.25,448283.8265126403,635607.825,31193.978827461637
14800.25,448438.8676293655,635988.95,31424.33499252609
14805.25,448593.90874609066,636376.15,31592.545495575378
14810.25,448748.94986281585,636549.175,31381.56542204555
14815.25,448903.99097954103,636504.425,31267.460103326666
14820.25,449059.0320962662,636251.125,31314.89600219239
14825.25,449214.0732129914,636605.7,31336.823383361625
14830.25,449369.1143297166,636558.25,31778.229725906698
14835.25,449524.1554464418,636305.625,31827.024114785298
14840.25,449679.196563167,636241.525,31823.785219048423
14845.25,449834.23767989216,636176.075,31988.098187851447
14850.25,449989.27879661735,636314.0,32222.874779999067
14855.25,450144.31991334254,636657.775,32506.221643411973
14860.25,450299.3610300677,636802.225,32201.980357667835
14865.25,450454.4021467929,636941.95,31996.99823084972
14870.25,450609.4432635181,636887.075,31916.705263476444
14875.25,450764.4843802433,637230.625,31411.70842123403
14880.25,450919.5254969685,638195.325,31033.787675501757
14885.25,451074.56661369366,638585.225,30803.578032927035
14890.25,451229.60773041885,639183.675,31504.056135291925
14895.25,451384.64884714404,640202.15,32146.757824312546
14900.25,451539.6899638692,640217.25,32107.951226292844
14905.25,451694.7310805944,640431.9,32501.54058717833
14910.25,451849.7721973196,641060.725,33026.10243210096
14915.25,452004.8133140448,641098.775,32872.9813556
14920.25,452159.85443077,641134.8,33173.75105765099
14925.25,452314.89554749517,641172.85,33290.584974621575
14930.25,452469.93666422035,641411.575,33385.00264453524
14935.25,452624.97778094554,641446.025,33297.155283231405
14940.25,452780.0188976707,641483.625,33180.614062892586
14945.25,452935.0600143959,641309.075,33188.434683080864
14950.25,453090.1011311211,641529.35,33323.11950680788
14955.25,453245.1422478463,641739.275,32992.12843835822
14960.25,453400.1833645715,641955.95,33059.205593676925
14965.25,453555.22448129667,642170.375,33494.81099630396
14970.25,453710.26559802186,641968.15,33523.2702363597
14975.25,453865.30671474704,642565.925,32849.724494288
14980.25,454020.34783147223,642972.925,33590.150274308464
14985.25,454175.3889481974,642970.7,33491.66374745363
14990.25,454330.4300649226,642965.325,33321.74061687241
14995.25,454485.4711816478,642956.575,33309.53611712605
15000.25,454640.512298373,643346.925,33079.74007853032
15005.25,454795.55341509817,644157.3,33711.33749827348
15010.25,454950.59453182336,644571.725,33680.377882279245
15015.25,455105.63564854854,645180.975,33986.568811526486
15020.25,455260.67676527373,644988.875,34033.639813655325
15025.25,455415.7178819989,645201.95,34220.865954633584
15030.25,455570.7589987241,645625.6,34133.34371223394
15035.25,455725.8001154493,646050.6,33655.65338806394
15040.25,455880.8412321745,646463.225,33215.267444062905
15045.25,456035.8823488997,646457.85,33296.23837504021
15050.25,456190.92346562486,646850.9,33412.88137402999
15055.25,456345.96458235005,646836.525,33244.33720734442
15060.25,456501.00569907523,646822.15,33054.466122068894
15065.25,456656.0468158004,646787.75,33455.210545220005
15070.25,456811.0879325256,646954.25,33342.225284727174
15075.25,456966.1290492508,647714.45,33655.58558281968
15080.25,457121.170165976,648079.6,33429.51477179261
15085.25,457276.2112827012,648249.25,33164.361186746835
15090.25,457431.25239942636,649029.7,32861.910083294
15095.25,457586.29351615155,649018.475,32878.85125929167
15100.25,457741.33463287674,650014.9,32730.58957099612
15105.25,457896.3757496019,650026.625,32562.86666458629
15110.25,458051.4168663271,650033.4,32917.79201040069
15115.25,458206.4579830523,650240.625,33306.58684052788
15120.25,458361.4990997775,650245.375,33597.43217629325
15125.25,458516.5402165027,650241.125,33400.60289991971
15130.25,458671.58133322786,650428.325,33497.332281849325
15135.25,458826.62244995305,651235.55,33970.92756880506
15140.25,458981.66356667824,651241.2,33899.72421602424
15145.25,459136.7046834034,651445.95,33831.95818061674
15150.25,459291.7458001286,651453.625,33750.11771891507
15155.25,459446.7869168538,651666.925,33529.7462106504
15160.25,459601.828033579,652287.65,33557.159241211106
15165.25,459756.8691503042,652522.325,33908.05592463426
15170.25,459911.91026702937,653156.775,34603.18015360908
15175.25,460066.95138375455,653205.625,34388.043027746215
15180.25,460221.99250047974,653243.45,34498.872220479905
15185.25,460377.0336172049,653674.525,34724.066153650914
15190.25,460532.0747339301,653696.375,34538.83632218412
15195.25,460687.1158506553,654111.7,34068.927647087745
15200.25,460842.1569673805,654525.45,33736.23525339631
15205.25,460997.1980841057,654737.625,33701.87158309053
15210.25,461152.23920083087,655144.4,33526.663648915324
15215.25,461307.28031755605,655156.35,33640.35029677901
15220.25,461462.32143428124,655164.475,33758.8439728114
15225.25,461617.36255100643,655374.85,34029.006015677274
15230.25,461772.4036677316,655375.55,33839.91762822421
15235.25,461927.4447844568,655363.425,33794.193167993006
15240.25,462082.485901182,655550.625,34517.275240857656
15245.25,462237.5270179072,655338.5,34570.2488832522
15250.25,462392.56813463237,655523.225,34721.58207917123
15255.25,462547.60925135756,655900.75,34245.45133243976
15260.25,462702.65036808274,656284.35,34001.02721871062
15265.25,462857.69148480793,656668.4,34453.192095798615
15270.25,463012.7326015331,657262.575,34032.90013484195
15275.25,463167.7737182583,657447.075,34673.85526716239
15280.25,463322.8148349835,658026.4,34555.02384010174
15285.25,463477.8559517087,658003.7,34976.869272027485
15290.25,463632.8970684339,657977.85,34801.46349440638
15295.25,463787.93818515906,658344.125,34665.15156216867
15300.25,463942.97930188425,658514.675,34266.48159135433
15305.25,464098.02041860943,658686.575,34093.30249734726
15310.25,464253.0615353346,659274.45,33541.37659030261
15315.25,464408.1026520598,659472.0,33431.30746639294
15320.25,464563.143768785,660065.05,33202.98889516575
15325.25,464718.1848855102,660068.45,33286.621339661375
15330.25,464873.2260022354,660268.7,33022.263279263585
15335.25,465028.26711896056,660665.8,32662.44695380308
15340.25,465183.30823568575,661472.125,33601.229190546364
15345.25,465338.34935241094,661482.05,33506.38905078403
15350.25,465493.3904691361,662096.25,33294.963221371785
15355.25,465648.4315858613,661907.525,33289.79890305175
15360.25,465803.4727025865,662517.9,32658.60353283649
15365.25,465958.5138193117,662725.35,32542.229467877583
15370.25,466113.5549360369,662929.65,32410.72896013757
15375.25,466268.59605276206,662934.175,32207.815591493083
15380.25,466423.63716948725,663131.05,32298.38258756157
15385.25,466578.67828621244,663119.6,32583.108509087953
15390.25,466733.7194029376,662911.525,32581.66005198515
15395.25,466888.7605196628,662902.775,32662.0278667465
15400.25,467043.801636388,663086.825,32516.890371015266
15405.25,467198.8427531132,663270.2,32285.25840956674
15410.25,467353.8838698384,663452.9,32012.03430141546
15415.25,467508.92498656356,663638.075,32781.62950801295
15420.25,467663.96610328875,663626.175,32720.081589149882
15425.25,467819.00722001394,664809.775,32706.29799966858
15430.25,467974.0483367391,664814.75,32673.430059644794
15435.25,468129.0894534643,664606.225,32677.959673044534
15440.25,468284.1305701895,665190.275,33062.21658960762
15445.25,468439.1716869147,665578.375,32755.64432282053
15450.25,468594.2128036399,665769.4,32949.39055737602
15455.25,468749.25392036507,665562.45,32950.01628732526
15460.25,468904.29503709025,666356.4,32607.929283036356
15465.25,469059.33615381544,666153.05,32608.06324492456
15470.25,469214.37727054063,666125.85,32690.52009627562
15475.25,469369.4183872658,666490.325,32489.61572045944
15480.25,469524.459503991,666869.875,32854.90577814255
15485.25,469679.5006207162,667248.75,33064.60775682209
15490.25,469834.5417374414,667832.35,33516.904382191984
15495.25,469989.58285416657,667827.875,33632.87366648329
15500.25,470144.62397089176,668426.325,33248.43377815901
15505.25,470299.66508761694,669434.225,32927.98306616464
15510.25,470454.70620434213,669445.95,32724.536103816656
15515.25,470609.7473210673,669447.325,32533.178246800988
15520.25,470764.7884377925,670245.1,31854.417983460316
15525.25,470919.8295545177,670242.65,32216.27223783813
15530.25,471074.8706712429,670433.45,31997.962021197538
15535.25,471229.91178796807,670422.45,31807.84718681854
15540.25,471384.95290469326,670404.25,31643.42527307213
15545.25,471539.99402141845,670375.025,31917.75284842473
15550.25,471695.03513814363,670745.125,32781.97924570182
15555.25,471850.0762548688,670921.525,33275.32110803929
15560.25,472005.117371594,670894.325,33194.562650201085
15565.25,472160.1584883192,670661.95,33211.18734624674
15570.25,472315.1996050444,670622.15,33514.51254814845
15575.25,472470.2407217696,670984.6,33001.803730288746
15580.25,472625.28183849476,670934.675,32816.73842112627
15585.25,472780.32295521995,670878.225,32780.77576729424
15590.25,472935.36407194514,671216.6,32464.43071332069
15595.25,473090.4051886703,671760.825,32049.231341611376
15600.25,473245.4463053955,671706.4,32152.499084285813
15605.25,473400.4874221207,672250.85,32302.079185634473
15610.25,473555.5285388459,672593.95,32400.98587037901
15615.25,473710.5696555711,672544.7,32257.232171599902
15620.25,473865.61077229626,673107.6,32295.354740697618
15625.25,474020.65188902145,673282.2,32507.384004407366
15630.25,474175.69300574664,673268.5,32621.510737548622
15635.25,474330.7341224718,673458.625,32280.12093151333
15640.25,474485.775239197,674241.325,31672.92360499935
15645.25,474640.8163559222,674835.95,31707.33601644894
15650.25,474795.8574726474,674629.0,31694.846415663542
15655.25,474950.8985893726,675017.1,31811.29916440855
15660.25,475105.93970609776,675409.475,31691.450369628477
15665.25,475260.98082282295,675392.175,31602.274156310727
15670.25,475416.02193954814,675372.625,31973.394109253164
15675.25,475571.0630562733,675961.625,32610.45851108391
15680.25,475726.1041729985,676367.275,32491.58698849019
15685.25,475881.1452897237,676180.125,32502.470427309443
15690.25,476036.1864064489,676992.525,32533.992032651404
15695.25,476191.2275231741,677222.25,32937.26258339481
15700.25,476346.26863989927,677254.0,33049.71264152686
15705.25,476501.30975662445,677476.3,32569.21681450139
15710.25,476656.35087334964,677890.5,33411.96514461548
15715.25,476811.39199007483,677894.125,33171.64372740858
15720.25,476966.4331068,678300.45,32631.738538537906
15725.25,477121.4742235252,678309.025,32502.13371139078
15730.25,477276.5153402504,678516.7,32182.782400260236
15735.25,477431.5564569756,679326.175,31686.61739994702
15740.25,477586.59757370077,679132.275,31629.098812140142
15745.25,477741.63869042596,679733.425,31829.556083939107
15750.25,477896.67980715114,679932.55,31850.78311356724
15755.25,478051.72092387633,680330.1,32182.515750054412
15760.25,478206.7620406015,680925.85,33108.1464076819
15765.25,478361.8031573267,681314.85,33373.54539155977
15770.25,478516.8442740519,681104.525,33374.0823470193
15775.25,478671.8853907771,680876.425,33371.08687191841
15780.25,478826.92650750227,681045.175,33080.63840640965
15785.25,478981.96762422746,681421.35,32861.38417622575
15790.25,479137.00874095265,682004.95,32966.241521592965
15795.25,479292.04985767783,681985.625,32885.391187092864
15800.25,479447.090974403,682345.6,33178.26107148324
15805.25,479602.1320911282,682706.25,32913.82578548869
15810.25,479757.1732078534,682874.1,33135.31538125147
15815.25,479912.2143245786,683247.575,32949.57933969909
15820.25,480067.2554413038,683224.2,33057.00444436852
15825.25,480222.29655802896,683604.2,33082.45168794176
15830.25,480377.33767475415,683994.775,32395.060882110174
15835.25,480532.37879147934,683986.025,32168.32613213073
15840.25,480687.4199082045,684373.675,31502.764434262353
15845.25,480842.4610249297,684145.575,31465.749781717026
15850.25,480997.5021416549,684314.1,31519.084660963745
15855.25,481152.5432583801,684272.5,31599.15222972762
15860.25,481307.5843751053,684430.45,31513.88643673611
15865.25,481462.62549183046,684391.55,31802.59094315273
15870.25,481617.66660855565,684140.275,31801.12407102342
15875.25,481772.70772528084,684491.25,31732.476166381974
15880.25,481927.748842006,685064.95,32662.247031894487
15885.25,482082.7899587312,685244.275,32559.087230842713
15890.25,482237.8310754564,685833.05,33066.89036857714
15895.25,482392.8721921816,685621.825,33080.387257794086
15900.25,482547.9133089068,686018.025,32481.0028432871
15905.25,482702.95442563196,685809.725,32495.82977445914
15910.25,482857.99554235715,685785.225,32252.958695957255
15915.25,483013.03665908234,686782.1,32566.996737725138
15920.25,483168.0777758075,687184.15,32884.930182037795
15925.25,483323.1188925327,687587.325,32903.66476360384
15930.25,483478.1600092579,687788.475,33098.92601400573
15935.25,483633.2011259831,687980.85,32816.74642145379
15940.25,483788.2422427083,688169.4,32908.92265921205
15945.25,483943.28335943347,687950.3,32925.80250821535
15950.25,484098.32447615865,687926.475,32876.47316441691
15955.25,484253.36559288384,687906.475,33193.54333572457
15960.25,484408.40670960903,687690.975,33207.81529859537
15965.25,484563.4478263342,688084.925,33046.28629438753
15970.25,484718.4889430594,688493.95,33371.66652637384
15975.25,484873.5300597846,688306.125,33375.75496472889
15980.25,485028.5711765098,688501.2,33493.99572774201
15985.25,485183.61229323497,688899.2,32903.85083253934
15990.25,485338.65340996016,689296.075,32299.17076703557
15995.25,485493.69452668534,689900.6,32411.74568524503
16000.25,485648.73564341053,690318.175,31938.778571872863
16005.25,485803.7767601357,690139.35,31911.755396366087
16010.25,485958.8178768609,690163.0,31971.378911262178
16015.25,486113.8589935861,690587.325,32188.907898733145
16020.25,486268.9001103113,690814.8,31925.729613589097
16025.25,486423.94122703647,691049.25,32209.65868881569
16030.25,486578.98234376166,691476.95,32958.90084612956
16035.25,486734.02346048685,691502.4,33339.393264987586
16040.25,486889.06457721203,691726.95,33259.515312313255
16045.25,487044.1056939372,691541.825,33256.96300383012
16050.25,487199.1468106624,691743.65,33193.92337051317
16055.25,487354.1879273876,691937.6,33238.19777797076
16060.25,487509.2290441128,691720.75,33254.456287842084
16065.25,487664.270160838,691694.0,33656.48750334027
16070.25,487819.31127756316,691871.075,33455.88611516104
16075.25,487974.35239428835,692241.625,34107.02488990538
16080.25,488129.39351101354,692610.15,34581.625399227545
16085.25,488284.4346277387,693171.25,34633.31157624838
16090.25,488439.4757444639,693544.05,34544.145937264104
16095.25,488594.5168611891,693917.075,34271.07380084734
16100.25,488749.5579779143,693683.35,34326.91828110266
16105.25,488904.5990946395,693851.65,33985.43638093382
16110.25,489059.64021136466,694022.425,34078.87815972857
16115.25,489214.68132808985,694400.85,33884.180705050254
16120.25,489369.72244481504,694590.525,33692.18765649724
16125.25,489524.7635615402,694781.1,33531.33085157075
16130.25,489679.8046782654,694566.95,33540.82166457763
16135.25,489834.8457949906,694744.25,33489.225479809174
16140.25,489989.8869117158,695319.3,33029.72788088027
16145.25,490144.928028441,695704.925,33511.62690657714
16150.25,490299.96914516616,696906.975,33631.34087210359
16155.25,490455.01026189135,696710.825,33653.056419709115
16160.25,490610.05137861654,697103.65,33941.09784615842
16165.25,490765.0924953417,697504.125,33905.27024819482
16170.25,490920.1336120669,697497.85,33827.7613819626
16175.25,491075.1747287921,697891.575,33830.68498254395
16180.25,491230.2158455173,698092.05,33696.00105906486
16185.25,491385.2569622425,698296.8,33483.32547511522
16190.25,491540.29807896767,698503.8,33558.88368744557
16195.25,491695.33919569285,699127.45,33941.353965479924
16200.25,491850.38031241804,699347.725,33542.15769528885
16205.25,492005.4214291432,699569.125,33286.151446068754
16210.25,492160.4625458684,699385.35,33293.21290691242
16215.25,492315.5036625936,699592.8,33204.90674260357
16220.25,492470.5447793188,700005.2,33167.46453601029
16225.25,492625.585896044,700021.2,33076.24270242918
16230.25,492780.62701276917,700035.85,32997.0853315486
16235.25,492935.66812949436,700860.85,33811.04787587927
16240.25,493090.70924621954,701898.45,33289.979391477544
16245.25,493245.75036294473,702336.725,32874.70592082346
16250.25,493400.7914796699,702370.5,33248.88406867966
16255.25,493555.8325963951,702585.15,33319.46035674948
16260.25,493710.8737131203,702578.875,33120.9269951133
16265.25,493865.9148298455,702366.975,33104.13330394899
16270.25,494020.95594657067,702554.175,33570.30131735676
16275.25,494175.99706329586,702932.6,33349.31345211622
16280.25,494331.03818002105,702907.65,33161.56538641534
16285.25,494486.07929674623,703088.775,32777.572794986285
16290.25,494641.1204134714,703473.5,32795.819999658495
16295.25,494796.1615301966,703252.825,32777.32449767103
16300.25,494951.2026469218,703231.25,32677.423762821327
16305.25,495106.243763647,703810.575,32843.229725289275
16310.25,495261.2848803722,703776.625,32637.58137394107
16315.25,495416.32599709736,703751.675,32542.007984882017
16320.25,495571.36711382255,703513.675,32508.967847935823
16325.25,495726.40823054774,704062.625,33116.205775882976
16330.25,495881.4493472729,704220.8,33004.77769766826
16335.25,496036.4904639981,704787.075,32905.17439306659
16340.25,496191.5315807233,705974.05,32810.300449858725
16345.25,496346.5726974485,706173.4,32731.474379066698
16350.25,496501.6138141737,707170.5,32553.46748043901
16355.25,496656.65493089886,708183.35,32756.58248489912
16360.25,496811.69604762405,708199.125,33052.182278983106
16365.25,496966.73716434924,708412.2,33290.23892633545
16370.25,497121.7782810744,708429.1,33044.91359710296
16375.25,497276.8193977996,708435.875,32858.24715296945
16380.25,497431.8605145248,708642.2,32696.736399218804
16385.25,497586.90163125,709247.4,32377.929299756026
16390.25,497741.9427479752,709257.775,32488.804043171935
16395.25,497896.98386470036,709054.425,32492.996500409517
16400.25,498052.02498142555,709446.35,33308.1658081393
16405.25,498207.06609815074,709232.875,33344.11899744279
16410.25,498362.1072148759,709413.55,33628.84911367024
16415.25,498517.1483316011,709592.65,33823.148132455084
16420.25,498672.1894483263,709580.075,34186.64077641477
16425.25,498827.2305650515,709977.625,33684.86543877124
16430.25,498982.2716817767,709966.4,33582.63184932801
16435.25,499137.31279850187,710157.2,33462.72979838913
16440.25,499292.35391522705,710145.75,33527.57249451562
16445.25,499447.39503195224,710120.125,33914.94307201658
16450.25,499602.4361486774,710495.85,33895.5974682185
16455.25,499757.4772654026,710270.225,33929.32161023301
16460.25,499912.5183821278,710445.725,34155.403379159856
16465.25,500067.559498853,710827.75,33643.01763423578
16470.25,500222.6006155782,711015.625,33343.24130282065
16475.25,500377.64173230337,711202.15,33532.98423757569
16480.25,500532.68284902856,712394.525,33893.596587049076
16485.25,500687.72396575374,712989.6,33875.39737169145
16490.25,500842.76508247893,713392.55,34313.63395353952
16495.25,500997.8061992041,714001.8,34254.24025117183
16500.25,501152.8473159293,714210.825,34149.48091517095
16505.25,501307.8884326545,714421.65,34290.945738671304
16510.25,501462.9295493797,714433.375,34656.119080952
16515.25,501617.97066610487,714632.95,34510.57896497101
16520.25,501773.01178283006,714425.775,34505.02113976494
16525.25,501928.05289955524,714413.2,34401.12431116896
16530.25,502083.09401628043,714792.975,34625.29295371557
16535.25,502238.1351330056,714572.75,34626.104389607564
16540.25,502393.1762497308,714544.2,34504.09005063748
16545.25,502548.217366456,714915.2,34164.3907063334
16550.25,502703.2584831812,715290.025,33779.95020042399
16555.25,502858.2995999064,715667.775,33418.79913002747
16560.25,503013.34071663156,716057.0,33527.86654057338
16565.25,503168.38183335675,715841.725,33513.536463355
16570.25,503323.42295008193,716028.025,33467.65418774709
16575.25,503478.4640668071,716216.35,33278.7282686328
16580.25,503633.5051835323,716194.55,33216.61507133892
16585.25,503788.5463002575,716756.775,33389.78009238942
16590.25,503943.5874169827,716924.85,33624.684361381005
16595.25,504098.6285337079,717295.4,33857.920251249925
16600.25,504253.66965043306,717277.2,33703.23766435504
16605.25,504408.71076715825,717665.525,33913.45678791275
16610.25,504563.75188388344,717863.525,34436.45736905329
16615.25,504718.7930006086,718062.2,34350.5035661415
16620.25,504873.8341173338,718460.65,34231.04811556316
16625.25,505028.875234059,718668.775,33864.130820170554
16630.25,505183.9163507842,718881.175,33817.39268761157
16635.25,505338.9574675094,719294.7,33606.43800483026
16640.25,505493.99858423456,720117.225,33182.13867155228
16645.25,505649.03970095975,720142.675,33016.52833772238
16650.25,505804.08081768494,720359.8,33246.64613889648
16655.25,505959.1219344101,720363.425,33016.24261406233
16660.25,506114.1630511353,720349.725,32969.28039430228
16665.25,506269.2041678605,720324.325,33353.53463784797
16670.25,506424.2452845857,720088.8,33371.47970794073
16675.25,506579.2864013109,720453.725,33474.07981473315
16680.25,506734.32751803607,720424.275,33433.76806976929
16685.25,506889.36863476125,720593.025,33036.28396559796
16690.25,507044.40975148644,721362.675,33675.572083494364
16695.25,507199.4508682116,722151.675,33787.53601182876
16700.25,507354.4919849368,722145.85,33981.21812306763
16705.25,507509.533101662,722341.15,34471.464965279614
16710.25,507664.5742183872,722527.675,34702.563096630554
16715.25,507819.6153351124,722498.225,34617.0496505064
16720.25,507974.65645183757,722855.95,34125.722777473886
16725.25,508129.69756856275,723228.75,33949.40508075952
16730.25,508284.73868528794,723004.25,33966.422910537694
16735.25,508439.77980201313,722978.175,33920.50130600409
16740.25,508594.8209187383,723760.2,33794.5150140522
16745.25,508749.8620354635,723740.425,33678.6324733595
16750.25,508904.9031521887,724124.925,34029.407985052065
16755.25,509059.9442689139,724713.475,34505.61749328832
16760.25,509214.98538563907,724689.2,34444.429957142565
16765.25,509370.02650236426,725062.45,34493.45682459211
16770.25,509525.06761908944,725229.175,34100.30410605784
16775.25,509680.10873581463,725400.4,33767.76173275333
16780.25,509835.1498525398,725172.75,33745.85642916031
16785.25,509990.190969265,725535.65,34118.99538402325
16790.25,510145.2320859902,725480.775,34415.874594881716
16795.25,510300.2732027154,725425.9,34350.53115513645
16800.25,510455.3143194406,725985.425,34697.89008463807
16805.25,510610.35543616576,725955.075,34641.03747436882
16810.25,510765.39655289095,726338.9,34412.30591776
16815.25,510920.43766961613,726722.725,35178.93736908671
16820.25,511075.4787863413,726504.3,35188.42330561289
16825.25,511230.5199030665,727087.225,35091.438524134704
16830.25,511385.5610197917,727075.775,35061.493434116936
16835.25,511540.6021365169,727070.85,34948.71457153324
16840.25,511695.6432532421,727463.0,35369.80257931899
16845.25,511850.68436996726,727263.025,35429.122167266934
16850.25,512005.72548669245,727865.525,34762.635203341895
16855.25,512160.76660341764,728261.275,34848.46305281088
16860.25,512315.8077201428,728261.75,34942.377956787655
16865.25,512470.848836868,728656.825,34924.618547496335
16870.25,512625.8899535932,729054.375,34864.30312659533
16875.25,512780.9310703184,728848.55,34867.65539038293
16880.25,512935.9721870436,728837.325,34677.76151495545
16885.25,513091.01330376876,729227.45,34794.8005361074
16890.25,513246.05442049395,729420.05,34569.04629719339
16895.25,513401.09553721914,729809.275,35003.6942531517
16900.25,513556.1366539443,730207.95,35040.96322641545
16905.25,513711.1777706695,730201.0,34968.966796110806
16910.25,513866.2188873947,730383.7,34647.51907619072
16915.25,514021.2600041199,730569.55,35085.16833770361
16920.25,514176.3011208451,730547.75,35417.1020197164
16925.25,514331.34223757026,731133.6,34729.01644702165
16930.25,514486.38335429545,731119.45,34508.54206783445
16935.25,514641.42447102064,731305.075,34034.67655679461
16940.25,514796.4655877458,731289.8,33814.4306721997
16945.25,514951.506704471,731269.35,33605.521819747126
16950.25,515106.5478211962,731443.725,33487.042524208155
16955.25,515261.5889379214,731214.95,33469.979920967984
16960.25,515416.6300546466,731577.4,33515.32886851925
16965.25,515571.67117137177,732335.125,33411.972036466585
16970.25,515726.71228809695,732307.025,33300.44192658147
16975.25,515881.75340482214,732282.975,33661.960935797026
16980.25,516036.79452154733,732849.7,34106.64931025181
16985.25,516191.8356382725,733825.65,34521.495147987145
16990.25,516346.8767549977,733814.65,34464.06676075823
16995.25,516501.9178717229,734405.45,34016.90160894287
17000.25,516656.9589884481,734395.575,33830.59653203184
17005.25,516812.00010517327,734372.65,33813.90575916955
17010.25,516967.04122189846,734539.375,33428.03448160129
17015.25,517122.08233862364,734700.475,33199.28793201934
17020.25,517277.12345534883,734464.95,33222.62614691229
17025.25,517432.164572074,734833.925,33924.5806787
17030.25,517587.2056887992,735000.875,33893.735925914465
17035.25,517742.2468055244,734762.875,33926.63852735229
17040.25,517897.2879222496,735126.9,33857.47600165287
17045.25,518052.32903897477,735694.3,33715.29083438997
17050.25,518207.37015569996,735657.425,33648.398773576504
17055.25,518362.41127242515,735818.75,33253.99864527573
17060.25,518517.45238915033,736178.275,33275.14598849455
17065.25,518672.4935058755,737139.6,32935.08319638042
17070.25,518827.5346226007,737513.3,33414.44282058284
17075.25,518982.5757393259,737684.525,32933.32580598451
17080.25,519137.6168560511,738060.475,33215.89039365233
17085.25,519292.6579727763,738431.7,33000.224721166676
17090.25,519447.69908950146,738207.2,33001.76636102225
17095.25,519602.74020622665,738182.025,32912.90327999226
17100.25,519757.78132295184,738364.725,32611.8344248775
17105.25,519912.822439677,738966.775,32356.363369214178
17110.25,520067.8635564022,739586.375,32035.507362973432
17115.25,520222.9046731274,739615.65,31832.524913247147
17120.25,520377.9457898526,739657.525,32171.608585142665
17125.25,520532.9869065778,739889.275,32571.139824707163
17130.25,520688.02802330296,739706.4,32583.785156539132
17135.25,520843.06914002815,740521.275,32795.896669676906
17140.25,520998.11025675334,740739.075,32521.63396226618
17145.25,521153.1513734785,740558.9,32536.38265411507
17150.25,521308.1924902037,740574.9,32918.249937003035
17155.25,521463.2336069289,740989.775,33024.935236206366
17160.25,521618.2747236541,741009.15,33306.17042347408
17165.25,521773.3158403793,741023.35,33521.24672021463
17170.25,521928.35695710446,741631.025,33459.642131501125
17175.25,522083.39807382965,741645.0,33246.703097638114
17180.25,522238.43919055484,741660.325,33182.610656986064
17185.25,522393.48030728,742280.375,33068.3740207789
17190.25,522548.5214240052,742301.775,33360.464420000586
17195.25,522703.5625407304,742527.225,33592.59764450533
17200.25,522858.6036574556,742740.525,33334.08516227234
17205.25,523013.6447741808,742944.15,33910.399793647375
17210.25,523168.68589090597,742946.65,33763.309633054334
17215.25,523323.72700763115,743149.375,34138.9808135894
17220.25,523478.76812435634,743134.775,34383.080940240434
17225.25,523633.80924108153,743110.725,34198.48705378829
17230.25,523788.8503578067,743072.275,34050.441606800414
17235.25,523943.8914745319,743228.425,33781.10730738596
17240.25,524098.9325912571,743594.025,33810.098330870394
17245.25,524253.9737079823,743361.2,33840.23978080681
17250.25,524409.0148247074,743528.825,33583.61004977911
17255.25,524564.0559414326,744507.475,33830.3414142634
17260.25,524719.0970581578,744484.1,33886.980498452496
17265.25,524874.138174883,744248.125,33922.83587925138
17270.25,525029.1792916082,744612.15,34179.10400142169
17275.25,525184.2204083333,744778.65,34187.298424488006
17280.25,525339.2615250585,745148.75,33863.75689989225
17285.25,525494.3026417837,745736.85,34363.01457366627
17290.25,525649.3437585089,745926.975,34242.409176971254
17295.25,525804.3848752341,746522.95,34206.33496258405
17300.25,525959.4259919593,746314.65,34213.97704615761
17305.25,526114.4671086845,746903.425,34054.87841944418
17310.25,526269.5082254097,747097.825,33767.75100448096
17315.25,526424.5493421349,747085.7,34054.1475592181
17320.25,526579.59045886,747264.575,33737.874947907214
17325.25,526734.6315755852,747243.225,33532.00973462708
17330.25,526889.6726923104,747213.325,33574.372729071576
17335.25,527044.7138090356,747388.375,33735.63886219772
17340.25,527199.7549257608,747361.625,33658.42674599669
17345.25,527354.796042486,747723.175,33664.835777493776
17350.25,527509.8371592112,748295.75,34294.499061620656
17355.25,527664.8782759364,749087.9,34158.78745070586
17360.25,527819.9193926615,749084.325,34359.8924059815
17365.25,527974.9605093867,749470.85,34746.29573605653
17370.25,528130.0016261119,749660.075,34471.25110310221
17375.25,528285.0427428371,750245.25,34769.88802595573
17380.25,528440.0838595623,750630.425,35253.03731418933
17385.25,528595.1249762875,750418.3,35276.182282774025
17390.25,528750.1660930127,750805.05,35857.39890486342
17395.25,528905.2072097379,750777.4,35681.944036550194
17400.25,529060.248326463,750951.1,35224.55223175307
17405.25,529215.2894431882,750926.825,35011.99044971058
17410.25,529370.3305599134,751514.25,34989.59295704938
17415.25,529525.3716766386,751492.45,35349.19166752615
17420.25,529680.4127933638,751875.15,35359.95610577733
17425.25,529835.453910089,752263.7,34984.1096815397
17430.25,529990.4950268142,752252.925,35346.475601898775
17435.25,530145.5361435394,752850.475,35859.6486974653
17440.25,530300.5772602645,753456.8,35893.59405290866
17445.25,530455.6183769897,753670.775,36045.67943170339
17450.25,530610.6594937149,753679.8,36349.051607435365
17455.25,530765.7006104401,753675.55,36166.347828091515
17460.25,530920.7417271653,754683.0,36660.19119784429
17465.25,531075.7828438905,754512.5,36684.14777069927
17470.25,531230.8239606157,754530.75,37051.886458215595
17475.25,531385.8650773409,754544.05,37012.731675364084
17480.25,531540.906194066,754357.8,37028.50538720135
17485.25,531695.9473107912,755369.975,37571.548972003075
17490.25,531850.9884275164,755397.9,37345.41380564687
17495.25,532006.0295442416,755629.875,37168.476324072326
17500.25,532161.0706609668,755647.45,37525.59820272689
17505.25,532316.111777692,755856.25,37224.98114304425
17510.25,532471.1528944172,756255.825,37112.494962116536
17515.25,532626.1940111424,756663.5,37022.43336174704
17520.25,532781.2351278675,756661.05,37073.65474005766
17525.25,532936.2762445927,756860.85,37317.826293240876
17530.25,533091.3173613179,757662.225,37561.6349197306
17535.25,533246.3584780431,757455.725,37557.31404158349
17540.25,533401.3995947683,758057.325,38006.78195303602
17545.25,533556.4407114935,758462.525,38194.89774636955
17550.25,533711.4818282187,758261.65,38206.19526729271
17555.25,533866.5229449439,758054.925,38218.43643715197
17560.25,534021.564061669,758442.35,37985.55302302442
17565.25,534176.6051783942,758219.65,38010.63353789962
17570.25,534331.6462951194,758383.45,38157.495261874836
17575.25,534486.6874118446,758347.7,38130.65906554069
17580.25,534641.7285285698,758306.55,38327.39619332365
17585.25,534796.769645295,758460.45,38052.360557329426
17590.25,534951.8107620202,758608.725,38272.37175536192
17595.25,535106.8518787454,758550.475,38253.324336332196
17600.25,535261.8929954706,759095.825,37724.39618106067
17605.25,535416.9341121957,759253.325,37277.8178039652
17610.25,535571.9752289209,759820.725,37234.46322619846
17615.25,535727.0163456461,760002.525,37108.72797544568
17620.25,535882.0574623713,760193.325,37631.39933221492
17625.25,536037.0985790965,760185.925,37435.729399206655
17630.25,536192.1396958217,760982.8,38111.96022408845
17635.25,536347.1808125469,761000.375,38290.34804641537
17640.25,536502.221929272,761631.9,38326.37387364607
17645.25,536657.2630459972,761461.4,38339.109000340635
17650.25,536812.3041627224,762281.225,37568.02048908253
17655.25,536967.3452794476,762502.4,37142.3183276502
17660.25,537122.3863961728,763319.75,37425.679342364645
17665.25,537277.427512898,763950.375,37205.77512870986
17670.25,537432.4686296232,763783.25,37188.79399009196
17675.25,537587.5097463484,763790.25,37545.427635898624
17680.25,537742.5508630736,763790.95,37497.85762176954
17685.25,537897.5919797987,763791.65,37401.302115401006
17690.25,538052.6330965239,764187.85,37314.341671500784
17695.25,538207.6742132491,764792.825,37327.29507177858
17700.25,538362.7153299743,764994.2,36858.44893250393
17705.25,538517.7564466995,764992.2,36865.54622947421
17710.25,538672.7975634247,765393.125,36992.343858265114
17715.25,538827.8386801499,765998.775,37467.281230836925
17720.25,538982.8797968751,765796.55,37464.058026293686
17725.25,539137.9209136002,766184.875,37809.53856010577
17730.25,539292.9620303254,766379.275,38094.7375503576
17735.25,539448.0031470506,766985.6,37218.323546540894
17740.25,539603.0442637758,767190.575,36929.512271192056
17745.25,539758.085380501,767393.75,37464.429353388
17750.25,539913.1264972262,767198.95,37457.017849096046
17755.25,540068.1676139514,767595.15,37229.38082855395
17760.25,540223.2087306766,767788.875,37043.898103677275
17765.25,540378.2498474017,767773.825,36875.47158241675
17770.25,540533.2909641269,768166.875,36660.59199914979
17775.25,540688.3320808521,768561.725,36172.49810671949
17780.25,540843.3731975773,768756.575,36519.808348355626
17785.25,540998.4143143025,769143.775,36550.03521432127
17790.25,541153.4554310277,769131.65,36508.9318559856
17795.25,541308.4965477529,769508.95,36609.209168390946
17800.25,541463.5376644781,769278.6,36624.49686756802
17805.25,541618.5787812033,770056.8,36432.47337709177
17810.25,541773.6198979284,769826.225,36456.406010715385
17815.25,541928.6610146536,770191.825,36787.328706541404
17820.25,542083.7021313788,770363.5,36810.422497235755
17825.25,542238.743248104,770741.025,37019.67821737684
17830.25,542393.7843648292,770919.9,37249.436706848326
17835.25,542548.8254815544,770899.675,37344.26271531713
17840.25,542703.8665982796,771282.375,37305.889420480584
17845.25,542858.9077150048,771467.325,37038.539887873885
17850.25,543013.9488317299,771660.6,37015.77197935361
17855.25,543168.9899484551,772043.975,36848.1585127483
17860.25,543324.0310651803,772225.325,37059.68385271419
17865.25,543479.0721819055,772204.425,37067.384244448986
17870.25,543634.1132986307,772789.6,36565.60936252123
17875.25,543789.1544153559,772973.425,36740.066365286075
17880.25,543944.1955320811,772756.125,36761.68648356091
17885.25,544099.2366488063,772726.0,36942.88647628931
17890.25,544254.2777655314,772904.2,36989.17698847867
17895.25,544409.3188822566,773284.425,36589.20618127189
17900.25,544564.3599989818,773678.15,36747.49770940193
17905.25,544719.401115707,774079.525,36355.1804650056
17910.25,544874.4422324322,774077.75,36075.63270754929
17915.25,545029.4833491574,774078.225,36094.78022450926
17920.25,545184.5244658826,774073.075,36436.36095613316
17925.25,545339.5655826078,774269.05,36440.87794356086
17930.25,545494.606699333,774456.25,36962.75897897098
17935.25,545649.6478160581,775047.5,37165.09191667633
17940.25,545804.6889327833,775242.8,36714.42831755657
17945.25,545959.7300495085,775230.675,36867.08103088886
17950.25,546114.7711662337,775608.425,37672.51672307844
17955.25,546269.8122829589,775389.1,37676.20860456901
17960.25,546424.8533996841,775361.45,37944.21321934347
17965.25,546579.8945164093,775530.425,37923.74034296492
17970.25,546734.9356331344,775705.7,37695.53843689595
17975.25,546889.9767498596,775484.575,37699.921275953944
17980.25,547045.0178665848,775663.0,37396.20583545208
17985.25,547200.05898331,776244.125,38215.909061418715
17990.25,547355.1001000352,776014.9,38227.519687915934
17995.25,547510.1412167604,776176.9,38390.66318996065
18000.25,547665.1823334856,776333.5,38711.33438364661
18005.25,547820.2234502108,777291.9,38394.03961280969
18010.25,547975.264566936,777265.6,38351.24480235289
18015.25,548130.3056836611,777242.9,38140.52226556422
18020.25,548285.3468003863,777215.7,37986.31947553619
18025.25,548440.3879171115,777584.225,37918.64572912151
18030.25,548595.4290338367,778163.1,37715.21669286815
18035.25,548750.4701505619,778751.65,37809.852516606035
18040.25,548905.5112672871,779357.3,37669.38836124101
18045.25,549060.5523840123,779985.225,38025.47019111828
18050.25,549215.5935007375,780010.225,38445.82913910331
18055.25,549370.6346174626,780019.025,38263.620474846924
18060.25,549525.6757341878,780238.85,38011.97932662149
18065.25,549680.716850913,780258.45,37961.13426433673
18070.25,549835.7579676382,780260.725,37799.14365604894
18075.25,549990.7990843634,780463.45,37682.34869716855
18080.25,550145.8402010886,780467.525,37659.23235716077
18085.25,550300.8813178138,780673.85,37603.23237754968
18090.25,550455.922434539,781084.675,38006.759985075354
18095.25,550610.9635512641,780884.025,38064.966661690705
18100.25,550766.0046679893,780875.05,38057.01202896124
18105.25,550921.0457847145,781271.475,37958.72650927089
18110.25,551076.0869014397,781872.4,37801.92471392825
18115.25,551231.1280181649,782290.875,37521.11093658642
18120.25,551386.1691348901,782106.2,37529.4985625974
18125.25,551541.2102516153,782317.7,37397.584340569374
18130.25,551696.2513683405,782517.725,37963.49262473258
18135.25,551851.2924850656,783106.275,37270.3731471879
18140.25,552006.3336017908,783294.825,37626.47852909737
18145.25,552161.374718516,783682.25,37990.6201094428
18150.25,552316.4158352412,784077.775,37418.03995709322
18155.25,552471.4569519664,783876.45,37406.163816742825
18160.25,552626.4980686916,783865.225,37315.34783176522
18165.25,552781.5391854168,784045.45,37363.5693859674
18170.25,552936.580302142,784632.2,37394.54841029639
18175.25,553091.6214188671,784618.95,37309.591167151644
18180.25,553246.6625355923,785210.425,37575.80247314254
18185.25,553401.7036523175,785606.4,37943.829845443914
18190.25,553556.7447690427,785595.85,38213.08730759005
18195.25,553711.7858857679,785372.25,38227.618751859234
18200.25,553866.8270024931,785338.075,38149.034347059496
18205.25,554021.8681192183,785286.125,38102.599040657646
18210.25,554176.9092359435,786446.1,38343.32687512261
18215.25,554331.9503526686,786222.5,38365.1780277376
18220.25,554486.9914693938,786404.075,38577.59671445494
18225.25,554642.032586119,786991.5,38373.49088368167
18230.25,554797.0737028442,787787.925,38005.5552051358
18235.25,554952.1148195694,788187.05,38168.36021968982
18240.25,555107.1559362946,789192.25,37758.67119781892
18245.25,555262.1970530198,789412.975,38091.74830088697
18250.25,555417.238169745,790018.4,37529.86428119611
18255.25,555572.2792864701,790030.8,37478.97637356175
18260.25,555727.3204031953,789831.95,37488.05583862679
18265.25,555882.3615199205,790212.4,37697.180715074704
18270.25,556037.4026366457,790189.25,37676.86955580307
18275.25,556192.4437533709,790165.2,37506.70476058247
18280.25,556347.4848700961,790541.15,37994.54874949168
18285.25,556502.5259868213,791326.55,38596.64766705782
18290.25,556657.5671035465,791709.7,38856.183468143136
18295.25,556812.6082202716,791894.2,38746.40391262136
18300.25,556967.6493369968,791872.85,38565.90570247897
18305.25,557122.690453722,791835.75,38537.358333018885
18310.25,557277.7315704472,791586.95,38580.61216365676
18315.25,557432.7726871724,791531.175,38876.59893304229
18320.25,557587.8138038976,792077.875,38638.318266205955
18325.25,557742.8549206228,792445.725,38839.03703901688
18330.25,557897.896037348,792216.725,38885.905732901796
18335.25,558052.9371540732,792797.4,38938.14582742096
18340.25,558207.9782707983,793180.775,38881.35903383683
18345.25,558363.0193875235,793359.875,39675.52758679618
18350.25,558518.0605042487,793145.95,39710.475636757365
18355.25,558673.1016209739,792924.6,39741.11470020688
18360.25,558828.1427376991,793314.275,39730.80451055107
18365.25,558983.1838544243,793508.675,39482.7227100744
18370.25,559138.2249711495,793708.925,39707.97873539555
18375.25,559293.2660878747,793707.825,39985.42355050306
18380.25,559448.3072045998,793916.85,40028.0258759722
18385.25,559603.348321325,794331.05,39695.47266641374
18390.25,559758.3894380502,794549.525,40005.11520112927
18395.25,559913.4305547754,794772.5,39746.82824232645
18400.25,560068.4716715006,794797.95,39507.79846147467
18405.25,560223.5127882258,795023.625,39684.765972481495
18410.25,560378.553904951,795441.875,39798.19617979721
18415.25,560533.5950216762,795259.225,39806.03018018282
18420.25,560688.6361384013,795690.975,40629.952558803525
18425.25,560843.6772551265,795919.575,40630.183684677395
18430.25,560998.7183718517,796353.8,40275.8508898012
18435.25,561153.7594885769,796586.675,40135.61814804433
18440.25,561308.8006053021,796397.5,40148.50057645366
18445.25,561463.8417220273,796597.3,40265.732758264814
18450.25,561618.8828387525,797185.85,41130.92481822527
18455.25,561773.9239554777,797587.675,40833.45918056203
18460.25,561928.9650722028,797581.175,40801.655929179215
18465.25,562084.006188928,797365.0,40832.44373733343
18470.25,562239.0473056532,797549.275,40558.768544152386
18475.25,562394.0884223784,797522.525,40970.108071838484
18480.25,562549.1295391036,797293.525,40993.91910537617
18485.25,562704.1706558288,798071.5,40821.99601960933
18490.25,562859.211772554,798047.45,40605.76878132589
18495.25,563014.2528892792,798211.7,40813.5590338554
18500.25,563169.2940060043,798576.175,40208.93039597205
18505.25,563324.3351227295,798940.425,40073.07563721089
18510.25,563479.3762394547,799305.125,39627.503174444704
18515.25,563634.4173561799,799471.175,39185.23206165334
18520.25,563789.4584729051,799225.075,39153.772666891564
18525.25,563944.4995896303,799576.95,39014.30435218601
18530.25,564099.5407063555,800139.625,38660.3277875476
18535.25,564254.5818230807,800302.3,38703.43760859622
18540.25,564409.6229398058,800064.525,38668.475763121634
18545.25,564564.664056531,800023.825,38455.4333145932
18550.25,564719.7051732562,800383.575,38468.27962377737
18555.25,564874.7462899814,800344.225,38219.27984137227
18560.25,565029.7874067066,800905.775,38432.34616918573
18565.25,565184.8285234318,800872.5,38693.97197513458
18570.25,565339.869640157,801234.5,39183.883791202985
18575.25,565494.9107568822,801801.9,39500.43319575748
18580.25,565649.9518736074,802595.85,39656.72232440548
18585.25,565804.9929903325,802399.25,39685.7898601628
18590.25,565960.0341070577,802599.05,40041.385319098285
18595.25,566115.0752237829,803009.425,39556.245876923465
18600.25,566270.1163405081,802814.625,39575.31033205078
18605.25,566425.1574572333,803220.725,38930.839047509944
18610.25,566580.1985739585,803634.025,38967.29895140443
18615.25,566735.2396906837,804257.9,38580.203251667815
18620.25,566890.2808074089,804698.2,39018.26129147735
18625.25,567045.321924134,804536.7,39020.69164123056
18630.25,567200.3630408592,804971.6,39022.331716947665
18635.25,567355.4041575844,804999.525,38964.97904039119
18640.25,567510.4452743096,805217.775,39153.5114476419
18645.25,567665.4863910348,805232.425,38913.35110891408
18650.25,567820.52750776,805439.65,38862.274307192834
18655.25,567975.5686244852,805654.975,38714.13772277674
18660.25,568130.6097412104,805463.1,38711.14670095036
18665.25,568285.6508579355,805254.125,38720.88480527176
18670.25,568440.6919746607,805239.075,38999.063650306074
18675.25,568595.7330913859,805408.275,39330.91074546996
18680.25,568750.7742081111,805579.95,39096.99114714584
18685.25,568905.8153248363,805353.65,39113.38251532332
18690.25,569060.8564415615,805323.3,38886.002121553975
18695.25,569215.8975582867,805483.95,39073.207671913755
18700.25,569370.9386750119,805245.725,39071.793891733774
18705.25,569525.979791737,805605.7,39457.34075995872
18710.25,569681.0209084622,806367.7,39706.05235899182
18715.25,569836.0620251874,806532.85,39848.056995636565
18720.25,569991.1031419126,807098.675,39468.80444225066
18725.25,570146.1442586378,807475.975,39127.60699979779
18730.25,570301.185375363,807454.85,39331.805629509305
18735.25,570456.2264920882,808433.95,39385.380237119716
18740.25,570611.2676088134,809013.725,38743.81305825647
18745.25,570766.3087255385,809195.75,39032.32887347999
18750.25,570921.3498422637,809378.225,38922.45380134871
18755.25,571076.3909589889,810161.15,39649.04407173646
18760.25,571231.4320757141,810353.3,39635.02316509352
18765.25,571386.4731924393,810558.05,39820.94391943767
18770.25,571541.5143091645,810972.25,40153.00815209864
18775.25,571696.5554258897,811186.675,40278.62903560801
18780.25,571851.5965426149,811806.5,39936.30790130079
18785.25,572006.63765934,812029.25,39886.29252481359
18790.25,572161.6787760652,812054.475,40162.58074664307
18795.25,572316.7198927904,812886.675,39832.499027027225
18800.25,572471.7610095156,812709.2,39845.62624441985
18805.25,572626.8021262408,812718.225,39619.29578224006
18810.25,572781.843242966,813336.25,39683.10326984269
18815.25,572936.8843596912,813149.775,39717.85305571822
18820.25,573091.9254764164,813358.35,39415.594213172786
18825.25,573246.9665931416,813162.65,39437.19367205912
18830.25,573402.0077098667,813561.1,39831.754544301715
18835.25,573557.0488265919,813560.675,39803.54306639203
18840.25,573712.0899433171,813555.75,39661.738582826896
18845.25,573867.1310600423,813951.05,39389.17562427525
18850.25,574022.1721767675,814353.1,39412.62197970341
18855.25,574177.2132934927,814358.525,39362.45443240455
18860.25,574332.2544102179,814561.025,39149.66682847537
18865.25,574487.295526943,814761.5,39675.854809159435
18870.25,574642.3366436682,814749.6,39622.39054549839
18875.25,574797.3777603934,814732.3,39338.58501408
18880.25,574952.4188771186,815502.4,39501.094762708795
18885.25,575107.4599938438,815875.65,39260.79080189292
18890.25,575262.501110569,815862.175,39007.53555421215
18895.25,575417.5422272942,815846.225,38761.81383517965
18900.25,575572.5833440194,815832.3,38693.177736165584
18905.25,575727.6244607446,816226.7,38768.05658509335
18910.25,575882.6655774697,816814.575,39147.42654058661
18915.25,576037.7066941949,817405.15,39637.90196488079
18920.25,576192.7478109201,818208.325,39251.8140262412
18925.25,576347.7889276453,818202.95,39052.071263058504
18930.25,576502.8300443705,818183.175,39437.67675682259
18935.25,576657.8711610957,818368.8,39525.460061806996
18940.25,576812.9122778209,818958.925,39388.111665680604
18945.25,576967.953394546,819159.4,39343.226919350425
18950.25,577122.9945112712,819763.925,38976.93939787506
18955.25,577278.0356279964,819974.525,38567.823201382846
18960.25,577433.0767447216,820994.125,38364.13433016735
18965.25,577588.1178614468,821012.825,38204.665838587374
18970.25,577743.158978172,821029.725,38052.73306798245
18975.25,577898.2000948972,821459.45,38290.615467565935
18980.25,578053.2412116224,822094.35,37917.70238592391
18985.25,578208.2823283476,822326.1,38166.84808495457
18990.25,578363.3234450727,822357.85,38124.31699293117
18995.25,578518.3645617979,822581.275,38272.18643356589
19000.25,578673.4056785231,822606.5,38208.07713347401
19005.25,578828.4467952483,822627.225,38523.51318926047
19010.25,578983.4879119735,822840.075,38876.755905207996
19015.25,579138.5290286987,823049.775,38890.65156603351
19020.25,579293.5701454239,823251.825,38570.74476530917
19025.25,579448.6112621491,823453.425,38410.41298529117
19030.25,579603.6523788742,823667.4,38341.7620353773
19035.25,579758.6934955994,823468.55,38373.59514672817
19040.25,579913.7346123246,823864.525,38110.83395972364
19045.25,580068.7757290498,823852.175,38028.59509830234
19050.25,580223.816845775,824236.9,38022.092702499955
19055.25,580378.8579625002,824614.2,38373.70281012767
19060.25,580533.8990792254,824574.85,38114.182456337694
19065.25,580688.9401959506,824738.875,38170.199071764415
19070.25,580843.9813126758,825104.7,37834.981237407796
19075.25,580999.0224294009,825077.05,37604.58990964401
19080.25,581154.0635461261,825658.625,37039.781855332585
19085.25,581309.1046628513,826239.3,37165.60771277661
19090.25,581464.1457795765,826419.75,37587.83865810191
19095.25,581619.1868963017,827005.375,37815.47172095206
19100.25,581774.2280130269,827402.925,37775.67367980517
19105.25,581929.2691297521,827603.175,37597.53416200489
19110.25,582084.3102464773,827405.45,37587.06541414879
19115.25,582239.3513632024,827605.25,37219.99701403803
19120.25,582394.3924799276,827596.05,37566.588569631924
19125.25,582549.4335966528,828803.275,36674.39443185293
19130.25,582704.474713378,829022.2,36669.925364459086
19135.25,582859.5158301032,830246.75,36701.11722924794
19140.25,583014.5569468284,830875.575,36393.48872275266
19145.25,583169.5980635536,831100.575,36162.99103452485
19150.25,583324.6391802788,831117.25,36447.284111268156
19155.25,583479.680297004,831122.225,36351.08733491509
19160.25,583634.7214137291,830915.95,36334.11048515568
19165.25,583789.7625304543,830700.45,36324.216208990656
19170.25,583944.8036471795,830486.975,36318.98369008452
19175.25,584099.8447639047,830468.1,36095.79276300772
19180.25,584254.8858806299,830856.2,36487.69487765704
19185.25,584409.9269973551,831644.75,36898.7014271844
19190.25,584564.9681140803,831837.8,36578.39666162255
19195.25,584720.0092308054,832037.15,36900.731481943556
19200.25,584875.0503475306,832435.375,36382.37579330994
19205.25,585030.0914642558,832828.875,36445.34874082871
19210.25,585185.132580981,833013.6,36703.56980087223
19215.25,585340.1736977062,833005.525,36686.725163955765
19220.25,585495.2148144314,833407.575,36861.74366366335
19225.25,585650.2559311566,833604.675,36650.69349668741
19230.25,585805.2970478818,833394.8,36697.52232096194
19235.25,585960.338164607,833570.525,36499.988604184866
19240.25,586115.3792813321,833749.625,36390.072535522995
19245.25,586270.4203980573,833727.15,36795.33134892931
19250.25,586425.4615147825,833898.825,36447.719597399024
19255.25,586580.5026315077,833869.375,36251.922923524005
19260.25,586735.5437482329,834247.35,36222.080343555645
19265.25,586890.5848649581,834639.5,36872.524982363226
19270.25,587045.6259816833,834632.775,36700.832148680565
19275.25,587200.6670984084,834416.6,36734.239007396085
19280.25,587355.7082151336,834587.375,36703.39949995266
19285.25,587510.7493318588,835356.125,37156.29732902789
19290.25,587665.790448584,835324.425,37117.38602310412
19295.25,587820.8315653092,835494.975,37004.544996096425
19300.25,587975.8726820344,835670.925,36866.99019313382
19305.25,588130.9137987596,835643.275,36845.28710558685
19310.25,588285.9549154848,835602.35,37133.78034387961
19315.25,588440.99603221,836179.65,36759.09312387888
19320.25,588596.0371489351,836557.175,36823.90600667079
19325.25,588751.0782656603,836540.55,36753.859021162665
19330.25,588906.1193823855,836325.05,36767.980778083256
19335.25,589061.1604991107,836711.35,37112.309516385525
19340.25,589216.2016158359,836687.75,36984.064126154386
19345.25,589371.2427325611,836654.925,36866.52407436352
19350.25,589526.2838492863,837023.0,36424.67081886259
19355.25,589681.3249660115,836981.625,36808.17367672057
19360.25,589836.3660827366,837540.925,37044.21745209534
19365.25,589991.4071994618,838517.1,36096.51126982357
19370.25,590146.448316187,839323.65,35593.90490733631
19375.25,590301.4894329122,839130.875,35580.128475957266
19380.25,590456.5305496374,839730.45,35363.24681392392
19385.25,590611.5716663626,839728.225,35625.68916955327
19390.25,590766.6127830878,839931.4,35855.07742482227
19395.25,590921.653899813,839933.45,36255.59541260493
19400.25,591076.6950165381,839733.25,36272.857014060806
19405.25,591231.7361332633,839735.3,36093.96291847157
19410.25,591386.7772499885,840134.425,35961.13089782668
19415.25,591541.8183667137,840540.75,35650.70520498157
19420.25,591696.8594834389,840750.0,35513.62919341672
19425.25,591851.9006001641,840545.3,35517.729562114466
19430.25,592006.9417168893,840934.75,35246.43017438078
19435.25,592161.9828336145,841330.5,35120.529341113295
19440.25,592317.0239503396,841530.75,34795.47647575759
19445.25,592472.0650670648,841929.2,34904.693647273285
19450.25,592627.10618379,842126.75,34646.049057576536
19455.25,592782.1473005152,842331.275,35065.58476349176
19460.25,592937.1884172404,842937.825,35977.98480669289
19465.25,593092.2295339656,842752.7,35991.87928126983
19470.25,593247.2706506908,843354.3,35315.26696501104
19475.25,593402.311767416,843556.35,35234.38801834793
19480.25,593557.3528841411,843352.55,35258.813835479494
19485.25,593712.3940008663,843542.225,35320.8771823496
19490.25,593867.4351175915,843519.975,35736.29463854815
19495.25,594022.4762343167,843304.25,35784.09266140473
19500.25,594177.5173510419,843490.775,36391.8305484641
19505.25,594332.5584677671,843676.4,36460.5404393229
19510.25,594487.5995844923,844477.1,36513.65176704461
19515.25,594642.6407012175,844687.475,36668.49916403895
19520.25,594797.6818179426,845501.0,36334.032095784525
19525.25,594952.7229346678,845923.525,36232.59885801217
19530.25,595107.764051393,846146.725,35811.819292562126
19535.25,595262.8051681182,846567.0,35910.06634827483
19540.25,595417.8462848434,846794.25,35791.93731973725
19545.25,595572.8874015686,847025.1,35444.262542441196
19550.25,595727.9285182938,847259.55,35053.51389194099
19555.25,595882.969635019,847293.1,35089.51882599703
19560.25,596038.0107517442,847521.925,35198.83058463199
19565.25,596193.0518684693,847554.575,35000.27075574738
19570.25,596348.0929851945,847384.525,34982.886813849786
19575.25,596503.1341019197,847600.975,35501.14870455778
19580.25,596658.1752186449,847819.0,35627.51462984753
19585.25,596813.2163353701,847832.075,36005.96755158268
19590.25,596968.2574520953,848051.9,36364.41178941301
19595.25,597123.2985688205,848877.125,35859.00195439947
19600.25,597278.3396855457,849108.875,35435.39240597774
19605.25,597433.3808022708,849339.5,35795.602075883566
19610.25,597588.421918996,849770.35,35947.88371729969
19615.25,597743.4630357212,849787.25,35846.667071012336
19620.25,597898.5041524464,850201.0,36112.9254194395
19625.25,598053.5452691716,850402.825,36394.72975944629
19630.25,598208.5863858968,850393.4,36553.27750493107
19635.25,598363.627502622,850575.2,36542.4069044788
19640.25,598518.6686193472,850952.275,36803.66083853786
19645.25,598673.7097360723,851140.375,36799.003591682005
19650.25,598828.7508527975,851128.925,37084.62110330407
19655.25,598983.7919695227,851315.225,36936.74490454086
19660.25,599138.8330862479,851294.775,36676.07251711427
19665.25,599293.8742029731,851276.8,36483.653738146895
19670.25,599448.9153196983,851848.475,37104.89668973119
19675.25,599603.9564364235,853036.125,36656.67635340287
19680.25,599758.9975531487,853429.175,37134.23981769554
19685.25,599914.0386698738,854230.775,36929.428951117356
19690.25,600069.079786599,854246.1,36785.609382304654
19695.25,600224.1209033242,854861.425,37075.12479109983
19700.25,600379.1620200494,854867.075,36947.5120155353
19705.25,600534.2031367746,854652.475,36929.98039016708
19710.25,600689.2442534998,854833.6,37108.50940758063
19715.25,600844.285370225,855019.9,37285.875182869175
19720.25,600999.3264869502,855408.9,37270.42102160237
19725.25,601154.3676036753,855607.35,37955.545204258364
19730.25,601309.4087204005,855618.175,37871.24710335171
19735.25,601464.4498371257,855819.55,37749.27062785452
19740.25,601619.4909538509,856019.575,37919.16904021797
19745.25,601774.5320705761,856819.375,37592.88827977474
19750.25,601929.5731873013,857637.4,37245.95945471804
19755.25,602084.6143040265,857854.075,36966.03628755895
19760.25,602239.6554207517,858273.45,36646.10752586828
19765.25,602394.6965374768,858289.675,36489.78320144044
19770.25,602549.737654202,858300.275,36437.160945498006
19775.25,602704.7787709272,858509.525,36172.05733789032
19780.25,602859.8198876524,858516.525,36035.09713207563
19785.25,603014.8610043776,859125.325,36547.73287873853
19790.25,603169.9021211028,859344.925,36474.91622369577
19795.25,603324.943237828,860165.875,36660.97369960494
19800.25,603479.9843545532,859986.375,36694.73737442639
19805.25,603635.0254712783,859795.175,36722.710727329555
19810.25,603790.0665880035,859989.35,36550.76851179056
19815.25,603945.1077047287,860386.675,36202.79192860165
19820.25,604100.1488214539,860177.925,36231.35404833257
19825.25,604255.1899381791,860364.0,36074.81959899453
19830.25,604410.2310549043,860345.8,36246.42429412866
19835.25,604565.2721716295,860519.5,36473.39844787568
19840.25,604720.3132883547,860887.125,37063.80972175722
19845.25,604875.3544050799,861259.7,37199.69305347156
19850.25,605030.395521805,861642.85,36697.337842001565
19855.25,605185.4366385302,861633.65,36629.56311082621
19860.25,605340.4777552554,862219.95,36781.75348640954
19865.25,605495.5188719806,862417.725,37307.536337087775
19870.25,605650.5599887058,863022.25,36873.74575629658
19875.25,605805.601105431,863629.925,37520.57741077721
19880.25,605960.6422221562,863637.15,37573.37445056672
19885.25,606115.6833388814,864244.15,37830.99668975164
19890.25,606270.7244556065,864645.75,37951.40230561316
19895.25,606425.7655723317,864843.525,37485.17665882242
19900.25,606580.8066890569,865247.375,37227.84753552272
19905.25,606735.8478057821,865654.6,37510.08894970792
19910.25,606890.8889225073,865444.275,37495.65854093144
19915.25,607045.9300392325,865830.125,37783.78678303202
19920.25,607200.9711559577,866217.1,37509.12947406938
19925.25,607356.0122726829,866407.225,37742.64152312507
19930.25,607511.053389408,866602.3,37648.27784338216
19935.25,607666.0945061332,867205.925,37895.63917524845
19940.25,607821.1356228584,867001.9,37899.440830175845
19945.25,607976.1767395836,867597.65,38315.61541773798
19950.25,608131.2178563088,868409.15,38479.51369319784
19955.25,608286.258973034,868626.95,38736.35455692753
19960.25,608441.3000897592,868844.975,38718.749711937046
19965.25,608596.3412064844,868652.65,38750.31841614337
19970.25,608751.3823232095,868647.95,38619.50555367067
19975.25,608906.4234399347,868642.35,38584.309660825864
19980.25,609061.4645566599,869040.35,39132.92400910645
19985.25,609216.5056733851,869651.625,39122.4761887668
19990.25,609371.5467901103,869666.95,39044.50951603182
19995.25,609526.5879068355,869681.825,39031.20432984518
20000.0,609673.8769677244,869711.075,38774.786568569594
