time_s,propensity_tau_r_20s,propensity_tau_r_60s,propensity_tau_r_100s,propensity_tau_r_160s
0.25,10.0,10.0,10.0,10.0
5.25,10.0,10.0,10.0,10.0
10.25,10.0,10.0,10.0,10.0
15.25,10.0,10.0,10.0,10.0
20.25,10.0,10.0,10.0,10.0
25.25,10.0,10.0,10.0,10.0
30.25,10.0,10.0,10.0,10.0
35.25,10.0,10.0,10.0,10.0
40.25,10.0,10.0,10.0,10.0
45.25,10.0,10.0,10.0,10.0
50.25,10.0,10.0,10.0,10.0
55.25,10.0,10.0,10.0,10.0
60.25,10.0,10.0,10.0,10.0
65.25,10.0,10.0,10.0,10.0
70.25,9.324903663837127,10.0,10.0,10.0
75.25,9.324903663837127,10.0,10.0,10.0
80.25,9.324903663837127,9.22391205897525,10.0,10.0
85.25,9.324903663837127,9.22391205897525,10.0,10.0
90.25,9.324903663837127,9.22391205897525,10.0,10.0
95.25,9.324903663837127,9.22391205897525,10.0,10.0
100.25,9.324903663837127,9.22391205897525,10.0,10.0
105.25,9.324903663837127,9.22391205897525,10.0,10.0
110.25,9.324903663837127,9.22391205897525,10.0,10.0
115.25,8.254541260886374,9.22391205897525,10.0,10.0
120.25,6.086319706279899,7.061578916021662,8.915889010693396,10.0
125.25,6.086319706279899,7.061578916021662,8.915889010693396,10.0
130.25,6.086319706279899,7.061578916021662,8.915889010693396,10.0
135.25,6.086319706279899,7.061578916021662,8.915889010693396,10.0
140.25,6.086319706279899,7.061578916021662,8.915889010693396,10.0
145.25,6.086319706279899,7.061578916021662,8.915889010693396,10.0
150.25,6.086319706279899,7.061578916021662,8.915889010693396,10.0
155.25,6.086319706279899,7.061578916021662,8.915889010693396,10.0
160.25,6.086319706279899,7.061578916021662,8.915889010693396,10.0
165.25,6.086319706279899,7.061578916021662,8.915889010693396,10.0
170.25,6.086319706279899,7.061578916021662,8.915889010693396,10.0
175.25,6.086319706279899,7.061578916021662,8.915889010693396,10.0
180.25,6.086319706279899,7.061578916021662,8.915889010693396,10.0
185.25,6.086319706279899,7.061578916021662,8.915889010693396,10.0
190.25,6.086319706279899,7.061578916021662,8.915889010693396,10.0
195.25,6.086319706279899,7.061578916021662,8.915889010693396,10.0
200.25,6.086319706279899,7.061578916021662,8.915889010693396,10.0
205.25,6.086319706279899,7.061578916021662,8.915889010693396,10.0
210.25,5.22210117889977,7.061578916021662,8.915889010693396,10.0
215.25,5.22210117889977,7.061578916021662,8.915889010693396,10.0
220.25,5.22210117889977,7.061578916021662,8.915889010693396,10.0
225.25,5.22210117889977,7.061578916021662,8.915889010693396,10.0
230.25,5.22210117889977,7.061578916021662,8.915889010693396,10.0
235.25,5.22210117889977,7.061578916021662,8.915889010693396,10.0
240.25,5.22210117889977,7.061578916021662,8.915889010693396,10.0
245.25,5.22210117889977,7.061578916021662,8.915889010693396,10.0
250.25,5.22210117889977,7.061578916021662,8.915889010693396,10.0
255.25,5.22210117889977,7.061578916021662,8.915889010693396,10.0
260.25,5.22210117889977,7.061578916021662,8.915889010693396,10.0
265.25,5.22210117889977,7.061578916021662,8.915889010693396,10.0
270.25,5.22210117889977,7.061578916021662,8.915889010693396,10.50103791991519
275.25,5.22210117889977,7.061578916021662,8.915889010693396,10.50103791991519
280.25,5.22210117889977,7.061578916021662,8.915889010693396,10.50103791991519
285.25,5.22210117889977,7.061578916021662,8.915889010693396,10.50103791991519
290.25,5.22210117889977,7.061578916021662,8.915889010693396,10.94448854351681
295.25,5.22210117889977,7.061578916021662,8.915889010693396,10.94448854351681
300.25,5.22210117889977,7.061578916021662,8.915889010693396,10.94448854351681
305.25,5.22210117889977,7.061578916021662,8.915889010693396,10.94448854351681
310.25,5.22210117889977,7.061578916021662,8.915889010693396,10.94448854351681
315.25,5.22210117889977,7.061578916021662,8.915889010693396,10.94448854351681
320.25,5.22210117889977,7.061578916021662,8.915889010693396,10.94448854351681
325.25,5.22210117889977,7.061578916021662,8.915889010693396,10.94448854351681
330.25,5.22210117889977,7.061578916021662,8.915889010693396,10.94448854351681
335.25,5.22210117889977,7.061578916021662,8.915889010693396,10.94448854351681
340.25,5.22210117889977,7.061578916021662,8.915889010693396,10.024507188394386
345.25,5.22210117889977,7.061578916021662,9.30676254599182,9.07221131050098
350.25,5.22210117889977,7.061578916021662,9.30676254599182,9.07221131050098
355.25,5.22210117889977,7.061578916021662,9.30676254599182,8.036890710197975
360.25,5.22210117889977,7.061578916021662,9.30676254599182,6.977000261403223
365.25,5.22210117889977,7.061578916021662,9.30676254599182,5.854203358427679
370.25,5.22210117889977,7.061578916021662,9.30676254599182,5.854203358427679
375.25,5.22210117889977,7.061578916021662,9.30676254599182,5.854203358427679
380.25,5.22210117889977,7.746102408122627,9.30676254599182,5.854203358427679
385.25,5.22210117889977,7.746102408122627,9.30676254599182,5.854203358427679
390.25,5.22210117889977,8.480239813910217,9.30676254599182,5.854203358427679
395.25,5.22210117889977,8.480239813910217,9.30676254599182,5.854203358427679
400.25,5.22210117889977,8.480239813910217,9.30676254599182,5.854203358427679
405.25,5.22210117889977,8.480239813910217,9.30676254599182,5.854203358427679
410.25,5.22210117889977,8.480239813910217,9.30676254599182,5.854203358427679
415.25,5.22210117889977,8.480239813910217,9.30676254599182,5.854203358427679
420.25,5.22210117889977,8.480239813910217,9.30676254599182,5.854203358427679
425.25,5.22210117889977,8.480239813910217,9.30676254599182,5.854203358427679
430.25,5.22210117889977,8.480239813910217,9.30676254599182,5.854203358427679
435.25,5.22210117889977,8.480239813910217,9.30676254599182,5.854203358427679
440.25,5.22210117889977,8.480239813910217,9.30676254599182,5.854203358427679
445.25,5.22210117889977,8.480239813910217,9.30676254599182,5.854203358427679
450.25,5.22210117889977,8.480239813910217,9.30676254599182,5.854203358427679
455.25,5.22210117889977,8.480239813910217,9.30676254599182,5.854203358427679
460.25,5.22210117889977,8.480239813910217,9.30676254599182,5.854203358427679
465.25,6.0679169654890615,8.480239813910217,9.30676254599182,5.854203358427679
470.25,6.0679169654890615,8.480239813910217,9.30676254599182,5.854203358427679
475.25,6.0679169654890615,8.736033915591946,9.30676254599182,5.854203358427679
480.25,6.0679169654890615,8.736033915591946,9.30676254599182,5.854203358427679
485.25,6.0679169654890615,8.736033915591946,9.30676254599182,5.854203358427679
490.25,6.0679169654890615,8.736033915591946,9.30676254599182,5.854203358427679
495.25,6.0679169654890615,8.736033915591946,9.30676254599182,5.854203358427679
500.25,6.0679169654890615,8.736033915591946,9.30676254599182,5.854203358427679
505.25,6.0679169654890615,8.736033915591946,9.30676254599182,5.854203358427679
510.25,6.0679169654890615,8.736033915591946,9.30676254599182,5.854203358427679
515.25,6.0679169654890615,8.736033915591946,9.30676254599182,5.854203358427679
520.25,7.911975438581097,8.736033915591946,9.30676254599182,5.854203358427679
525.25,7.911975438581097,8.736033915591946,9.30676254599182,5.854203358427679
530.25,7.911975438581097,8.835809097154815,9.551893321264814,5.854203358427679
535.25,7.911975438581097,8.835809097154815,9.551893321264814,5.854203358427679
540.25,7.911975438581097,8.835809097154815,10.356159709689985,5.854203358427679
545.25,7.911975438581097,8.835809097154815,10.356159709689985,5.854203358427679
550.25,7.911975438581097,8.835809097154815,10.356159709689985,5.854203358427679
555.25,7.911975438581097,8.835809097154815,10.356159709689985,5.854203358427679
560.25,7.911975438581097,8.835809097154815,10.356159709689985,5.854203358427679
565.25,7.911975438581097,8.835809097154815,10.356159709689985,5.854203358427679
570.25,7.911975438581097,8.835809097154815,10.356159709689985,5.854203358427679
575.25,7.911975438581097,8.835809097154815,10.356159709689985,5.854203358427679
580.25,7.911975438581097,8.835809097154815,10.356159709689985,5.854203358427679
585.25,7.911975438581097,8.835809097154815,10.356159709689985,6.225450512176753
590.25,7.911975438581097,8.835809097154815,10.356159709689985,6.225450512176753
595.25,7.911975438581097,8.835809097154815,10.356159709689985,6.225450512176753
600.25,7.911975438581097,8.835809097154815,10.356159709689985,6.225450512176753
605.25,7.911975438581097,8.835809097154815,10.356159709689985,6.225450512176753
610.25,7.911975438581097,8.835809097154815,10.356159709689985,6.225450512176753
615.25,7.911975438581097,8.835809097154815,10.356159709689985,6.225450512176753
620.25,7.911975438581097,8.835809097154815,10.356159709689985,6.286902335698638
625.25,7.911975438581097,8.217580543249264,10.356159709689985,6.286902335698638
630.25,7.911975438581097,8.217580543249264,10.356159709689985,6.286902335698638
635.25,7.911975438581097,8.217580543249264,10.7973660068259,6.286902335698638
640.25,7.911975438581097,8.217580543249264,10.7973660068259,6.286902335698638
645.25,7.911975438581097,8.217580543249264,10.7973660068259,6.286902335698638
650.25,9.938229447624881,8.217580543249264,10.7973660068259,6.286902335698638
655.25,9.938229447624881,8.217580543249264,10.7973660068259,6.286902335698638
660.25,9.938229447624881,8.217580543249264,10.7973660068259,6.286902335698638
665.25,9.938229447624881,8.217580543249264,10.7973660068259,6.286902335698638
670.25,9.938229447624881,8.217580543249264,10.7973660068259,6.286902335698638
675.25,9.938229447624881,8.217580543249264,10.7973660068259,6.286902335698638
680.25,9.938229447624881,8.217580543249264,10.7973660068259,6.286902335698638
685.25,9.938229447624881,8.217580543249264,10.7973660068259,6.286902335698638
690.25,9.938229447624881,8.217580543249264,11.168455430984627,6.286902335698638
695.25,9.938229447624881,8.217580543249264,11.168455430984627,6.286902335698638
700.25,9.938229447624881,8.217580543249264,11.168455430984627,6.286902335698638
705.25,9.938229447624881,8.217580543249264,11.168455430984627,6.286902335698638
710.25,9.938229447624881,8.217580543249264,11.168455430984627,6.286902335698638
715.25,9.938229447624881,8.217580543249264,11.168455430984627,6.286902335698638
720.25,11.362238542838522,8.217580543249264,11.434382709991958,6.286902335698638
725.25,11.362238542838522,8.658470844844373,11.434382709991958,6.286902335698638
730.25,11.362238542838522,8.658470844844373,11.434382709991958,6.286902335698638
735.25,11.362238542838522,7.852567652603398,11.434382709991958,6.286902335698638
740.25,11.362238542838522,7.852567652603398,11.434382709991958,6.286902335698638
745.25,11.362238542838522,7.852567652603398,11.434382709991958,6.286902335698638
750.25,11.362238542838522,7.852567652603398,11.434382709991958,6.286902335698638
755.25,11.362238542838522,7.852567652603398,11.984895562034076,6.286902335698638
760.25,11.362238542838522,7.852567652603398,11.984895562034076,6.286902335698638
765.25,11.362238542838522,7.852567652603398,11.984895562034076,6.286902335698638
770.25,11.362238542838522,7.852567652603398,11.984895562034076,6.286902335698638
775.25,11.362238542838522,7.852567652603398,11.984895562034076,6.286902335698638
780.25,11.362238542838522,7.852567652603398,11.984895562034076,6.286902335698638
785.25,11.362238542838522,7.852567652603398,11.984895562034076,6.286902335698638
790.25,11.362238542838522,7.852567652603398,11.984895562034076,6.286902335698638
795.25,11.362238542838522,7.852567652603398,11.984895562034076,6.286902335698638
800.25,11.362238542838522,7.852567652603398,11.984895562034076,6.286902335698638
805.25,11.362238542838522,7.852567652603398,11.984895562034076,6.286902335698638
810.25,11.362238542838522,7.852567652603398,11.984895562034076,6.286902335698638
815.25,11.362238542838522,7.852567652603398,11.984895562034076,6.286902335698638
820.25,11.362238542838522,7.852567652603398,11.984895562034076,6.286902335698638
825.25,11.362238542838522,7.852567652603398,11.984895562034076,6.286902335698638
830.25,11.362238542838522,7.852567652603398,11.984895562034076,6.286902335698638
835.25,11.362238542838522,9.600516185253653,11.984895562034076,6.286902335698638
840.25,11.362238542838522,10.21393630912085,12.914988948005568,6.286902335698638
845.25,11.362238542838522,10.21393630912085,12.914988948005568,6.286902335698638
850.25,11.362238542838522,10.570802301631147,13.255045006992912,6.286902335698638
855.25,11.362238542838522,10.570802301631147,13.255045006992912,6.286902335698638
860.25,11.362238542838522,10.570802301631147,13.255045006992912,6.286902335698638
865.25,11.362238542838522,10.570802301631147,13.255045006992912,6.286902335698638
870.25,11.362238542838522,10.570802301631147,13.255045006992912,6.286902335698638
875.25,11.362238542838522,10.570802301631147,13.255045006992912,6.286902335698638
880.25,11.362238542838522,10.570802301631147,13.255045006992912,6.286902335698638
885.25,11.362238542838522,10.570802301631147,13.255045006992912,6.286902335698638
890.25,11.362238542838522,10.570802301631147,13.255045006992912,6.286902335698638
895.25,11.362238542838522,10.570802301631147,13.255045006992912,6.286902335698638
900.25,11.362238542838522,10.86056119859936,13.255045006992912,6.286902335698638
905.25,11.362238542838522,10.86056119859936,13.523781632220878,6.286902335698638
910.25,11.362238542838522,10.86056119859936,13.523781632220878,6.286902335698638
915.25,11.362238542838522,10.86056119859936,14.235680521802557,6.286902335698638
920.25,11.362238542838522,10.86056119859936,14.235680521802557,6.286902335698638
925.25,11.362238542838522,10.86056119859936,14.235680521802557,6.286902335698638
930.25,11.362238542838522,10.86056119859936,14.235680521802557,6.286902335698638
935.25,11.362238542838522,10.86056119859936,14.235680521802557,6.286902335698638
940.25,11.362238542838522,10.86056119859936,14.235680521802557,6.286902335698638
945.25,11.362238542838522,10.86056119859936,14.235680521802557,6.286902335698638
950.25,11.362238542838522,10.86056119859936,14.235680521802557,6.286902335698638
955.25,11.362238542838522,10.86056119859936,14.235680521802557,6.286902335698638
960.25,11.362238542838522,10.86056119859936,14.235680521802557,6.286902335698638
965.25,11.362238542838522,10.86056119859936,14.235680521802557,6.286902335698638
970.25,12.79285209727498,10.86056119859936,15.027483797158709,6.286902335698638
975.25,12.79285209727498,10.86056119859936,15.027483797158709,6.286902335698638
980.25,12.79285209727498,10.86056119859936,15.027483797158709,6.286902335698638
985.25,12.79285209727498,10.86056119859936,15.027483797158709,6.286902335698638
990.25,12.79285209727498,10.86056119859936,15.027483797158709,6.286902335698638
995.25,12.79285209727498,10.86056119859936,15.027483797158709,6.286902335698638
1000.25,12.79285209727498,10.86056119859936,15.027483797158709,6.286902335698638
1005.25,12.79285209727498,10.86056119859936,15.689607670490336,6.286902335698638
1010.25,12.79285209727498,10.86056119859936,15.689607670490336,6.286902335698638
1015.25,12.79285209727498,10.375221468969423,15.689607670490336,6.286902335698638
1020.25,12.79285209727498,10.375221468969423,15.689607670490336,6.286902335698638
1025.25,13.826129123026888,10.375221468969423,15.689607670490336,6.286902335698638
1030.25,13.826129123026888,10.375221468969423,15.689607670490336,6.286902335698638
1035.25,13.826129123026888,10.375221468969423,15.689607670490336,6.286902335698638
1040.25,13.826129123026888,10.375221468969423,15.689607670490336,6.286902335698638
1045.25,14.359780901463619,10.375221468969423,15.689607670490336,6.286902335698638
1050.25,14.359780901463619,10.375221468969423,15.689607670490336,6.286902335698638
1055.25,14.359780901463619,10.375221468969423,16.588618278206404,6.286902335698638
1060.25,14.359780901463619,10.375221468969423,16.588618278206404,6.286902335698638
1065.25,14.359780901463619,10.375221468969423,16.588618278206404,6.286902335698638
1070.25,14.359780901463619,10.375221468969423,16.868051314274464,6.286902335698638
1075.25,14.359780901463619,9.321840556974006,16.868051314274464,6.286902335698638
1080.25,14.359780901463619,9.321840556974006,16.868051314274464,6.286902335698638
1085.25,14.359780901463619,9.321840556974006,16.868051314274464,6.286902335698638
1090.25,14.359780901463619,9.321840556974006,16.868051314274464,6.286902335698638
1095.25,14.359780901463619,9.321840556974006,16.868051314274464,6.286902335698638
1100.25,15.46718945384739,9.321840556974006,16.868051314274464,6.286902335698638
1105.25,15.46718945384739,9.321840556974006,16.868051314274464,6.286902335698638
1110.25,17.136327337374695,9.321840556974006,16.868051314274464,6.286902335698638
1115.25,17.136327337374695,9.321840556974006,16.868051314274464,6.286902335698638
1120.25,17.136327337374695,9.321840556974006,16.868051314274464,6.286902335698638
1125.25,16.708283832982392,9.321840556974006,16.868051314274464,6.286902335698638
1130.25,16.708283832982392,9.321840556974006,16.868051314274464,6.286902335698638
1135.25,16.708283832982392,9.321840556974006,16.868051314274464,7.179217008397256
1140.25,16.708283832982392,9.321840556974006,16.868051314274464,7.179217008397256
1145.25,16.708283832982392,9.321840556974006,16.868051314274464,7.179217008397256
1150.25,16.708283832982392,9.321840556974006,17.71290549490268,7.179217008397256
1155.25,16.708283832982392,9.321840556974006,17.71290549490268,7.179217008397256
1160.25,16.708283832982392,9.321840556974006,17.71290549490268,7.179217008397256
1165.25,16.708283832982392,9.321840556974006,17.71290549490268,7.179217008397256
1170.25,16.708283832982392,9.321840556974006,17.71290549490268,7.179217008397256
1175.25,16.708283832982392,9.321840556974006,18.228632401382054,7.179217008397256
1180.25,16.708283832982392,9.321840556974006,18.228632401382054,7.179217008397256
1185.25,16.708283832982392,9.321840556974006,18.228632401382054,7.179217008397256
1190.25,16.708283832982392,9.321840556974006,18.228632401382054,7.179217008397256
1195.25,16.708283832982392,9.321840556974006,18.228632401382054,7.179217008397256
1200.25,16.708283832982392,9.321840556974006,18.228632401382054,7.179217008397256
1205.25,16.708283832982392,9.321840556974006,18.228632401382054,7.179217008397256
1210.25,16.708283832982392,9.321840556974006,18.228632401382054,7.179217008397256
1215.25,16.708283832982392,9.321840556974006,18.228632401382054,7.179217008397256
1220.25,16.708283832982392,9.321840556974006,18.228632401382054,7.179217008397256
1225.25,17.189430037009046,9.321840556974006,18.228632401382054,7.179217008397256
1230.25,17.189430037009046,9.321840556974006,18.228632401382054,7.179217008397256
1235.25,17.189430037009046,9.321840556974006,18.043779998167736,7.179217008397256
1240.25,17.189430037009046,9.321840556974006,19.352665262186093,7.179217008397256
1245.25,17.189430037009046,9.321840556974006,19.352665262186093,7.179217008397256
1250.25,17.189430037009046,9.321840556974006,19.352665262186093,7.179217008397256
1255.25,17.189430037009046,9.321840556974006,19.352665262186093,7.179217008397256
1260.25,17.189430037009046,9.321840556974006,19.352665262186093,7.179217008397256
1265.25,17.189430037009046,9.321840556974006,19.352665262186093,7.179217008397256
1270.25,17.189430037009046,9.321840556974006,19.352665262186093,7.179217008397256
1275.25,17.189430037009046,9.321840556974006,19.352665262186093,7.179217008397256
1280.25,17.189430037009046,9.321840556974006,19.352665262186093,7.179217008397256
1285.25,17.189430037009046,9.321840556974006,19.352665262186093,7.179217008397256
1290.25,17.189430037009046,9.321840556974006,19.352665262186093,7.179217008397256
1295.25,17.189430037009046,9.321840556974006,19.117784653989602,7.179217008397256
1300.25,17.189430037009046,9.321840556974006,19.117784653989602,7.179217008397256
1305.25,17.189430037009046,9.321840556974006,19.117784653989602,7.179217008397256
1310.25,17.189430037009046,9.321840556974006,19.117784653989602,7.179217008397256
1315.25,17.189430037009046,9.321840556974006,19.117784653989602,7.179217008397256
1320.25,17.189430037009046,9.321840556974006,19.117784653989602,7.179217008397256
1325.25,17.189430037009046,9.321840556974006,19.117784653989602,10.37030823596117
1330.25,17.189430037009046,9.321840556974006,19.117784653989602,10.37030823596117
1335.25,17.189430037009046,9.321840556974006,19.780373699137428,10.37030823596117
1340.25,17.189430037009046,9.321840556974006,19.780373699137428,10.37030823596117
1345.25,17.189430037009046,9.321840556974006,19.780373699137428,10.37030823596117
1350.25,17.189430037009046,9.321840556974006,19.780373699137428,10.37030823596117
1355.25,17.189430037009046,9.321840556974006,19.780373699137428,10.37030823596117
1360.25,17.0222924399598,9.321840556974006,19.780373699137428,10.37030823596117
1365.25,17.0222924399598,9.321840556974006,19.780373699137428,10.37030823596117
1370.25,17.0222924399598,9.321840556974006,19.780373699137428,10.37030823596117
1375.25,17.0222924399598,9.321840556974006,19.780373699137428,10.37030823596117
1380.25,17.0222924399598,9.321840556974006,19.780373699137428,10.37030823596117
1385.25,17.0222924399598,9.321840556974006,19.780373699137428,10.37030823596117
1390.25,17.0222924399598,9.321840556974006,19.780373699137428,10.37030823596117
1395.25,17.0222924399598,9.321840556974006,19.780373699137428,10.37030823596117
1400.25,17.0222924399598,9.776118407225526,19.780373699137428,10.37030823596117
1405.25,17.0222924399598,9.776118407225526,19.780373699137428,10.37030823596117
1410.25,17.0222924399598,9.776118407225526,19.780373699137428,10.37030823596117
1415.25,18.856418408239595,9.776118407225526,19.780373699137428,10.37030823596117
1420.25,18.856418408239595,9.776118407225526,19.780373699137428,10.37030823596117
1425.25,18.856418408239595,9.776118407225526,19.780373699137428,10.37030823596117
1430.25,18.856418408239595,9.776118407225526,19.780373699137428,10.37030823596117
1435.25,18.856418408239595,9.776118407225526,19.780373699137428,10.37030823596117
1440.25,18.856418408239595,9.776118407225526,20.90026186453545,10.37030823596117
1445.25,18.856418408239595,9.776118407225526,20.90026186453545,10.37030823596117
1450.25,18.856418408239595,9.776118407225526,21.748089970524802,10.37030823596117
1455.25,18.856418408239595,9.776118407225526,22.84715310106474,10.37030823596117
1460.25,18.856418408239595,9.776118407225526,22.84715310106474,10.37030823596117
1465.25,19.967176115320484,9.776118407225526,22.84715310106474,10.37030823596117
1470.25,19.967176115320484,9.776118407225526,22.84715310106474,10.37030823596117
1475.25,19.967176115320484,9.776118407225526,22.84715310106474,10.37030823596117
1480.25,19.967176115320484,9.776118407225526,22.84715310106474,10.37030823596117
1485.25,19.967176115320484,9.776118407225526,23.66403786711733,10.37030823596117
1490.25,19.967176115320484,9.776118407225526,23.66403786711733,10.37030823596117
1495.25,19.967176115320484,9.776118407225526,23.66403786711733,10.37030823596117
1500.25,19.967176115320484,9.776118407225526,23.66403786711733,10.37030823596117
1505.25,19.967176115320484,9.776118407225526,23.66403786711733,10.37030823596117
1510.25,19.967176115320484,9.425880912454247,23.66403786711733,10.37030823596117
1515.25,19.967176115320484,9.425880912454247,23.66403786711733,10.37030823596117
1520.25,20.418728171402616,9.425880912454247,23.66403786711733,10.37030823596117
1525.25,20.418728171402616,9.425880912454247,23.66403786711733,10.37030823596117
1530.25,20.418728171402616,9.425880912454247,23.66403786711733,10.37030823596117
1535.25,20.418728171402616,9.425880912454247,23.66403786711733,10.37030823596117
1540.25,20.418728171402616,9.425880912454247,23.66403786711733,10.37030823596117
1545.25,20.418728171402616,9.425880912454247,23.66403786711733,10.37030823596117
1550.25,20.418728171402616,9.425880912454247,23.66403786711733,10.37030823596117
1555.25,20.418728171402616,9.425880912454247,23.66403786711733,10.37030823596117
1560.25,20.418728171402616,9.425880912454247,23.66403786711733,10.37030823596117
1565.25,20.418728171402616,11.65985601946343,23.66403786711733,10.37030823596117
1570.25,20.418728171402616,11.65985601946343,23.66403786711733,10.37030823596117
1575.25,21.933178266885797,11.65985601946343,23.66403786711733,10.644927387581651
1580.25,21.933178266885797,11.65985601946343,23.66403786711733,10.644927387581651
1585.25,21.933178266885797,11.65985601946343,24.905072241658168,10.644927387581651
1590.25,21.933178266885797,11.65985601946343,24.905072241658168,10.644927387581651
1595.25,21.933178266885797,11.65985601946343,24.905072241658168,10.644927387581651
1600.25,21.933178266885797,11.65985601946343,25.17301828457414,10.644927387581651
1605.25,21.933178266885797,11.65985601946343,25.17301828457414,10.644927387581651
1610.25,21.933178266885797,11.65985601946343,25.17301828457414,10.644927387581651
1615.25,21.933178266885797,11.65985601946343,25.17301828457414,10.644927387581651
1620.25,21.933178266885797,11.65985601946343,25.17301828457414,10.644927387581651
1625.25,21.933178266885797,11.266333997808387,25.17301828457414,10.644927387581651
1630.25,21.933178266885797,11.266333997808387,25.17301828457414,10.644927387581651
1635.25,21.933178266885797,11.266333997808387,25.17301828457414,10.644927387581651
1640.25,21.933178266885797,11.266333997808387,25.17301828457414,10.644927387581651
1645.25,21.933178266885797,11.266333997808387,25.17301828457414,10.644927387581651
1650.25,21.933178266885797,11.266333997808387,25.17301828457414,10.644927387581651
1655.25,21.933178266885797,11.266333997808387,25.17301828457414,10.644927387581651
1660.25,21.933178266885797,11.266333997808387,25.17301828457414,10.644927387581651
1665.25,21.933178266885797,11.266333997808387,25.17301828457414,10.644927387581651
1670.25,21.933178266885797,11.266333997808387,25.17301828457414,10.644927387581651
1675.25,21.933178266885797,11.266333997808387,25.17301828457414,10.644927387581651
1680.25,21.933178266885797,13.666596404892754,25.17301828457414,10.644927387581651
1685.25,21.933178266885797,13.666596404892754,25.17301828457414,10.644927387581651
1690.25,21.933178266885797,13.666596404892754,25.17301828457414,10.644927387581651
1695.25,21.933178266885797,14.122921024561897,25.17301828457414,10.644927387581651
1700.25,21.933178266885797,14.122921024561897,25.17301828457414,10.644927387581651
1705.25,21.933178266885797,14.122921024561897,25.84358637828084,10.644927387581651
1710.25,23.238968437242264,14.122921024561897,25.84358637828084,10.644927387581651
1715.25,23.238968437242264,14.122921024561897,25.84358637828084,10.644927387581651
1720.25,23.238968437242264,14.122921024561897,26.356456967240653,10.644927387581651
1725.25,23.238968437242264,14.122921024561897,26.356456967240653,10.644927387581651
1730.25,23.238968437242264,14.122921024561897,26.356456967240653,10.644927387581651
1735.25,24.338281863082823,14.122921024561897,26.356456967240653,10.644927387581651
1740.25,24.338281863082823,14.122921024561897,26.356456967240653,10.644927387581651
1745.25,26.649610667502223,14.122921024561897,26.356456967240653,10.644927387581651
1750.25,26.649610667502223,14.122921024561897,26.356456967240653,10.644927387581651
1755.25,26.649610667502223,14.122921024561897,26.356456967240653,10.644927387581651
1760.25,26.649610667502223,14.122921024561897,26.356456967240653,10.644927387581651
1765.25,27.24012717194263,14.122921024561897,26.356456967240653,10.644927387581651
1770.25,27.24012717194263,14.122921024561897,26.356456967240653,10.644927387581651
1775.25,27.24012717194263,14.122921024561897,27.534069576601276,10.644927387581651
1780.25,27.24012717194263,14.122921024561897,27.534069576601276,10.644927387581651
1785.25,27.24012717194263,14.122921024561897,27.534069576601276,10.644927387581651
1790.25,27.24012717194263,14.122921024561897,27.534069576601276,10.644927387581651
1795.25,27.24012717194263,14.122921024561897,27.534069576601276,10.644927387581651
1800.25,27.24012717194263,14.122921024561897,27.534069576601276,10.644927387581651
1805.25,27.24012717194263,14.122921024561897,27.534069576601276,10.644927387581651
1810.25,27.24012717194263,14.122921024561897,27.534069576601276,10.644927387581651
1815.25,27.24012717194263,14.122921024561897,27.534069576601276,10.644927387581651
1820.25,27.24012717194263,14.122921024561897,27.534069576601276,10.644927387581651
1825.25,27.24012717194263,14.983131858875382,27.534069576601276,10.644927387581651
1830.25,27.24012717194263,14.983131858875382,27.534069576601276,10.644927387581651
1835.25,28.779053576931517,14.983131858875382,26.88553640206721,10.644927387581651
1840.25,28.779053576931517,14.983131858875382,26.88553640206721,10.644927387581651
1845.25,28.779053576931517,14.983131858875382,26.88553640206721,10.644927387581651
1850.25,28.779053576931517,16.23291776792664,26.88553640206721,10.644927387581651
1855.25,28.779053576931517,18.90404089602267,26.88553640206721,10.644927387581651
1860.25,28.779053576931517,18.90404089602267,26.656410322865675,10.644927387581651
1865.25,28.779053576931517,18.90404089602267,26.656410322865675,10.644927387581651
1870.25,28.779053576931517,18.90404089602267,26.656410322865675,10.644927387581651
1875.25,28.779053576931517,18.90404089602267,26.909267223350874,10.644927387581651
1880.25,28.779053576931517,18.90404089602267,26.909267223350874,10.644927387581651
1885.25,28.779053576931517,18.90404089602267,26.909267223350874,10.644927387581651
1890.25,28.779053576931517,18.90404089602267,26.909267223350874,10.644927387581651
1895.25,28.779053576931517,18.90404089602267,26.909267223350874,10.644927387581651
1900.25,28.779053576931517,18.90404089602267,26.909267223350874,10.644927387581651
1905.25,28.779053576931517,18.90404089602267,26.909267223350874,10.644927387581651
1910.25,28.779053576931517,18.90404089602267,26.909267223350874,10.644927387581651
1915.25,28.779053576931517,18.90404089602267,26.909267223350874,10.644927387581651
1920.25,28.779053576931517,18.90404089602267,26.909267223350874,10.644927387581651
1925.25,30.351238245405884,18.90404089602267,26.909267223350874,10.644927387581651
1930.25,30.351238245405884,18.90404089602267,26.909267223350874,10.644927387581651
1935.25,30.351238245405884,18.90404089602267,26.909267223350874,10.644927387581651
1940.25,30.351238245405884,18.90404089602267,26.909267223350874,10.644927387581651
1945.25,30.351238245405884,18.90404089602267,26.909267223350874,10.644927387581651
1950.25,30.351238245405884,18.90404089602267,26.909267223350874,10.644927387581651
1955.25,30.351238245405884,18.90404089602267,26.909267223350874,10.644927387581651
1960.25,30.351238245405884,18.90404089602267,26.909267223350874,10.644927387581651
1965.25,31.10970766726568,18.90404089602267,26.909267223350874,10.644927387581651
1970.25,31.10970766726568,18.90404089602267,26.909267223350874,10.644927387581651
1975.25,31.10970766726568,18.90404089602267,26.909267223350874,10.644927387581651
1980.25,31.10970766726568,18.90404089602267,26.909267223350874,10.644927387581651
1985.25,31.10970766726568,18.90404089602267,26.909267223350874,10.644927387581651
1990.25,31.10970766726568,18.90404089602267,28.0345150700148,10.644927387581651
1995.25,31.10970766726568,18.90404089602267,28.0345150700148,10.644927387581651
2000.25,31.10970766726568,18.90404089602267,28.0345150700148,10.644927387581651
2005.25,31.10970766726568,18.90404089602267,28.0345150700148,10.644927387581651
2010.25,31.10970766726568,18.90404089602267,28.0345150700148,10.644927387581651
2015.25,31.10970766726568,19.85336641536348,28.0345150700148,10.644927387581651
2020.25,31.10970766726568,19.85336641536348,28.0345150700148,10.644927387581651
2025.25,31.10970766726568,19.85336641536348,28.0345150700148,10.644927387581651
2030.25,31.10970766726568,22.966901011576333,28.0345150700148,10.644927387581651
2035.25,31.10970766726568,22.966901011576333,28.0345150700148,11.67126641288982
2040.25,31.10970766726568,22.966901011576333,28.0345150700148,11.67126641288982
2045.25,31.10970766726568,22.966901011576333,28.0345150700148,11.67126641288982
2050.25,31.10970766726568,22.966901011576333,28.0345150700148,11.67126641288982
2055.25,31.10970766726568,22.966901011576333,28.0345150700148,11.67126641288982
2060.25,32.56606445020914,22.966901011576333,28.0345150700148,11.67126641288982
2065.25,32.56606445020914,22.966901011576333,29.153172901422835,11.67126641288982
2070.25,32.56606445020914,22.920174611248175,29.153172901422835,11.67126641288982
2075.25,32.56606445020914,22.920174611248175,29.153172901422835,11.67126641288982
2080.25,32.56606445020914,22.920174611248175,29.153172901422835,11.67126641288982
2085.25,32.56606445020914,22.920174611248175,29.153172901422835,11.67126641288982
2090.25,32.56606445020914,22.920174611248175,29.153172901422835,11.67126641288982
2095.25,32.56606445020914,22.920174611248175,29.153172901422835,11.67126641288982
2100.25,32.56606445020914,22.920174611248175,29.153172901422835,11.67126641288982
2105.25,32.56606445020914,22.920174611248175,29.153172901422835,11.67126641288982
2110.25,32.56606445020914,22.920174611248175,29.153172901422835,11.67126641288982
2115.25,33.929697990534905,22.920174611248175,29.153172901422835,11.67126641288982
2120.25,33.929697990534905,22.920174611248175,29.153172901422835,11.67126641288982
2125.25,35.02959560010743,22.920174611248175,29.153172901422835,11.67126641288982
2130.25,35.02959560010743,23.976578952158402,29.153172901422835,11.67126641288982
2135.25,35.02959560010743,23.976578952158402,29.153172901422835,11.67126641288982
2140.25,35.02959560010743,23.976578952158402,29.153172901422835,11.67126641288982
2145.25,35.02959560010743,23.976578952158402,29.153172901422835,11.67126641288982
2150.25,35.02959560010743,23.976578952158402,29.153172901422835,11.67126641288982
2155.25,35.02959560010743,23.976578952158402,29.153172901422835,11.67126641288982
2160.25,35.02959560010743,23.976578952158402,29.153172901422835,11.67126641288982
2165.25,35.02959560010743,23.976578952158402,29.153172901422835,11.67126641288982
2170.25,35.02959560010743,23.976578952158402,30.19652735268803,11.67126641288982
2175.25,35.02959560010743,23.976578952158402,31.336005990459363,11.67126641288982
2180.25,35.02959560010743,23.976578952158402,31.336005990459363,11.67126641288982
2185.25,35.02959560010743,23.976578952158402,31.336005990459363,11.67126641288982
2190.25,35.02959560010743,23.976578952158402,31.336005990459363,11.67126641288982
2195.25,35.02959560010743,23.976578952158402,31.336005990459363,11.67126641288982
2200.25,35.02959560010743,23.976578952158402,31.336005990459363,11.67126641288982
2205.25,35.02959560010743,23.976578952158402,31.336005990459363,11.67126641288982
2210.25,35.02959560010743,23.976578952158402,31.06021418382599,11.67126641288982
2215.25,35.02959560010743,23.976578952158402,31.06021418382599,11.67126641288982
2220.25,35.02959560010743,23.976578952158402,31.06021418382599,11.67126641288982
2225.25,35.02959560010743,23.976578952158402,31.06021418382599,11.67126641288982
2230.25,35.02959560010743,25.153851992337753,31.06021418382599,11.67126641288982
2235.25,35.02959560010743,25.153851992337753,31.06021418382599,11.67126641288982
2240.25,36.01213204854037,27.708054131511528,31.06021418382599,11.67126641288982
2245.25,36.01213204854037,27.708054131511528,32.97990982116094,11.67126641288982
2250.25,36.01213204854037,27.708054131511528,32.97990982116094,11.67126641288982
2255.25,36.01213204854037,27.708054131511528,32.97990982116094,11.67126641288982
2260.25,36.01213204854037,27.708054131511528,32.97990982116094,11.67126641288982
2265.25,36.01213204854037,27.708054131511528,32.97990982116094,11.67126641288982
2270.25,36.01213204854037,27.708054131511528,32.97990982116094,11.67126641288982
2275.25,36.01213204854037,27.708054131511528,32.97990982116094,11.67126641288982
2280.25,36.01213204854037,27.708054131511528,32.97990982116094,11.67126641288982
2285.25,36.01213204854037,27.708054131511528,32.97990982116094,11.67126641288982
2290.25,36.01213204854037,27.708054131511528,32.97990982116094,11.67126641288982
2295.25,36.01213204854037,27.708054131511528,32.97990982116094,11.67126641288982
2300.25,36.01213204854037,27.708054131511528,32.97990982116094,11.67126641288982
2305.25,36.01213204854037,27.708054131511528,34.22490068255406,12.932805521377599
2310.25,36.01213204854037,27.708054131511528,34.22490068255406,12.932805521377599
2315.25,36.01213204854037,27.708054131511528,34.22490068255406,12.932805521377599
2320.25,36.01213204854037,27.708054131511528,34.22490068255406,12.932805521377599
2325.25,37.881471390087434,27.708054131511528,34.22490068255406,12.932805521377599
2330.25,37.881471390087434,27.708054131511528,34.22490068255406,12.932805521377599
2335.25,37.881471390087434,27.708054131511528,35.40500044212635,12.932805521377599
2340.25,37.881471390087434,27.708054131511528,35.40500044212635,12.932805521377599
2345.25,37.881471390087434,27.708054131511528,35.40500044212635,12.932805521377599
2350.25,37.881471390087434,27.708054131511528,35.40500044212635,12.932805521377599
2355.25,37.881471390087434,27.708054131511528,35.40500044212635,12.932805521377599
2360.25,37.881471390087434,27.708054131511528,35.40500044212635,12.932805521377599
2365.25,37.881471390087434,29.014932698262186,35.40500044212635,12.932805521377599
2370.25,37.881471390087434,29.014932698262186,35.40500044212635,12.932805521377599
2375.25,37.881471390087434,29.014932698262186,35.40500044212635,12.932805521377599
2380.25,37.881471390087434,29.014932698262186,35.40500044212635,12.932805521377599
2385.25,37.881471390087434,29.014932698262186,35.40500044212635,12.932805521377599
2390.25,37.881471390087434,29.014932698262186,35.40500044212635,12.932805521377599
2395.25,37.881471390087434,29.014932698262186,35.40500044212635,12.932805521377599
2400.25,37.881471390087434,29.014932698262186,35.40500044212635,12.932805521377599
2405.25,37.881471390087434,29.014932698262186,35.40500044212635,12.932805521377599
2410.25,37.881471390087434,30.017082432196148,35.40500044212635,12.932805521377599
2415.25,37.881471390087434,32.38654579149495,35.40500044212635,12.932805521377599
2420.25,37.881471390087434,32.38654579149495,35.40500044212635,12.932805521377599
2425.25,37.881471390087434,32.38654579149495,34.98059128260585,12.932805521377599
2430.25,37.881471390087434,32.38654579149495,34.98059128260585,12.932805521377599
2435.25,37.881471390087434,32.38654579149495,34.98059128260585,12.932805521377599
2440.25,39.220053022942636,32.38654579149495,34.98059128260585,12.932805521377599
2445.25,40.970167597760394,32.38654579149495,34.98059128260585,12.932805521377599
2450.25,40.970167597760394,32.38654579149495,34.98059128260585,12.932805521377599
2455.25,40.970167597760394,32.38654579149495,34.98059128260585,12.932805521377599
2460.25,40.970167597760394,32.38654579149495,34.98059128260585,12.932805521377599
2465.25,40.970167597760394,32.38654579149495,34.98059128260585,12.932805521377599
2470.25,40.970167597760394,32.38654579149495,34.98059128260585,12.932805521377599
2475.25,40.970167597760394,32.38654579149495,34.98059128260585,12.932805521377599
2480.25,40.970167597760394,32.38654579149495,34.98059128260585,12.932805521377599
2485.25,40.970167597760394,32.38654579149495,34.98059128260585,12.932805521377599
2490.25,40.970167597760394,32.38654579149495,34.98059128260585,12.932805521377599
2495.25,40.970167597760394,32.38654579149495,34.98059128260585,12.932805521377599
2500.25,40.970167597760394,32.38654579149495,34.98059128260585,12.932805521377599
2505.25,42.11349851248039,32.38654579149495,34.98059128260585,12.932805521377599
2510.25,42.11349851248039,33.94154812894337,34.98059128260585,12.932805521377599
2515.25,42.11349851248039,33.94154812894337,34.98059128260585,12.932805521377599
2520.25,42.11349851248039,33.94154812894337,34.98059128260585,12.932805521377599
2525.25,42.11349851248039,33.94154812894337,36.01370417433025,12.932805521377599
2530.25,42.465533481297996,33.94154812894337,37.14963846163479,12.932805521377599
2535.25,42.465533481297996,35.21148846125169,37.14963846163479,12.932805521377599
2540.25,44.37578725335415,35.21148846125169,37.14963846163479,12.932805521377599
2545.25,44.37578725335415,35.48172742000473,37.14963846163479,12.932805521377599
2550.25,44.37578725335415,35.48172742000473,37.14963846163479,12.932805521377599
2555.25,44.82676575183269,35.48172742000473,37.14963846163479,12.932805521377599
2560.25,44.82676575183269,35.48172742000473,37.14963846163479,12.932805521377599
2565.25,44.82676575183269,35.48172742000473,37.14963846163479,12.932805521377599
2570.25,44.82676575183269,35.48172742000473,37.14963846163479,12.932805521377599
2575.25,44.82676575183269,35.48172742000473,37.14963846163479,12.932805521377599
2580.25,44.82676575183269,35.48172742000473,37.14963846163479,12.932805521377599
2585.25,44.82676575183269,35.48172742000473,37.14963846163479,12.932805521377599
2590.25,44.82676575183269,35.48172742000473,37.14963846163479,12.932805521377599
2595.25,46.95676257472603,35.48172742000473,37.14963846163479,12.932805521377599
2600.25,46.95676257472603,35.48172742000473,37.14963846163479,12.932805521377599
2605.25,46.95676257472603,35.48172742000473,37.14963846163479,12.932805521377599
2610.25,46.95676257472603,35.48172742000473,37.14963846163479,12.932805521377599
2615.25,46.95676257472603,35.48172742000473,37.14963846163479,12.932805521377599
2620.25,46.95676257472603,35.48172742000473,37.14963846163479,12.932805521377599
2625.25,46.95676257472603,35.48172742000473,37.14963846163479,12.932805521377599
2630.25,46.95676257472603,35.48172742000473,37.14963846163479,12.932805521377599
2635.25,46.95676257472603,35.48172742000473,37.14963846163479,12.932805521377599
2640.25,46.95676257472603,37.909109371987164,37.14963846163479,12.932805521377599
2645.25,46.95676257472603,37.909109371987164,37.14963846163479,12.932805521377599
2650.25,46.95676257472603,37.909109371987164,37.14963846163479,12.932805521377599
2655.25,46.95676257472603,37.909109371987164,37.14963846163479,12.932805521377599
2660.25,46.95676257472603,37.909109371987164,37.14963846163479,12.932805521377599
2665.25,49.113126639848105,37.909109371987164,37.14963846163479,12.932805521377599
2670.25,49.113126639848105,37.909109371987164,37.14963846163479,12.932805521377599
2675.25,49.113126639848105,37.909109371987164,37.14963846163479,12.932805521377599
2680.25,49.113126639848105,37.909109371987164,37.14963846163479,12.932805521377599
2685.25,49.113126639848105,37.909109371987164,37.14963846163479,12.932805521377599
2690.25,49.113126639848105,37.909109371987164,37.14963846163479,12.932805521377599
2695.25,49.113126639848105,37.909109371987164,37.14963846163479,12.932805521377599
2700.25,49.113126639848105,37.909109371987164,38.57225084735575,12.932805521377599
2705.25,49.113126639848105,37.909109371987164,38.57225084735575,12.932805521377599
2710.25,49.113126639848105,40.397985382795284,38.57225084735575,12.932805521377599
2715.25,49.113126639848105,40.397985382795284,39.57275671299857,12.932805521377599
2720.25,49.113126639848105,40.397985382795284,39.57275671299857,12.932805521377599
2725.25,49.113126639848105,40.397985382795284,39.57275671299857,12.932805521377599
2730.25,49.113126639848105,40.397985382795284,39.57275671299857,12.932805521377599
2735.25,49.113126639848105,40.397985382795284,39.57275671299857,12.932805521377599
2740.25,49.113126639848105,40.397985382795284,39.57275671299857,12.932805521377599
2745.25,49.113126639848105,40.397985382795284,39.57275671299857,12.932805521377599
2750.25,49.113126639848105,40.397985382795284,39.57275671299857,14.47733899502754
2755.25,49.113126639848105,40.397985382795284,39.57275671299857,14.47733899502754
2760.25,49.113126639848105,40.397985382795284,39.57275671299857,14.47733899502754
2765.25,49.113126639848105,40.397985382795284,39.57275671299857,14.47733899502754
2770.25,49.113126639848105,40.397985382795284,39.57275671299857,14.47733899502754
2775.25,49.113126639848105,40.397985382795284,39.57275671299857,14.47733899502754
2780.25,49.113126639848105,40.397985382795284,39.57275671299857,14.601047540326151
2785.25,49.113126639848105,40.397985382795284,39.57275671299857,14.601047540326151
2790.25,49.113126639848105,40.397985382795284,39.57275671299857,14.601047540326151
2795.25,49.113126639848105,40.397985382795284,39.57275671299857,14.601047540326151
2800.25,49.113126639848105,40.397985382795284,39.57275671299857,14.601047540326151
2805.25,51.07447187869293,40.397985382795284,39.57275671299857,14.601047540326151
2810.25,51.07447187869293,40.397985382795284,39.57275671299857,14.601047540326151
2815.25,51.07447187869293,42.656371646714476,39.57275671299857,14.601047540326151
2820.25,51.07447187869293,42.656371646714476,39.57275671299857,14.601047540326151
2825.25,51.07447187869293,44.22336158648889,39.57275671299857,14.601047540326151
2830.25,51.07447187869293,44.22336158648889,39.57275671299857,14.601047540326151
2835.25,51.07447187869293,44.22336158648889,41.20979557441496,14.601047540326151
2840.25,51.07447187869293,44.22336158648889,41.20979557441496,14.601047540326151
2845.25,51.07447187869293,44.22336158648889,41.20979557441496,14.601047540326151
2850.25,51.07447187869293,44.22336158648889,41.20979557441496,14.601047540326151
2855.25,51.07447187869293,44.20466056931658,41.20979557441496,14.601047540326151
2860.25,51.07447187869293,44.20466056931658,41.20979557441496,14.601047540326151
2865.25,51.07447187869293,44.20466056931658,41.20979557441496,14.601047540326151
2870.25,51.07447187869293,44.20466056931658,43.154039377651976,14.601047540326151
2875.25,51.07447187869293,44.20466056931658,43.154039377651976,14.601047540326151
2880.25,51.07447187869293,44.20466056931658,43.154039377651976,14.601047540326151
2885.25,51.07447187869293,44.20466056931658,43.154039377651976,14.601047540326151
2890.25,52.01169610504962,44.20466056931658,43.154039377651976,14.601047540326151
2895.25,52.01169610504962,44.20466056931658,43.154039377651976,14.601047540326151
2900.25,53.6756085109678,44.20466056931658,43.154039377651976,14.601047540326151
2905.25,53.6756085109678,44.20466056931658,43.154039377651976,14.601047540326151
2910.25,53.6756085109678,44.20466056931658,43.154039377651976,14.601047540326151
2915.25,53.6756085109678,44.20466056931658,43.154039377651976,14.601047540326151
2920.25,53.6756085109678,44.20466056931658,43.154039377651976,14.601047540326151
2925.25,53.6756085109678,44.20466056931658,43.154039377651976,14.601047540326151
2930.25,53.6756085109678,44.20466056931658,43.154039377651976,14.601047540326151
2935.25,53.6756085109678,44.20466056931658,44.34394040292988,14.601047540326151
2940.25,53.6756085109678,44.20466056931658,44.34394040292988,14.601047540326151
2945.25,53.6756085109678,44.20466056931658,44.34394040292988,14.601047540326151
2950.25,53.6756085109678,44.20466056931658,44.34394040292988,14.601047540326151
2955.25,53.6756085109678,44.20466056931658,44.34394040292988,14.601047540326151
2960.25,55.097208116158484,44.20466056931658,44.34394040292988,14.601047540326151
2965.25,55.097208116158484,44.20466056931658,45.597647897000336,14.601047540326151
2970.25,55.097208116158484,44.20466056931658,45.597647897000336,14.601047540326151
2975.25,56.70242403365336,44.20466056931658,45.597647897000336,14.601047540326151
2980.25,56.70242403365336,45.504300813011255,45.597647897000336,14.601047540326151
2985.25,56.70242403365336,45.504300813011255,45.597647897000336,14.601047540326151
2990.25,56.70242403365336,45.504300813011255,45.597647897000336,14.601047540326151
2995.25,56.70242403365336,45.504300813011255,45.597647897000336,14.601047540326151
3000.25,56.70242403365336,45.504300813011255,45.597647897000336,14.601047540326151
3005.25,56.70242403365336,45.504300813011255,45.597647897000336,14.601047540326151
3010.25,56.70242403365336,45.504300813011255,45.597647897000336,14.601047540326151
3015.25,56.70242403365336,45.504300813011255,47.11725258299259,14.601047540326151
3020.25,56.70242403365336,45.504300813011255,47.11725258299259,14.601047540326151
3025.25,58.533075242221216,45.504300813011255,47.11725258299259,14.601047540326151
3030.25,58.533075242221216,45.504300813011255,47.11725258299259,14.601047540326151
3035.25,59.05508288480263,45.504300813011255,47.11725258299259,14.601047540326151
3040.25,59.05508288480263,45.504300813011255,47.11725258299259,14.601047540326151
3045.25,59.05508288480263,47.790567987020275,47.11725258299259,14.601047540326151
3050.25,59.05508288480263,47.790567987020275,47.11725258299259,14.601047540326151
3055.25,59.05508288480263,47.790567987020275,47.11725258299259,14.601047540326151
3060.25,59.05508288480263,47.790567987020275,47.11725258299259,14.601047540326151
3065.25,59.05508288480263,47.790567987020275,47.11725258299259,14.601047540326151
3070.25,59.58203240282775,47.790567987020275,47.11725258299259,14.601047540326151
3075.25,59.58203240282775,47.790567987020275,48.487569826778426,14.601047540326151
3080.25,59.58203240282775,49.27573176054227,48.487569826778426,14.601047540326151
3085.25,59.58203240282775,49.27573176054227,48.487569826778426,14.601047540326151
3090.25,59.58203240282775,49.27573176054227,48.487569826778426,14.601047540326151
3095.25,59.58203240282775,49.27573176054227,48.487569826778426,14.601047540326151
3100.25,61.692778197477324,49.27573176054227,48.487569826778426,14.601047540326151
3105.25,61.692778197477324,49.27573176054227,48.487569826778426,14.601047540326151
3110.25,61.692778197477324,49.27573176054227,48.487569826778426,14.601047540326151
3115.25,61.692778197477324,49.27573176054227,48.487569826778426,14.601047540326151
3120.25,61.692778197477324,49.27573176054227,48.487569826778426,14.601047540326151
3125.25,61.692778197477324,49.27573176054227,48.487569826778426,14.601047540326151
3130.25,61.692778197477324,49.27573176054227,48.487569826778426,14.601047540326151
3135.25,61.692778197477324,49.27573176054227,48.487569826778426,14.601047540326151
3140.25,61.692778197477324,49.27573176054227,48.487569826778426,14.601047540326151
3145.25,61.692778197477324,49.27573176054227,48.487569826778426,14.601047540326151
3150.25,61.692778197477324,49.27573176054227,48.487569826778426,14.601047540326151
3155.25,61.692778197477324,49.27573176054227,48.487569826778426,14.601047540326151
3160.25,61.692778197477324,49.27573176054227,50.12003331732713,14.601047540326151
3165.25,64.39501146168433,50.899959554993345,50.12003331732713,14.601047540326151
3170.25,64.39501146168433,50.899959554993345,50.12003331732713,14.601047540326151
3175.25,64.39501146168433,50.899959554993345,50.12003331732713,14.601047540326151
3180.25,64.39501146168433,50.899959554993345,50.12003331732713,14.601047540326151
3185.25,64.39501146168433,50.899959554993345,49.96393454127532,14.601047540326151
3190.25,64.39501146168433,50.899959554993345,49.96393454127532,14.601047540326151
3195.25,64.39501146168433,50.899959554993345,49.96393454127532,14.601047540326151
3200.25,64.39501146168433,50.899959554993345,49.96393454127532,14.601047540326151
3205.25,64.39501146168433,52.41266298011712,49.96393454127532,14.601047540326151
3210.25,64.39501146168433,52.41266298011712,49.96393454127532,14.601047540326151
3215.25,64.39501146168433,52.41266298011712,51.45070353258936,14.601047540326151
3220.25,64.39501146168433,52.41266298011712,51.45070353258936,14.601047540326151
3225.25,64.39501146168433,52.41266298011712,51.45070353258936,14.601047540326151
3230.25,64.39501146168433,52.41266298011712,51.45070353258936,14.601047540326151
3235.25,66.31481115323786,52.41266298011712,51.45070353258936,14.601047540326151
3240.25,66.31481115323786,52.41266298011712,51.45070353258936,14.601047540326151
3245.25,69.17131998880521,52.41266298011712,51.45070353258936,14.601047540326151
3250.25,69.17131998880521,52.41266298011712,51.45070353258936,14.601047540326151
3255.25,69.17131998880521,52.41266298011712,51.45070353258936,14.601047540326151
3260.25,69.17131998880521,52.41266298011712,51.45070353258936,14.601047540326151
3265.25,69.17131998880521,52.41266298011712,51.45070353258936,14.601047540326151
3270.25,69.17131998880521,52.41266298011712,51.45070353258936,14.601047540326151
3275.25,69.17131998880521,52.41266298011712,51.45070353258936,14.601047540326151
3280.25,69.17131998880521,52.41266298011712,51.45070353258936,14.601047540326151
3285.25,69.17131998880521,54.14657366597911,51.45070353258936,14.601047540326151
3290.25,69.17131998880521,54.14657366597911,51.45070353258936,14.601047540326151
3295.25,69.17131998880521,54.14657366597911,51.45070353258936,14.601047540326151
3300.25,69.17131998880521,54.14657366597911,51.45070353258936,14.601047540326151
3305.25,69.17131998880521,54.14657366597911,51.45070353258936,14.601047540326151
3310.25,69.17131998880521,56.6071913638111,51.45070353258936,14.601047540326151
3315.25,69.17131998880521,56.6071913638111,51.45070353258936,14.601047540326151
3320.25,69.17131998880521,56.6071913638111,51.45070353258936,14.601047540326151
3325.25,69.17131998880521,56.6071913638111,51.45070353258936,14.601047540326151
3330.25,69.17131998880521,56.6071913638111,51.45070353258936,14.601047540326151
3335.25,69.17131998880521,56.6071913638111,51.45070353258936,14.601047540326151
3340.25,69.17131998880521,56.6071913638111,51.45070353258936,14.601047540326151
3345.25,69.17131998880521,56.6071913638111,51.45070353258936,16.124216041552945
3350.25,69.17131998880521,56.6071913638111,51.45070353258936,16.124216041552945
3355.25,69.17131998880521,56.6071913638111,51.45070353258936,16.124216041552945
3360.25,71.10928963337099,56.67451663947686,51.45070353258936,16.124216041552945
3365.25,71.10928963337099,56.67451663947686,51.45070353258936,16.124216041552945
3370.25,71.10928963337099,56.67451663947686,51.45070353258936,16.124216041552945
3375.25,73.0237281927575,56.67451663947686,52.8760974140895,16.124216041552945
3380.25,75.67708863070554,56.67451663947686,52.8760974140895,16.124216041552945
3385.25,75.67708863070554,56.67451663947686,52.8760974140895,16.124216041552945
3390.25,75.67708863070554,58.46244458954552,52.8760974140895,16.124216041552945
3395.25,75.67708863070554,58.46244458954552,52.8760974140895,16.124216041552945
3400.25,75.67708863070554,58.46244458954552,52.8760974140895,16.124216041552945
3405.25,75.67708863070554,58.46244458954552,52.8760974140895,16.124216041552945
3410.25,75.67708863070554,58.46244458954552,52.8760974140895,16.124216041552945
3415.25,75.67708863070554,60.45760682211938,52.8760974140895,16.124216041552945
3420.25,75.67708863070554,60.45760682211938,52.8760974140895,16.124216041552945
3425.25,75.67708863070554,60.45760682211938,52.8760974140895,16.124216041552945
3430.25,75.67708863070554,60.45760682211938,52.8760974140895,16.124216041552945
3435.25,75.67708863070554,60.45760682211938,52.8760974140895,16.124216041552945
3440.25,75.67708863070554,60.45760682211938,52.8760974140895,16.124216041552945
3445.25,76.7093888906253,60.45760682211938,52.8760974140895,16.124216041552945
3450.25,76.7093888906253,60.45760682211938,52.8760974140895,16.124216041552945
3455.25,78.42674506914489,60.45760682211938,52.8760974140895,16.124216041552945
3460.25,78.42674506914489,60.45760682211938,52.8760974140895,16.124216041552945
3465.25,78.42674506914489,60.45760682211938,52.8760974140895,16.124216041552945
3470.25,78.42674506914489,60.45760682211938,52.8760974140895,16.124216041552945
3475.25,78.42674506914489,60.45760682211938,52.8760974140895,16.124216041552945
3480.25,78.42674506914489,60.45760682211938,52.8760974140895,16.124216041552945
3485.25,78.42674506914489,60.45760682211938,52.8760974140895,16.124216041552945
3490.25,78.42674506914489,60.45760682211938,52.8760974140895,16.124216041552945
3495.25,78.42674506914489,60.45760682211938,55.5583924070393,16.124216041552945
3500.25,80.58585409578754,60.45760682211938,55.5583924070393,16.124216041552945
3505.25,80.58585409578754,60.45760682211938,55.5583924070393,16.124216041552945
3510.25,80.58585409578754,60.45760682211938,56.22393775586418,16.124216041552945
3515.25,80.58585409578754,60.45760682211938,56.22393775586418,16.124216041552945
3520.25,80.58585409578754,60.45760682211938,56.22393775586418,16.124216041552945
3525.25,80.58585409578754,62.50861538208808,56.22393775586418,16.124216041552945
3530.25,80.58585409578754,62.50861538208808,56.22393775586418,16.124216041552945
3535.25,80.58585409578754,62.50861538208808,56.22393775586418,16.124216041552945
3540.25,80.58585409578754,62.50861538208808,56.22393775586418,16.124216041552945
3545.25,80.58585409578754,62.50861538208808,56.22393775586418,16.124216041552945
3550.25,82.87782399728763,62.50861538208808,56.22393775586418,16.124216041552945
3555.25,82.87782399728763,62.50861538208808,56.22393775586418,16.124216041552945
3560.25,82.87782399728763,62.50861538208808,56.52258108201969,16.124216041552945
3565.25,82.87782399728763,62.50861538208808,56.52258108201969,16.124216041552945
3570.25,82.87782399728763,62.50861538208808,56.52258108201969,16.58878564359519
3575.25,82.87782399728763,62.50861538208808,56.52258108201969,16.58878564359519
3580.25,82.87782399728763,62.50861538208808,56.52258108201969,16.58878564359519
3585.25,82.87782399728763,62.50861538208808,56.52258108201969,16.58878564359519
3590.25,84.96944381301805,62.50861538208808,56.52258108201969,16.58878564359519
3595.25,84.96944381301805,62.50861538208808,56.52258108201969,16.58878564359519
3600.25,84.96944381301805,62.50861538208808,56.52258108201969,16.58878564359519
3605.25,84.96944381301805,62.50861538208808,56.52258108201969,16.58878564359519
3610.25,84.96944381301805,62.50861538208808,56.52258108201969,16.58878564359519
3615.25,84.96944381301805,62.50861538208808,56.52258108201969,16.58878564359519
3620.25,84.96944381301805,65.05186272297759,56.52258108201969,16.58878564359519
3625.25,84.96944381301805,65.05186272297759,56.52258108201969,16.58878564359519
3630.25,84.96944381301805,65.05186272297759,56.52258108201969,16.58878564359519
3635.25,84.96944381301805,65.05186272297759,56.52258108201969,16.58878564359519
3640.25,84.96944381301805,65.05186272297759,56.52258108201969,16.58878564359519
3645.25,84.96944381301805,67.13646432786992,56.52258108201969,16.58878564359519
3650.25,84.96944381301805,67.13646432786992,56.52258108201969,16.58878564359519
3655.25,84.96944381301805,67.13646432786992,57.67792926527278,16.58878564359519
3660.25,84.96944381301805,67.13646432786992,57.67792926527278,16.58878564359519
3665.25,84.96944381301805,67.13646432786992,57.67792926527278,16.58878564359519
3670.25,84.96944381301805,67.13646432786992,57.67792926527278,16.58878564359519
3675.25,84.96944381301805,67.13646432786992,57.67792926527278,16.58878564359519
3680.25,84.96944381301805,67.13646432786992,57.67792926527278,16.58878564359519
3685.25,87.0131319173862,67.13646432786992,57.67792926527278,16.58878564359519
3690.25,87.0131319173862,67.13646432786992,57.67792926527278,16.58878564359519
3695.25,87.0131319173862,67.13646432786992,57.67792926527278,16.58878564359519
3700.25,87.0131319173862,67.13646432786992,59.14952723336016,16.58878564359519
3705.25,87.0131319173862,67.13646432786992,59.14952723336016,16.58878564359519
3710.25,87.0131319173862,67.13646432786992,59.14952723336016,16.58878564359519
3715.25,87.0131319173862,67.13646432786992,59.14952723336016,16.58878564359519
3720.25,87.0131319173862,67.13646432786992,59.14952723336016,16.58878564359519
3725.25,87.0131319173862,67.13646432786992,59.14952723336016,16.58878564359519
3730.25,87.0131319173862,67.13646432786992,59.14952723336016,16.58878564359519
3735.25,87.0131319173862,71.05440266152038,60.581271456244956,16.58878564359519
3740.25,87.0131319173862,71.05440266152038,60.581271456244956,16.58878564359519
3745.25,87.0131319173862,71.05440266152038,60.581271456244956,16.58878564359519
3750.25,87.0131319173862,71.05440266152038,60.581271456244956,16.58878564359519
3755.25,89.59400067713482,71.05440266152038,60.581271456244956,16.58878564359519
3760.25,89.59400067713482,71.05440266152038,60.581271456244956,16.58878564359519
3765.25,89.59400067713482,71.05440266152038,60.581271456244956,16.58878564359519
3770.25,89.59400067713482,71.05440266152038,60.581271456244956,16.58878564359519
3775.25,89.59400067713482,71.05440266152038,60.581271456244956,16.58878564359519
3780.25,89.59400067713482,71.05440266152038,60.581271456244956,16.58878564359519
3785.25,89.59400067713482,71.05440266152038,60.581271456244956,16.58878564359519
3790.25,89.59400067713482,71.05440266152038,60.581271456244956,16.58878564359519
3795.25,89.59400067713482,73.88898285667226,60.581271456244956,16.58878564359519
3800.25,89.59400067713482,73.88898285667226,60.581271456244956,18.20206301772429
3805.25,89.59400067713482,73.88898285667226,60.581271456244956,18.20206301772429
3810.25,89.59400067713482,73.88898285667226,61.88062079430785,18.20206301772429
3815.25,89.59400067713482,73.88898285667226,61.88062079430785,18.20206301772429
3820.25,89.59400067713482,73.88898285667226,61.88062079430785,18.20206301772429
3825.25,90.21259089088967,73.88898285667226,61.88062079430785,18.20206301772429
3830.25,92.48724057736501,73.88898285667226,61.88062079430785,18.20206301772429
3835.25,92.48724057736501,73.88898285667226,61.88062079430785,18.20206301772429
3840.25,92.48724057736501,73.88898285667226,61.88062079430785,18.20206301772429
3845.25,92.48724057736501,73.88898285667226,61.88062079430785,18.20206301772429
3850.25,92.48724057736501,73.88898285667226,63.576843796766305,18.20206301772429
3855.25,92.48724057736501,73.88898285667226,63.576843796766305,18.20206301772429
3860.25,92.48724057736501,73.88898285667226,63.576843796766305,18.20206301772429
3865.25,92.48724057736501,73.88898285667226,63.576843796766305,18.20206301772429
3870.25,92.48724057736501,73.88898285667226,63.576843796766305,18.20206301772429
3875.25,92.48724057736501,73.88898285667226,63.576843796766305,18.20206301772429
3880.25,92.48724057736501,73.88898285667226,63.576843796766305,18.20206301772429
3885.25,92.48724057736501,73.88898285667226,63.576843796766305,18.20206301772429
3890.25,92.48724057736501,73.88898285667226,63.576843796766305,18.20206301772429
3895.25,92.48724057736501,73.88898285667226,65.15448063115642,18.20206301772429
3900.25,92.48724057736501,73.88898285667226,65.15448063115642,18.20206301772429
3905.25,92.48724057736501,73.88898285667226,65.15448063115642,18.20206301772429
3910.25,94.87116929487422,73.88898285667226,65.15448063115642,18.20206301772429
3915.25,94.87116929487422,73.88898285667226,65.15448063115642,18.20206301772429
3920.25,94.87116929487422,73.88898285667226,65.15448063115642,18.20206301772429
3925.25,95.57675035973908,73.88898285667226,65.15448063115642,18.20206301772429
3930.25,95.57675035973908,73.88898285667226,65.15448063115642,18.20206301772429
3935.25,95.57675035973908,75.04729096298189,65.15448063115642,18.20206301772429
3940.25,95.57675035973908,75.04729096298189,65.15448063115642,18.20206301772429
3945.25,95.57675035973908,75.04729096298189,65.15448063115642,18.20206301772429
3950.25,95.57675035973908,75.04729096298189,65.15448063115642,18.20206301772429
3955.25,95.57675035973908,75.04729096298189,65.15448063115642,18.20206301772429
3960.25,98.11601730235188,77.24517459700203,65.15448063115642,18.20206301772429
3965.25,98.11601730235188,77.24517459700203,65.15448063115642,18.20206301772429
3970.25,98.11601730235188,77.24517459700203,65.15448063115642,18.20206301772429
3975.25,98.11601730235188,77.24517459700203,65.15448063115642,18.20206301772429
3980.25,98.11601730235188,77.24517459700203,65.15448063115642,18.20206301772429
3985.25,98.11601730235188,77.24517459700203,65.15448063115642,18.20206301772429
3990.25,98.11601730235188,77.24517459700203,65.15448063115642,18.20206301772429
3995.25,98.11601730235188,77.24517459700203,65.15448063115642,18.20206301772429
4000.25,98.11601730235188,77.24517459700203,66.92937561697244,18.20206301772429
4005.25,98.11601730235188,77.24517459700203,66.92937561697244,18.20206301772429
4010.25,98.11601730235188,77.24517459700203,66.92937561697244,18.20206301772429
4015.25,98.11601730235188,77.24517459700203,66.92937561697244,18.20206301772429
4020.25,98.11601730235188,77.24517459700203,66.92937561697244,18.20206301772429
4025.25,98.11601730235188,77.24517459700203,66.92937561697244,18.20206301772429
4030.25,98.11601730235188,77.24517459700203,66.92937561697244,18.20206301772429
4035.25,98.11601730235188,77.24517459700203,66.92937561697244,18.20206301772429
4040.25,98.11601730235188,77.24517459700203,66.92937561697244,18.20206301772429
4045.25,98.11601730235188,77.24517459700203,66.92937561697244,18.20206301772429
4050.25,98.11601730235188,77.24517459700203,66.92937561697244,18.20206301772429
4055.25,98.11601730235188,77.24517459700203,66.92937561697244,18.20206301772429
4060.25,98.11601730235188,77.24517459700203,66.92937561697244,18.20206301772429
4065.25,98.11601730235188,77.24517459700203,66.92937561697244,18.20206301772429
4070.25,99.09479497286426,80.0712036281512,66.92937561697244,18.20206301772429
4075.25,99.09479497286426,83.28034900950175,69.50101918654354,19.675653823908622
4080.25,99.09479497286426,83.28034900950175,69.50101918654354,21.144649899968268
4085.25,99.09479497286426,83.28034900950175,69.50101918654354,21.144649899968268
4090.25,99.09479497286426,83.28034900950175,69.50101918654354,21.144649899968268
4095.25,99.09479497286426,83.28034900950175,69.50101918654354,21.144649899968268
4100.25,99.09479497286426,83.28034900950175,69.50101918654354,21.144649899968268
4105.25,99.09479497286426,83.28034900950175,69.50101918654354,21.144649899968268
4110.25,99.09479497286426,83.28034900950175,69.50101918654354,21.144649899968268
4115.25,99.09479497286426,83.28034900950175,69.50101918654354,21.144649899968268
4120.25,99.09479497286426,83.28034900950175,73.87084858164832,21.144649899968268
4125.25,99.09479497286426,83.28034900950175,73.87084858164832,21.144649899968268
4130.25,99.09479497286426,83.28034900950175,73.87084858164832,21.144649899968268
4135.25,99.09479497286426,83.28034900950175,73.87084858164832,21.144649899968268
4140.25,99.09479497286426,83.28034900950175,73.87084858164832,21.144649899968268
4145.25,101.26823391534509,83.28034900950175,73.87084858164832,21.144649899968268
4150.25,101.26823391534509,83.28034900950175,73.87084858164832,21.144649899968268
4155.25,101.26823391534509,83.28034900950175,73.87084858164832,21.144649899968268
4160.25,101.26823391534509,83.28034900950175,73.87084858164832,21.144649899968268
4165.25,101.26823391534509,83.28034900950175,73.87084858164832,21.144649899968268
4170.25,101.26823391534509,83.28034900950175,73.87084858164832,21.144649899968268
4175.25,101.26823391534509,83.28034900950175,73.87084858164832,21.144649899968268
4180.25,104.03786794081748,83.28034900950175,73.87084858164832,21.144649899968268
4185.25,104.03786794081748,83.28034900950175,73.87084858164832,21.144649899968268
4190.25,104.03786794081748,83.28034900950175,73.87084858164832,21.144649899968268
4195.25,104.03786794081748,83.28034900950175,73.87084858164832,21.144649899968268
4200.25,104.03786794081748,83.28034900950175,73.87084858164832,21.144649899968268
4205.25,104.03786794081748,83.28034900950175,73.87084858164832,21.144649899968268
4210.25,104.03786794081748,83.28034900950175,73.87084858164832,21.144649899968268
4215.25,104.03786794081748,83.28034900950175,76.65274811940309,21.144649899968268
4220.25,104.03786794081748,83.28034900950175,78.2392597421363,21.144649899968268
4225.25,104.03786794081748,83.28034900950175,78.2392597421363,21.144649899968268
4230.25,104.03786794081748,83.28034900950175,78.2392597421363,21.144649899968268
4235.25,104.03786794081748,83.28034900950175,80.2264587535807,21.144649899968268
4240.25,104.03786794081748,83.28034900950175,80.2264587535807,21.144649899968268
4245.25,104.03786794081748,83.28034900950175,80.2264587535807,21.144649899968268
4250.25,104.03786794081748,85.69470274230889,80.2264587535807,21.144649899968268
4255.25,104.03786794081748,85.69470274230889,80.2264587535807,21.144649899968268
4260.25,104.03786794081748,85.69470274230889,80.2264587535807,21.144649899968268
4265.25,104.03786794081748,85.69470274230889,80.2264587535807,21.144649899968268
4270.25,104.03786794081748,85.69470274230889,80.2264587535807,21.144649899968268
4275.25,104.03786794081748,85.69470274230889,80.2264587535807,21.79862141690769
4280.25,106.01616195826006,85.69470274230889,80.2264587535807,21.79862141690769
4285.25,106.01616195826006,85.69470274230889,80.2264587535807,21.79862141690769
4290.25,106.01616195826006,90.59465397096395,80.2264587535807,21.79862141690769
4295.25,106.01616195826006,90.59465397096395,80.2264587535807,21.79862141690769
4300.25,106.01616195826006,90.59465397096395,80.2264587535807,21.79862141690769
4305.25,106.01616195826006,90.59465397096395,80.2264587535807,21.79862141690769
4310.25,106.01616195826006,90.59465397096395,80.2264587535807,21.79862141690769
4315.25,106.01616195826006,90.59465397096395,80.2264587535807,23.42541553092647
4320.25,106.01616195826006,90.59465397096395,80.2264587535807,23.42541553092647
4325.25,106.01616195826006,90.59465397096395,80.2264587535807,23.42541553092647
4330.25,106.01616195826006,90.59465397096395,80.2264587535807,23.42541553092647
4335.25,106.01616195826006,92.98515731044084,80.2264587535807,23.42541553092647
4340.25,106.01616195826006,92.98515731044084,80.2264587535807,23.42541553092647
4345.25,107.16411361860514,92.98515731044084,80.2264587535807,23.42541553092647
4350.25,110.15134688436055,92.98515731044084,80.2264587535807,23.42541553092647
4355.25,110.15134688436055,92.98515731044084,80.2264587535807,23.42541553092647
4360.25,110.15134688436055,92.98515731044084,80.2264587535807,23.42541553092647
4365.25,110.15134688436055,92.98515731044084,80.2264587535807,23.42541553092647
4370.25,110.15134688436055,92.98515731044084,80.2264587535807,23.42541553092647
4375.25,110.15134688436055,92.98515731044084,80.86334925195546,23.42541553092647
4380.25,110.15134688436055,92.98515731044084,80.86334925195546,23.42541553092647
4385.25,110.15134688436055,92.98515731044084,80.86334925195546,23.42541553092647
4390.25,110.15134688436055,92.98515731044084,80.86334925195546,23.42541553092647
4395.25,110.15134688436055,92.98515731044084,82.90733635840567,23.42541553092647
4400.25,110.15134688436055,92.98515731044084,82.90733635840567,23.42541553092647
4405.25,110.15134688436055,92.98515731044084,82.90733635840567,23.42541553092647
4410.25,110.15134688436055,92.98515731044084,82.90733635840567,23.42541553092647
4415.25,110.15134688436055,92.98515731044084,82.90733635840567,23.42541553092647
4420.25,110.15134688436055,92.98515731044084,82.90733635840567,23.42541553092647
4425.25,110.15134688436055,92.98515731044084,82.90733635840567,23.42541553092647
4430.25,110.15134688436055,93.94386834266385,82.90733635840567,23.42541553092647
4435.25,110.15134688436055,93.94386834266385,82.90733635840567,23.42541553092647
4440.25,110.15134688436055,93.94386834266385,82.90733635840567,23.42541553092647
4445.25,110.15134688436055,93.94386834266385,82.90733635840567,23.42541553092647
4450.25,110.15134688436055,93.94386834266385,82.90733635840567,23.42541553092647
4455.25,110.15134688436055,93.94386834266385,82.90733635840567,23.42541553092647
4460.25,110.15134688436055,96.3615942593581,82.90733635840567,23.42541553092647
4465.25,110.15134688436055,96.3615942593581,82.90733635840567,23.42541553092647
4470.25,112.94060802996287,96.3615942593581,82.90733635840567,23.42541553092647
4475.25,112.94060802996287,98.95948201425743,82.90733635840567,23.42541553092647
4480.25,112.94060802996287,98.95948201425743,82.90733635840567,23.42541553092647
4485.25,112.94060802996287,98.95948201425743,82.90733635840567,23.42541553092647
4490.25,112.94060802996287,98.95948201425743,82.90733635840567,23.42541553092647
4495.25,112.94060802996287,98.95948201425743,82.90733635840567,23.42541553092647
4500.25,112.94060802996287,98.95948201425743,82.90733635840567,25.03034520341274
4505.25,112.94060802996287,98.95948201425743,82.90733635840567,25.03034520341274
4510.25,112.94060802996287,98.95948201425743,84.73388080111513,25.03034520341274
4515.25,112.94060802996287,98.95948201425743,84.73388080111513,25.03034520341274
4520.25,112.94060802996287,98.95948201425743,84.73388080111513,25.03034520341274
4525.25,112.94060802996287,98.95948201425743,84.73388080111513,25.03034520341274
4530.25,112.94060802996287,98.95948201425743,84.73388080111513,25.03034520341274
4535.25,112.94060802996287,98.95948201425743,84.73388080111513,25.03034520341274
4540.25,112.94060802996287,98.95948201425743,84.73388080111513,25.03034520341274
4545.25,112.94060802996287,98.95948201425743,84.73388080111513,25.03034520341274
4550.25,112.94060802996287,98.95948201425743,84.73388080111513,25.03034520341274
4555.25,112.94060802996287,98.95948201425743,84.73388080111513,25.03034520341274
4560.25,112.94060802996287,98.95948201425743,84.73388080111513,25.03034520341274
4565.25,112.94060802996287,98.95948201425743,86.81901468631536,25.03034520341274
4570.25,112.94060802996287,98.95948201425743,86.81901468631536,25.03034520341274
4575.25,112.94060802996287,98.95948201425743,86.81901468631536,26.617109498589944
4580.25,112.94060802996287,98.95948201425743,86.81901468631536,26.617109498589944
4585.25,112.94060802996287,98.95948201425743,86.81901468631536,26.617109498589944
4590.25,112.94060802996287,98.95948201425743,86.81901468631536,26.617109498589944
4595.25,115.04377477730003,98.95948201425743,86.81901468631536,26.617109498589944
4600.25,115.04377477730003,98.95948201425743,86.81901468631536,26.617109498589944
4605.25,115.04377477730003,99.72690303223497,86.81901468631536,26.617109498589944
4610.25,115.04377477730003,99.72690303223497,86.81901468631536,26.617109498589944
4615.25,115.04377477730003,99.72690303223497,86.81901468631536,26.617109498589944
4620.25,115.04377477730003,99.72690303223497,86.81901468631536,26.617109498589944
4625.25,115.04377477730003,99.72690303223497,86.81901468631536,26.617109498589944
4630.25,115.04377477730003,99.72690303223497,86.81901468631536,26.617109498589944
4635.25,115.04377477730003,101.97756738908924,86.81901468631536,26.617109498589944
4640.25,115.04377477730003,101.97756738908924,86.81901468631536,26.617109498589944
4645.25,115.04377477730003,106.85539592516744,86.81901468631536,26.617109498589944
4650.25,115.04377477730003,106.85539592516744,86.81901468631536,26.617109498589944
4655.25,117.25582214465797,106.85539592516744,86.81901468631536,26.617109498589944
4660.25,117.25582214465797,106.85539592516744,86.81901468631536,26.617109498589944
4665.25,117.25582214465797,106.85539592516744,86.81901468631536,26.617109498589944
4670.25,117.25582214465797,106.85539592516744,86.81901468631536,26.617109498589944
4675.25,117.25582214465797,106.85539592516744,86.81901468631536,26.617109498589944
4680.25,117.25582214465797,106.85539592516744,86.81901468631536,26.617109498589944
4685.25,117.25582214465797,106.85539592516744,86.81901468631536,26.617109498589944
4690.25,117.25582214465797,106.85539592516744,86.81901468631536,28.420335140925264
4695.25,117.25582214465797,106.85539592516744,88.54056562022039,28.420335140925264
4700.25,117.25582214465797,106.85539592516744,88.54056562022039,28.420335140925264
4705.25,120.38288563036178,106.85539592516744,88.54056562022039,28.420335140925264
4710.25,120.38288563036178,106.85539592516744,88.54056562022039,28.420335140925264
4715.25,120.38288563036178,106.85539592516744,88.54056562022039,28.420335140925264
4720.25,120.38288563036178,106.85539592516744,88.54056562022039,28.420335140925264
4725.25,120.38288563036178,106.85539592516744,88.54056562022039,28.420335140925264
4730.25,122.4197723583309,106.85539592516744,88.54056562022039,28.420335140925264
4735.25,122.4197723583309,106.85539592516744,88.54056562022039,28.420335140925264
4740.25,122.4197723583309,106.85539592516744,88.54056562022039,28.420335140925264
4745.25,122.4197723583309,106.85539592516744,88.54056562022039,28.420335140925264
4750.25,122.4197723583309,106.85539592516744,88.54056562022039,28.420335140925264
4755.25,124.61662486472943,106.85539592516744,88.54056562022039,28.420335140925264
4760.25,124.61662486472943,107.58670033044865,88.54056562022039,28.420335140925264
4765.25,126.87445851916499,107.58670033044865,88.54056562022039,28.420335140925264
4770.25,126.87445851916499,107.58670033044865,88.54056562022039,28.420335140925264
4775.25,126.87445851916499,107.58670033044865,88.54056562022039,28.420335140925264
4780.25,126.87445851916499,107.58670033044865,90.47030602522679,28.420335140925264
4785.25,126.87445851916499,107.58670033044865,90.47030602522679,28.420335140925264
4790.25,126.87445851916499,108.57247512874238,90.47030602522679,28.420335140925264
4795.25,126.87445851916499,108.57247512874238,90.47030602522679,28.420335140925264
4800.25,128.04250465439208,108.57247512874238,90.47030602522679,28.420335140925264
4805.25,128.04250465439208,108.57247512874238,90.47030602522679,28.420335140925264
4810.25,128.04250465439208,108.57247512874238,90.47030602522679,28.420335140925264
4815.25,128.04250465439208,108.57247512874238,90.47030602522679,28.420335140925264
4820.25,128.04250465439208,108.57247512874238,90.47030602522679,28.420335140925264
4825.25,128.04250465439208,108.57247512874238,90.47030602522679,28.420335140925264
4830.25,128.04250465439208,108.57247512874238,90.47030602522679,28.420335140925264
4835.25,128.04250465439208,108.57247512874238,90.47030602522679,28.420335140925264
4840.25,128.04250465439208,108.57247512874238,90.47030602522679,28.420335140925264
4845.25,130.8172902035218,108.57247512874238,90.47030602522679,28.420335140925264
4850.25,130.8172902035218,108.57247512874238,90.47030602522679,28.420335140925264
4855.25,130.8172902035218,110.75664926801448,90.47030602522679,28.420335140925264
4860.25,130.8172902035218,110.75664926801448,90.47030602522679,28.420335140925264
4865.25,130.8172902035218,113.70970382445819,90.47030602522679,28.420335140925264
4870.25,130.8172902035218,113.70970382445819,90.47030602522679,28.420335140925264
4875.25,130.8172902035218,113.70970382445819,90.47030602522679,28.420335140925264
4880.25,130.8172902035218,118.64190993852708,90.47030602522679,28.420335140925264
4885.25,130.8172902035218,118.64190993852708,90.47030602522679,28.420335140925264
4890.25,130.8172902035218,118.64190993852708,90.47030602522679,28.420335140925264
4895.25,130.8172902035218,118.64190993852708,90.47030602522679,28.420335140925264
4900.25,130.8172902035218,118.64190993852708,90.47030602522679,28.420335140925264
4905.25,130.8172902035218,118.64190993852708,90.47030602522679,28.420335140925264
4910.25,130.8172902035218,123.23584887933805,90.47030602522679,28.420335140925264
4915.25,130.8172902035218,123.23584887933805,90.47030602522679,28.420335140925264
4920.25,130.8172902035218,123.23584887933805,90.47030602522679,28.420335140925264
4925.25,130.8172902035218,123.23584887933805,90.47030602522679,28.420335140925264
4930.25,130.8172902035218,123.23584887933805,90.47030602522679,28.420335140925264
4935.25,130.8172902035218,123.23584887933805,90.47030602522679,28.420335140925264
4940.25,130.8172902035218,123.23584887933805,90.47030602522679,28.420335140925264
4945.25,132.92304779691005,123.23584887933805,90.47030602522679,28.420335140925264
4950.25,132.92304779691005,123.23584887933805,90.47030602522679,28.420335140925264
4955.25,132.92304779691005,125.48632784159193,90.47030602522679,30.59426304451338
4960.25,132.92304779691005,125.48632784159193,90.47030602522679,30.59426304451338
4965.25,132.92304779691005,125.48632784159193,90.47030602522679,30.59426304451338
4970.25,135.34395439449932,125.48632784159193,90.47030602522679,30.59426304451338
4975.25,135.34395439449932,125.48632784159193,90.47030602522679,30.59426304451338
4980.25,135.34395439449932,125.48632784159193,90.47030602522679,30.59426304451338
4985.25,135.34395439449932,125.48632784159193,90.47030602522679,30.59426304451338
4990.25,135.34395439449932,125.48632784159193,90.47030602522679,30.59426304451338
4995.25,135.34395439449932,125.48632784159193,90.47030602522679,30.59426304451338
5000.25,135.34395439449932,125.48632784159193,90.47030602522679,30.59426304451338
5005.25,135.34395439449932,125.48632784159193,90.47030602522679,30.59426304451338
5010.25,135.34395439449932,125.48632784159193,90.47030602522679,30.59426304451338
5015.25,135.34395439449932,125.48632784159193,90.47030602522679,32.435006886454346
5020.25,135.34395439449932,127.74944726672106,90.47030602522679,32.435006886454346
5025.25,135.34395439449932,127.74944726672106,90.47030602522679,32.435006886454346
5030.25,135.34395439449932,127.74944726672106,90.47030602522679,32.435006886454346
5035.25,135.34395439449932,127.74944726672106,90.47030602522679,32.435006886454346
5040.25,135.34395439449932,127.74944726672106,90.47030602522679,32.435006886454346
5045.25,135.34395439449932,127.74944726672106,90.47030602522679,32.435006886454346
5050.25,135.34395439449932,127.74944726672106,90.47030602522679,32.435006886454346
5055.25,135.34395439449932,127.74944726672106,90.47030602522679,32.435006886454346
5060.25,135.34395439449932,127.74944726672106,90.47030602522679,32.435006886454346
5065.25,135.34395439449932,127.74944726672106,90.47030602522679,32.435006886454346
5070.25,135.34395439449932,127.74944726672106,90.47030602522679,32.435006886454346
5075.25,135.34395439449932,127.74944726672106,90.47030602522679,32.435006886454346
5080.25,135.34395439449932,127.74944726672106,90.47030602522679,32.435006886454346
5085.25,139.88930510860575,130.34771121696554,92.19688045025353,32.435006886454346
5090.25,139.88930510860575,130.34771121696554,92.19688045025353,32.435006886454346
5095.25,139.88930510860575,132.5043027921052,92.19688045025353,32.435006886454346
5100.25,139.88930510860575,132.5043027921052,92.19688045025353,32.435006886454346
5105.25,139.88930510860575,132.5043027921052,92.19688045025353,32.435006886454346
5110.25,139.88930510860575,132.5043027921052,92.19688045025353,32.435006886454346
5115.25,139.88930510860575,132.5043027921052,92.19688045025353,32.435006886454346
5120.25,139.88930510860575,132.5043027921052,92.19688045025353,32.435006886454346
5125.25,139.88930510860575,132.5043027921052,92.19688045025353,32.435006886454346
5130.25,139.88930510860575,132.5043027921052,92.19688045025353,32.435006886454346
5135.25,139.88930510860575,132.5043027921052,92.19688045025353,32.435006886454346
5140.25,139.88930510860575,132.5043027921052,92.19688045025353,32.435006886454346
5145.25,139.88930510860575,135.3442278621639,92.19688045025353,32.435006886454346
5150.25,139.88930510860575,135.3442278621639,92.19688045025353,32.435006886454346
5155.25,139.88930510860575,135.3442278621639,92.19688045025353,34.688735738169456
5160.25,139.88930510860575,135.3442278621639,92.19688045025353,34.688735738169456
5165.25,139.88930510860575,135.3442278621639,92.19688045025353,34.688735738169456
5170.25,139.88930510860575,135.3442278621639,92.19688045025353,34.688735738169456
5175.25,139.88930510860575,135.3442278621639,92.19688045025353,34.688735738169456
5180.25,139.88930510860575,139.37388302958703,92.19688045025353,34.688735738169456
5185.25,139.88930510860575,139.37388302958703,92.19688045025353,34.688735738169456
5190.25,139.88930510860575,139.37388302958703,92.19688045025353,34.688735738169456
5195.25,139.88930510860575,139.37388302958703,92.19688045025353,34.688735738169456
5200.25,139.88930510860575,139.37388302958703,92.19688045025353,34.688735738169456
5205.25,139.88930510860575,139.37388302958703,92.19688045025353,34.688735738169456
5210.25,139.88930510860575,139.37388302958703,92.19688045025353,34.688735738169456
5215.25,139.88930510860575,139.37388302958703,92.19688045025353,34.688735738169456
5220.25,142.33311225289287,139.37388302958703,92.19688045025353,34.688735738169456
5225.25,142.33311225289287,141.1823110718516,92.19688045025353,34.688735738169456
5230.25,142.33311225289287,141.1823110718516,92.19688045025353,34.688735738169456
5235.25,142.33311225289287,141.1823110718516,92.19688045025353,34.688735738169456
5240.25,142.33311225289287,141.1823110718516,92.19688045025353,34.688735738169456
5245.25,142.33311225289287,141.1823110718516,92.19688045025353,36.651588669597785
5250.25,142.33311225289287,141.1823110718516,92.19688045025353,36.651588669597785
5255.25,144.6979277465418,141.1823110718516,92.19688045025353,36.651588669597785
5260.25,144.6979277465418,141.1823110718516,93.02291027706306,36.651588669597785
5265.25,144.6979277465418,141.1823110718516,93.02291027706306,36.651588669597785
5270.25,144.6979277465418,143.22301381674754,93.02291027706306,36.651588669597785
5275.25,144.6979277465418,143.22301381674754,93.02291027706306,36.651588669597785
5280.25,144.6979277465418,143.22301381674754,93.02291027706306,36.651588669597785
5285.25,144.6979277465418,143.22301381674754,93.02291027706306,36.651588669597785
5290.25,144.6979277465418,143.22301381674754,93.02291027706306,36.651588669597785
5295.25,144.6979277465418,143.22301381674754,93.02291027706306,36.651588669597785
5300.25,144.6979277465418,143.22301381674754,93.02291027706306,36.651588669597785
5305.25,144.6979277465418,143.22301381674754,93.02291027706306,36.651588669597785
5310.25,144.6979277465418,143.22301381674754,93.02291027706306,36.651588669597785
5315.25,147.39181060465927,143.22301381674754,93.02291027706306,36.651588669597785
5320.25,147.39181060465927,143.22301381674754,93.02291027706306,36.651588669597785
5325.25,147.39181060465927,143.22301381674754,96.15629389388572,36.651588669597785
5330.25,147.39181060465927,143.22301381674754,96.15629389388572,36.651588669597785
5335.25,147.39181060465927,143.22301381674754,96.15629389388572,36.651588669597785
5340.25,149.90834671276352,143.22301381674754,96.15629389388572,36.651588669597785
5345.25,149.90834671276352,143.22301381674754,96.15629389388572,36.651588669597785
5350.25,149.90834671276352,143.22301381674754,96.15629389388572,36.651588669597785
5355.25,149.90834671276352,146.00460633822843,96.15629389388572,36.651588669597785
5360.25,149.90834671276352,146.00460633822843,96.15629389388572,36.651588669597785
5365.25,149.90834671276352,146.00460633822843,96.15629389388572,36.651588669597785
5370.25,149.90834671276352,146.00460633822843,96.15629389388572,36.651588669597785
5375.25,149.90834671276352,146.00460633822843,96.15629389388572,36.651588669597785
5380.25,149.90834671276352,146.00460633822843,99.24689309773541,36.651588669597785
5385.25,149.90834671276352,147.11653054499874,101.11267591575302,36.651588669597785
5390.25,149.90834671276352,147.11653054499874,101.11267591575302,36.651588669597785
5395.25,149.90834671276352,147.11653054499874,101.11267591575302,36.651588669597785
5400.25,149.90834671276352,147.11653054499874,101.11267591575302,36.651588669597785
5405.25,151.52526023074694,147.11653054499874,101.11267591575302,36.651588669597785
5410.25,151.52526023074694,147.11653054499874,101.11267591575302,36.651588669597785
5415.25,151.52526023074694,147.11653054499874,101.11267591575302,36.651588669597785
5420.25,151.52526023074694,147.11653054499874,101.11267591575302,36.651588669597785
5425.25,151.52526023074694,147.11653054499874,101.11267591575302,36.651588669597785
5430.25,151.52526023074694,147.11653054499874,101.11267591575302,36.651588669597785
5435.25,151.52526023074694,147.11653054499874,101.11267591575302,36.651588669597785
5440.25,151.52526023074694,147.11653054499874,101.11267591575302,36.651588669597785
5445.25,151.52526023074694,147.11653054499874,101.11267591575302,36.651588669597785
5450.25,151.52526023074694,147.11653054499874,101.11267591575302,36.651588669597785
5455.25,151.52526023074694,147.11653054499874,101.11267591575302,36.651588669597785
5460.25,151.52526023074694,147.11653054499874,101.11267591575302,36.651588669597785
5465.25,151.52526023074694,147.11653054499874,103.82066607814218,36.651588669597785
5470.25,151.52526023074694,147.11653054499874,103.82066607814218,36.651588669597785
5475.25,151.52526023074694,147.11653054499874,103.82066607814218,36.651588669597785
5480.25,151.52526023074694,151.8917452215003,103.82066607814218,36.651588669597785
5485.25,151.52526023074694,151.8917452215003,103.82066607814218,36.651588669597785
5490.25,151.52526023074694,151.8917452215003,103.82066607814218,36.651588669597785
5495.25,151.52526023074694,151.8917452215003,103.82066607814218,36.651588669597785
5500.25,151.52526023074694,151.8917452215003,103.82066607814218,36.651588669597785
5505.25,151.52526023074694,151.8917452215003,103.82066607814218,36.651588669597785
5510.25,151.52526023074694,151.8917452215003,103.82066607814218,36.651588669597785
5515.25,151.52526023074694,159.84158964374404,103.82066607814218,36.651588669597785
5520.25,154.8813740548158,159.84158964374404,103.82066607814218,38.45837075863886
5525.25,154.8813740548158,159.84158964374404,103.82066607814218,38.45837075863886
5530.25,154.8813740548158,159.84158964374404,103.82066607814218,38.45837075863886
5535.25,154.8813740548158,162.35001056078653,103.82066607814218,38.45837075863886
5540.25,154.8813740548158,162.35001056078653,103.82066607814218,38.45837075863886
5545.25,154.8813740548158,162.35001056078653,103.82066607814218,38.45837075863886
5550.25,154.8813740548158,162.35001056078653,103.82066607814218,38.45837075863886
5555.25,154.8813740548158,162.35001056078653,103.82066607814218,38.45837075863886
5560.25,154.8813740548158,162.35001056078653,103.82066607814218,38.45837075863886
5565.25,154.8813740548158,162.35001056078653,103.82066607814218,38.45837075863886
5570.25,154.8813740548158,162.35001056078653,105.66237627222273,38.45837075863886
5575.25,154.8813740548158,162.35001056078653,105.66237627222273,38.45837075863886
5580.25,154.8813740548158,162.35001056078653,105.66237627222273,38.45837075863886
5585.25,157.5545887520999,162.35001056078653,105.66237627222273,38.45837075863886
5590.25,160.88858437932393,162.35001056078653,105.66237627222273,38.45837075863886
5595.25,160.88858437932393,162.35001056078653,105.66237627222273,38.45837075863886
5600.25,160.88858437932393,162.35001056078653,105.66237627222273,38.45837075863886
5605.25,160.88858437932393,162.35001056078653,105.66237627222273,38.45837075863886
5610.25,160.88858437932393,162.35001056078653,105.66237627222273,38.45837075863886
5615.25,160.88858437932393,162.35001056078653,105.66237627222273,38.45837075863886
5620.25,160.88858437932393,162.35001056078653,105.66237627222273,38.45837075863886
5625.25,160.88858437932393,162.35001056078653,105.66237627222273,38.45837075863886
5630.25,160.88858437932393,162.35001056078653,105.66237627222273,38.45837075863886
5635.25,160.88858437932393,162.35001056078653,105.66237627222273,38.45837075863886
5640.25,163.76365359834486,162.35001056078653,105.66237627222273,38.45837075863886
5645.25,163.76365359834486,162.35001056078653,105.66237627222273,38.45837075863886
5650.25,163.76365359834486,162.35001056078653,105.66237627222273,38.45837075863886
5655.25,163.76365359834486,164.3479071062735,105.66237627222273,38.45837075863886
5660.25,163.76365359834486,164.3479071062735,105.66237627222273,38.45837075863886
5665.25,163.76365359834486,164.3479071062735,105.66237627222273,38.45837075863886
5670.25,163.76365359834486,164.3479071062735,105.66237627222273,38.45837075863886
5675.25,163.76365359834486,164.3479071062735,105.66237627222273,38.45837075863886
5680.25,163.76365359834486,164.3479071062735,105.66237627222273,38.45837075863886
5685.25,163.76365359834486,164.3479071062735,105.66237627222273,38.45837075863886
5690.25,163.76365359834486,170.46425352440474,105.66237627222273,38.45837075863886
5695.25,163.76365359834486,170.46425352440474,105.66237627222273,38.45837075863886
5700.25,163.76365359834486,170.46425352440474,105.66237627222273,38.45837075863886
5705.25,163.76365359834486,170.46425352440474,105.66237627222273,38.45837075863886
5710.25,163.76365359834486,170.46425352440474,105.66237627222273,38.45837075863886
5715.25,163.76365359834486,170.46425352440474,105.66237627222273,38.45837075863886
5720.25,163.76365359834486,170.46425352440474,105.66237627222273,38.45837075863886
5725.25,163.76365359834486,170.46425352440474,106.49357687877543,39.337531697661355
5730.25,163.76365359834486,170.46425352440474,106.49357687877543,39.337531697661355
5735.25,163.76365359834486,174.20787318921975,106.49357687877543,39.337531697661355
5740.25,163.76365359834486,174.20787318921975,106.49357687877543,39.337531697661355
5745.25,163.76365359834486,177.27969839652758,106.49357687877543,39.337531697661355
5750.25,163.76365359834486,177.27969839652758,106.49357687877543,39.337531697661355
5755.25,163.76365359834486,177.27969839652758,106.49357687877543,39.337531697661355
5760.25,165.16354896781678,177.27969839652758,106.49357687877543,39.337531697661355
5765.25,165.16354896781678,177.27969839652758,106.49357687877543,39.337531697661355
5770.25,165.16354896781678,177.27969839652758,106.49357687877543,39.337531697661355
5775.25,165.16354896781678,177.27969839652758,106.49357687877543,39.337531697661355
5780.25,165.16354896781678,177.27969839652758,106.49357687877543,39.337531697661355
5785.25,165.16354896781678,177.27969839652758,106.49357687877543,39.337531697661355
5790.25,165.16354896781678,177.27969839652758,106.49357687877543,42.62977603460494
5795.25,165.16354896781678,177.27969839652758,106.49357687877543,42.62977603460494
5800.25,165.16354896781678,177.27969839652758,106.49357687877543,42.62977603460494
5805.25,168.49543208406243,177.27969839652758,106.49357687877543,42.62977603460494
5810.25,168.49543208406243,180.70641884086677,106.49357687877543,42.62977603460494
5815.25,168.49543208406243,180.70641884086677,106.49357687877543,42.62977603460494
5820.25,168.49543208406243,180.70641884086677,106.49357687877543,42.62977603460494
5825.25,168.49543208406243,180.70641884086677,106.49357687877543,42.62977603460494
5830.25,168.49543208406243,181.2645171309456,106.49357687877543,42.62977603460494
5835.25,168.49543208406243,181.2645171309456,106.49357687877543,42.62977603460494
5840.25,168.49543208406243,181.2645171309456,106.49357687877543,42.62977603460494
5845.25,168.49543208406243,181.2645171309456,106.49357687877543,42.62977603460494
5850.25,168.49543208406243,183.42650671610505,106.49357687877543,42.62977603460494
5855.25,168.49543208406243,183.42650671610505,106.49357687877543,42.62977603460494
5860.25,168.49543208406243,185.95134774185345,106.49357687877543,42.62977603460494
5865.25,168.49543208406243,185.95134774185345,106.49357687877543,42.62977603460494
5870.25,168.49543208406243,189.76481126893822,106.49357687877543,42.62977603460494
5875.25,168.49543208406243,189.76481126893822,106.49357687877543,42.62977603460494
5880.25,168.49543208406243,189.76481126893822,106.49357687877543,42.62977603460494
5885.25,168.49543208406243,189.76481126893822,106.49357687877543,42.62977603460494
5890.25,168.49543208406243,189.76481126893822,106.49357687877543,42.62977603460494
5895.25,168.49543208406243,189.76481126893822,106.49357687877543,42.62977603460494
5900.25,168.49543208406243,189.76481126893822,106.49357687877543,42.62977603460494
5905.25,168.49543208406243,189.76481126893822,106.49357687877543,42.62977603460494
5910.25,168.49543208406243,189.76481126893822,106.49357687877543,42.62977603460494
5915.25,168.49543208406243,189.76481126893822,106.49357687877543,42.62977603460494
5920.25,168.49543208406243,189.76481126893822,106.49357687877543,42.62977603460494
5925.25,168.49543208406243,189.76481126893822,106.49357687877543,42.62977603460494
5930.25,168.49543208406243,189.76481126893822,106.49357687877543,42.62977603460494
5935.25,168.49543208406243,190.72277342380704,106.49357687877543,42.62977603460494
5940.25,168.49543208406243,190.72277342380704,117.56960814172106,42.62977603460494
5945.25,168.49543208406243,190.72277342380704,117.56960814172106,42.62977603460494
5950.25,168.49543208406243,190.72277342380704,117.56960814172106,42.62977603460494
5955.25,168.49543208406243,190.72277342380704,117.56960814172106,42.62977603460494
5960.25,168.49543208406243,190.72277342380704,117.56960814172106,42.62977603460494
5965.25,168.49543208406243,190.72277342380704,117.56960814172106,42.62977603460494
5970.25,168.49543208406243,190.72277342380704,117.56960814172106,42.62977603460494
5975.25,168.49543208406243,190.72277342380704,117.56960814172106,42.62977603460494
5980.25,168.49543208406243,190.72277342380704,117.56960814172106,42.62977603460494
5985.25,168.49543208406243,190.72277342380704,117.56960814172106,44.3797382266509
5990.25,168.49543208406243,190.72277342380704,117.56960814172106,44.3797382266509
5995.25,168.49543208406243,190.72277342380704,117.56960814172106,44.3797382266509
6000.25,168.49543208406243,190.72277342380704,119.94815368189057,44.3797382266509
6005.25,168.49543208406243,190.72277342380704,119.94815368189057,44.3797382266509
6010.25,168.49543208406243,190.72277342380704,119.94815368189057,44.3797382266509
6015.25,168.49543208406243,190.72277342380704,119.94815368189057,44.3797382266509
6020.25,168.49543208406243,190.72277342380704,119.94815368189057,44.3797382266509
6025.25,168.49543208406243,190.72277342380704,119.94815368189057,44.3797382266509
6030.25,168.49543208406243,190.72277342380704,121.88167802466785,44.3797382266509
6035.25,168.49543208406243,190.72277342380704,121.88167802466785,44.3797382266509
6040.25,168.49543208406243,190.72277342380704,121.88167802466785,44.3797382266509
6045.25,168.49543208406243,193.70074366866447,121.88167802466785,44.3797382266509
6050.25,168.49543208406243,193.70074366866447,121.88167802466785,47.444528056882675
6055.25,168.49543208406243,193.70074366866447,121.88167802466785,47.444528056882675
6060.25,168.49543208406243,193.70074366866447,121.88167802466785,47.444528056882675
6065.25,168.49543208406243,195.59581400673284,121.88167802466785,47.444528056882675
6070.25,168.49543208406243,195.59581400673284,121.88167802466785,47.444528056882675
6075.25,168.49543208406243,195.59581400673284,121.88167802466785,47.444528056882675
6080.25,168.49543208406243,195.59581400673284,121.88167802466785,47.444528056882675
6085.25,168.49543208406243,195.59581400673284,121.88167802466785,47.444528056882675
6090.25,168.49543208406243,195.59581400673284,121.88167802466785,47.444528056882675
6095.25,168.49543208406243,195.59581400673284,121.88167802466785,47.444528056882675
6100.25,168.49543208406243,195.59581400673284,121.88167802466785,47.444528056882675
6105.25,168.49543208406243,198.89583969596075,121.88167802466785,47.444528056882675
6110.25,168.49543208406243,198.89583969596075,121.88167802466785,47.444528056882675
6115.25,168.49543208406243,203.2342068864054,121.88167802466785,47.444528056882675
6120.25,168.49543208406243,203.2342068864054,121.88167802466785,47.444528056882675
6125.25,168.49543208406243,203.2342068864054,121.88167802466785,47.444528056882675
6130.25,168.49543208406243,203.2342068864054,121.88167802466785,47.444528056882675
6135.25,168.49543208406243,203.2342068864054,121.88167802466785,47.444528056882675
6140.25,168.49543208406243,205.37240122243458,121.88167802466785,47.444528056882675
6145.25,168.49543208406243,205.37240122243458,121.88167802466785,47.444528056882675
6150.25,168.49543208406243,205.37240122243458,121.88167802466785,47.444528056882675
6155.25,168.49543208406243,205.37240122243458,121.88167802466785,47.444528056882675
6160.25,168.49543208406243,205.37240122243458,121.88167802466785,47.444528056882675
6165.25,168.49543208406243,207.45215063291087,121.88167802466785,47.444528056882675
6170.25,168.49543208406243,207.45215063291087,121.88167802466785,47.444528056882675
6175.25,168.49543208406243,207.45215063291087,121.88167802466785,47.444528056882675
6180.25,170.64749458874093,207.45215063291087,121.88167802466785,47.444528056882675
6185.25,170.64749458874093,207.45215063291087,121.88167802466785,47.444528056882675
6190.25,170.64749458874093,207.45215063291087,121.88167802466785,47.444528056882675
6195.25,170.64749458874093,207.45215063291087,121.88167802466785,47.444528056882675
6200.25,170.64749458874093,207.45215063291087,121.88167802466785,47.444528056882675
6205.25,170.64749458874093,207.45215063291087,121.88167802466785,47.444528056882675
6210.25,170.64749458874093,207.45215063291087,121.88167802466785,47.444528056882675
6215.25,173.52154953019908,207.45215063291087,124.01355515579041,47.444528056882675
6220.25,173.52154953019908,207.45215063291087,124.01355515579041,47.444528056882675
6225.25,173.52154953019908,207.45215063291087,124.01355515579041,47.444528056882675
6230.25,173.52154953019908,207.45215063291087,124.01355515579041,47.444528056882675
6235.25,173.52154953019908,210.8474771237689,124.01355515579041,47.444528056882675
6240.25,173.52154953019908,210.8474771237689,124.01355515579041,47.444528056882675
6245.25,173.52154953019908,210.8474771237689,125.83044959148324,47.444528056882675
6250.25,173.52154953019908,210.8474771237689,125.83044959148324,47.444528056882675
6255.25,173.52154953019908,210.8474771237689,125.83044959148324,47.444528056882675
6260.25,173.52154953019908,210.8474771237689,125.83044959148324,49.136226415448725
6265.25,173.52154953019908,210.8474771237689,125.83044959148324,52.33937328729961
6270.25,173.52154953019908,210.8474771237689,125.83044959148324,52.33937328729961
6275.25,173.52154953019908,210.8474771237689,125.83044959148324,52.33937328729961
6280.25,173.52154953019908,212.96343640888063,125.83044959148324,52.33937328729961
6285.25,173.52154953019908,212.96343640888063,125.83044959148324,52.33937328729961
6290.25,173.52154953019908,212.96343640888063,125.83044959148324,52.33937328729961
6295.25,173.52154953019908,212.96343640888063,125.83044959148324,52.33937328729961
6300.25,173.52154953019908,212.96343640888063,125.83044959148324,52.33937328729961
6305.25,173.52154953019908,212.96343640888063,125.83044959148324,52.33937328729961
6310.25,173.52154953019908,212.96343640888063,125.83044959148324,52.33937328729961
6315.25,173.52154953019908,212.96343640888063,131.49004365018672,52.33937328729961
6320.25,173.52154953019908,212.96343640888063,131.49004365018672,52.33937328729961
6325.25,173.52154953019908,212.96343640888063,131.49004365018672,52.33937328729961
6330.25,173.52154953019908,212.96343640888063,131.49004365018672,52.33937328729961
6335.25,173.52154953019908,215.857881560098,131.49004365018672,52.33937328729961
6340.25,178.09479015009413,219.35615152594607,131.49004365018672,52.33937328729961
6345.25,178.09479015009413,219.35615152594607,131.49004365018672,52.33937328729961
6350.25,178.09479015009413,219.35615152594607,131.49004365018672,52.33937328729961
6355.25,178.09479015009413,219.35615152594607,131.49004365018672,52.33937328729961
6360.25,178.09479015009413,219.35615152594607,131.49004365018672,52.33937328729961
6365.25,178.09479015009413,219.35615152594607,131.49004365018672,52.33937328729961
6370.25,178.09479015009413,219.35615152594607,131.49004365018672,52.33937328729961
6375.25,178.09479015009413,219.35615152594607,131.49004365018672,52.33937328729961
6380.25,178.09479015009413,219.35615152594607,131.49004365018672,52.33937328729961
6385.25,178.09479015009413,219.35615152594607,131.49004365018672,52.33937328729961
6390.25,178.09479015009413,219.35615152594607,131.49004365018672,52.33937328729961
6395.25,178.09479015009413,224.48310644350238,131.49004365018672,52.33937328729961
6400.25,178.09479015009413,224.48310644350238,131.49004365018672,52.33937328729961
6405.25,178.09479015009413,224.48310644350238,131.49004365018672,52.33937328729961
6410.25,178.09479015009413,224.48310644350238,131.49004365018672,52.33937328729961
6415.25,178.09479015009413,224.48310644350238,131.49004365018672,52.33937328729961
6420.25,178.09479015009413,224.48310644350238,131.49004365018672,52.33937328729961
6425.25,178.09479015009413,224.48310644350238,131.49004365018672,52.33937328729961
6430.25,178.09479015009413,224.48310644350238,132.104399041456,52.33937328729961
6435.25,178.09479015009413,224.48310644350238,132.104399041456,52.33937328729961
6440.25,178.09479015009413,224.48310644350238,132.104399041456,52.33937328729961
6445.25,178.09479015009413,224.48310644350238,132.104399041456,52.33937328729961
6450.25,180.07514835424482,224.48310644350238,132.104399041456,52.33937328729961
6455.25,183.08484494979209,224.48310644350238,132.104399041456,52.33937328729961
6460.25,186.86935773524957,224.48310644350238,132.104399041456,52.33937328729961
6465.25,186.86935773524957,224.48310644350238,132.104399041456,53.16978042093165
6470.25,186.86935773524957,224.48310644350238,132.104399041456,53.16978042093165
6475.25,186.86935773524957,224.48310644350238,132.104399041456,53.16978042093165
6480.25,186.86935773524957,224.48310644350238,132.104399041456,53.16978042093165
6485.25,186.86935773524957,226.815856998486,132.104399041456,53.16978042093165
6490.25,186.86935773524957,226.815856998486,132.104399041456,53.16978042093165
6495.25,186.86935773524957,226.815856998486,132.104399041456,53.16978042093165
6500.25,186.86935773524957,226.815856998486,132.104399041456,53.16978042093165
6505.25,186.86935773524957,226.815856998486,132.104399041456,53.16978042093165
6510.25,186.86935773524957,229.50419927523836,132.104399041456,53.16978042093165
6515.25,186.86935773524957,232.70164586141294,132.104399041456,53.16978042093165
6520.25,186.86935773524957,232.70164586141294,132.104399041456,53.16978042093165
6525.25,189.7285045194273,232.70164586141294,132.104399041456,53.16978042093165
6530.25,189.7285045194273,232.70164586141294,132.104399041456,53.16978042093165
6535.25,189.7285045194273,232.70164586141294,132.104399041456,53.16978042093165
6540.25,189.7285045194273,232.70164586141294,132.104399041456,53.16978042093165
6545.25,189.7285045194273,232.70164586141294,132.104399041456,53.16978042093165
6550.25,189.7285045194273,232.70164586141294,132.104399041456,53.16978042093165
6555.25,189.7285045194273,232.70164586141294,132.104399041456,53.16978042093165
6560.25,189.7285045194273,232.70164586141294,132.104399041456,53.16978042093165
6565.25,189.7285045194273,232.70164586141294,132.104399041456,53.16978042093165
6570.25,189.7285045194273,232.70164586141294,132.104399041456,53.16978042093165
6575.25,189.7285045194273,232.70164586141294,132.104399041456,53.16978042093165
6580.25,189.7285045194273,235.12175058254508,132.104399041456,53.16978042093165
6585.25,189.7285045194273,235.12175058254508,132.104399041456,53.16978042093165
6590.25,192.6599573228856,235.12175058254508,136.61811638309428,53.16978042093165
6595.25,192.6599573228856,235.12175058254508,136.61811638309428,53.16978042093165
6600.25,192.6599573228856,235.12175058254508,136.61811638309428,53.16978042093165
6605.25,192.6599573228856,235.12175058254508,136.61811638309428,53.16978042093165
6610.25,192.6599573228856,235.12175058254508,136.61811638309428,53.16978042093165
6615.25,192.6599573228856,235.12175058254508,136.61811638309428,53.16978042093165
6620.25,192.6599573228856,237.39975958205127,136.61811638309428,53.16978042093165
6625.25,192.6599573228856,237.39975958205127,136.61811638309428,53.16978042093165
6630.25,192.6599573228856,237.39975958205127,136.61811638309428,53.16978042093165
6635.25,192.6599573228856,237.39975958205127,136.61811638309428,53.16978042093165
6640.25,192.6599573228856,237.39975958205127,136.61811638309428,53.16978042093165
6645.25,192.6599573228856,237.39975958205127,138.2847109585291,53.16978042093165
6650.25,192.6599573228856,237.39975958205127,138.2847109585291,53.16978042093165
6655.25,192.6599573228856,237.39975958205127,138.2847109585291,53.16978042093165
6660.25,192.6599573228856,237.39975958205127,138.2847109585291,53.16978042093165
6665.25,192.6599573228856,237.39975958205127,138.2847109585291,56.97771524060103
6670.25,192.6599573228856,237.39975958205127,138.2847109585291,56.97771524060103
6675.25,192.6599573228856,237.39975958205127,138.2847109585291,56.97771524060103
6680.25,198.63443196591004,237.39975958205127,138.2847109585291,56.97771524060103
6685.25,198.63443196591004,237.39975958205127,138.2847109585291,56.97771524060103
6690.25,198.63443196591004,238.6098751181714,138.2847109585291,56.97771524060103
6695.25,198.63443196591004,238.6098751181714,138.2847109585291,56.97771524060103
6700.25,198.63443196591004,238.6098751181714,138.2847109585291,56.97771524060103
6705.25,198.63443196591004,238.6098751181714,138.2847109585291,56.97771524060103
6710.25,198.63443196591004,240.95967013215864,138.2847109585291,56.97771524060103
6715.25,198.63443196591004,240.95967013215864,138.2847109585291,56.97771524060103
6720.25,198.63443196591004,240.95967013215864,138.2847109585291,56.97771524060103
6725.25,198.63443196591004,240.95967013215864,138.2847109585291,56.97771524060103
6730.25,198.63443196591004,240.95967013215864,138.2847109585291,56.97771524060103
6735.25,198.63443196591004,240.95967013215864,138.2847109585291,56.97771524060103
6740.25,198.63443196591004,240.95967013215864,138.2847109585291,58.557216711776796
6745.25,198.63443196591004,240.95967013215864,138.2847109585291,58.557216711776796
6750.25,198.63443196591004,240.95967013215864,138.2847109585291,58.557216711776796
6755.25,198.63443196591004,240.95967013215864,138.2847109585291,58.557216711776796
6760.25,198.63443196591004,240.95967013215864,138.2847109585291,58.557216711776796
6765.25,198.63443196591004,240.95967013215864,138.2847109585291,58.557216711776796
6770.25,198.63443196591004,240.95967013215864,138.2847109585291,58.557216711776796
6775.25,198.63443196591004,240.95967013215864,138.2847109585291,58.557216711776796
6780.25,198.63443196591004,240.95967013215864,138.2847109585291,58.557216711776796
6785.25,198.63443196591004,240.95967013215864,143.9415626497342,58.557216711776796
6790.25,198.63443196591004,240.95967013215864,143.9415626497342,58.557216711776796
6795.25,198.63443196591004,244.59781787903682,143.9415626497342,58.557216711776796
6800.25,198.63443196591004,244.59781787903682,148.28043086299942,58.557216711776796
6805.25,198.63443196591004,244.59781787903682,148.28043086299942,58.557216711776796
6810.25,198.63443196591004,244.59781787903682,148.92800123647078,58.557216711776796
6815.25,198.63443196591004,244.59781787903682,148.92800123647078,58.557216711776796
6820.25,198.63443196591004,247.0615427989705,148.92800123647078,58.557216711776796
6825.25,198.63443196591004,247.0615427989705,148.92800123647078,58.557216711776796
6830.25,198.63443196591004,247.0615427989705,148.92800123647078,58.557216711776796
6835.25,198.63443196591004,247.0615427989705,148.92800123647078,58.557216711776796
6840.25,198.63443196591004,247.0615427989705,148.92800123647078,58.557216711776796
6845.25,198.63443196591004,247.0615427989705,148.92800123647078,58.557216711776796
6850.25,198.63443196591004,247.0615427989705,148.92800123647078,58.557216711776796
6855.25,198.63443196591004,247.0615427989705,148.92800123647078,58.557216711776796
6860.25,198.63443196591004,247.0615427989705,148.92800123647078,58.557216711776796
6865.25,198.63443196591004,248.0538104630811,148.92800123647078,58.557216711776796
6870.25,198.63443196591004,248.0538104630811,148.92800123647078,58.557216711776796
6875.25,198.63443196591004,248.0538104630811,148.92800123647078,58.557216711776796
6880.25,198.63443196591004,248.0538104630811,148.92800123647078,58.557216711776796
6885.25,198.63443196591004,248.0538104630811,148.92800123647078,58.557216711776796
6890.25,198.63443196591004,248.0538104630811,148.92800123647078,58.557216711776796
6895.25,198.63443196591004,248.0538104630811,148.92800123647078,58.557216711776796
6900.25,198.63443196591004,248.0538104630811,154.13696309026497,58.557216711776796
6905.25,202.59819868357087,248.0538104630811,154.13696309026497,58.557216711776796
6910.25,202.59819868357087,250.64574225756292,154.13696309026497,58.557216711776796
6915.25,202.59819868357087,250.64574225756292,154.13696309026497,58.557216711776796
6920.25,202.59819868357087,250.64574225756292,154.13696309026497,58.557216711776796
6925.25,202.59819868357087,250.64574225756292,154.13696309026497,58.557216711776796
6930.25,205.47537498227445,250.64574225756292,154.13696309026497,58.557216711776796
6935.25,205.47537498227445,250.64574225756292,154.13696309026497,58.557216711776796
6940.25,205.47537498227445,250.64574225756292,158.4202749768048,59.27814303922606
6945.25,205.47537498227445,250.64574225756292,158.4202749768048,59.27814303922606
6950.25,205.47537498227445,250.64574225756292,158.4202749768048,59.27814303922606
6955.25,205.47537498227445,253.73194223559003,158.4202749768048,59.27814303922606
6960.25,205.47537498227445,253.73194223559003,158.4202749768048,59.27814303922606
6965.25,205.47537498227445,253.73194223559003,158.4202749768048,59.27814303922606
6970.25,205.47537498227445,253.73194223559003,158.4202749768048,59.27814303922606
6975.25,205.47537498227445,253.73194223559003,158.4202749768048,59.27814303922606
6980.25,205.47537498227445,253.73194223559003,158.4202749768048,59.27814303922606
6985.25,205.47537498227445,253.73194223559003,158.4202749768048,59.27814303922606
6990.25,205.47537498227445,253.73194223559003,158.4202749768048,59.27814303922606
6995.25,205.47537498227445,253.73194223559003,158.4202749768048,59.27814303922606
7000.25,205.47537498227445,253.73194223559003,158.4202749768048,59.27814303922606
7005.25,205.47537498227445,253.73194223559003,158.4202749768048,59.27814303922606
7010.25,207.3370439022278,256.3676730909739,158.4202749768048,59.27814303922606
7015.25,210.06506635757444,256.3676730909739,158.4202749768048,59.27814303922606
7020.25,210.06506635757444,256.3676730909739,158.4202749768048,59.27814303922606
7025.25,210.06506635757444,256.3676730909739,158.4202749768048,59.27814303922606
7030.25,210.06506635757444,256.3676730909739,158.4202749768048,59.27814303922606
7035.25,210.06506635757444,256.3676730909739,158.4202749768048,59.27814303922606
7040.25,210.06506635757444,256.3676730909739,158.4202749768048,59.27814303922606
7045.25,210.06506635757444,256.3676730909739,158.4202749768048,59.27814303922606
7050.25,210.06506635757444,256.3676730909739,158.4202749768048,59.27814303922606
7055.25,210.06506635757444,256.3676730909739,158.4202749768048,59.27814303922606
7060.25,210.06506635757444,256.3676730909739,158.4202749768048,59.27814303922606
7065.25,210.06506635757444,256.3676730909739,158.4202749768048,59.27814303922606
7070.25,210.06506635757444,256.3676730909739,158.4202749768048,59.27814303922606
7075.25,214.2801658583772,259.5832703080222,158.4202749768048,59.27814303922606
7080.25,214.2801658583772,259.5832703080222,158.4202749768048,59.27814303922606
7085.25,214.2801658583772,259.5832703080222,159.02781154216044,59.27814303922606
7090.25,214.2801658583772,259.5832703080222,159.02781154216044,59.27814303922606
7095.25,214.2801658583772,259.5832703080222,159.02781154216044,59.27814303922606
7100.25,214.2801658583772,259.5832703080222,159.02781154216044,59.27814303922606
7105.25,214.2801658583772,259.5832703080222,159.02781154216044,59.27814303922606
7110.25,214.2801658583772,259.5832703080222,159.02781154216044,59.27814303922606
7115.25,214.2801658583772,259.5832703080222,160.94586237797813,59.27814303922606
7120.25,214.2801658583772,259.5832703080222,166.36841799199425,59.27814303922606
7125.25,214.2801658583772,259.5832703080222,166.36841799199425,59.27814303922606
7130.25,214.2801658583772,259.5832703080222,166.36841799199425,59.27814303922606
7135.25,214.2801658583772,259.5832703080222,166.36841799199425,59.27814303922606
7140.25,214.2801658583772,265.7594915022552,166.36841799199425,59.27814303922606
7145.25,214.2801658583772,265.7594915022552,166.36841799199425,59.27814303922606
7150.25,214.2801658583772,265.7594915022552,166.36841799199425,59.27814303922606
7155.25,214.2801658583772,265.7594915022552,166.36841799199425,59.27814303922606
7160.25,214.2801658583772,265.7594915022552,166.36841799199425,59.27814303922606
7165.25,214.2801658583772,269.3404992675572,166.36841799199425,59.27814303922606
7170.25,214.2801658583772,269.3404992675572,166.36841799199425,59.27814303922606
7175.25,214.2801658583772,269.3404992675572,169.24970656998335,59.27814303922606
7180.25,214.2801658583772,269.3404992675572,169.24970656998335,59.27814303922606
7185.25,214.2801658583772,269.3404992675572,169.24970656998335,59.27814303922606
7190.25,217.16116885050312,269.3404992675572,169.24970656998335,59.27814303922606
7195.25,217.16116885050312,269.3404992675572,169.24970656998335,59.27814303922606
7200.25,217.16116885050312,269.3404992675572,169.24970656998335,59.27814303922606
7205.25,217.16116885050312,269.3404992675572,169.24970656998335,59.27814303922606
7210.25,217.16116885050312,269.3404992675572,169.24970656998335,59.27814303922606
7215.25,217.16116885050312,269.3404992675572,169.24970656998335,59.27814303922606
7220.25,217.16116885050312,269.3404992675572,169.24970656998335,59.27814303922606
7225.25,217.16116885050312,269.3404992675572,169.24970656998335,59.27814303922606
7230.25,217.16116885050312,269.3404992675572,169.24970656998335,59.27814303922606
7235.25,217.16116885050312,269.3404992675572,169.24970656998335,59.27814303922606
7240.25,217.16116885050312,269.3404992675572,169.24970656998335,59.27814303922606
7245.25,217.16116885050312,269.3404992675572,169.24970656998335,59.27814303922606
7250.25,217.16116885050312,270.04387242566713,169.24970656998335,59.27814303922606
7255.25,217.16116885050312,273.6690649208873,169.24970656998335,59.27814303922606
7260.25,220.14165927734078,275.8846656593124,169.24970656998335,59.27814303922606
7265.25,220.14165927734078,278.49729200920694,169.24970656998335,59.27814303922606
7270.25,220.14165927734078,278.49729200920694,169.24970656998335,59.27814303922606
7275.25,220.14165927734078,278.49729200920694,169.24970656998335,59.27814303922606
7280.25,220.14165927734078,278.49729200920694,169.24970656998335,59.27814303922606
7285.25,220.14165927734078,278.49729200920694,169.24970656998335,59.27814303922606
7290.25,220.14165927734078,278.49729200920694,169.24970656998335,59.27814303922606
7295.25,220.14165927734078,278.49729200920694,169.24970656998335,59.27814303922606
7300.25,220.14165927734078,278.49729200920694,169.24970656998335,59.27814303922606
7305.25,220.14165927734078,278.49729200920694,169.24970656998335,59.27814303922606
7310.25,220.14165927734078,278.49729200920694,169.24970656998335,59.27814303922606
7315.25,220.14165927734078,278.49729200920694,169.24970656998335,59.27814303922606
7320.25,220.14165927734078,278.49729200920694,169.24970656998335,59.27814303922606
7325.25,223.9837550626349,278.49729200920694,169.24970656998335,59.27814303922606
7330.25,223.9837550626349,278.49729200920694,169.24970656998335,59.27814303922606
7335.25,223.9837550626349,278.49729200920694,171.00543767612777,59.27814303922606
7340.25,223.9837550626349,278.49729200920694,171.00543767612777,59.27814303922606
7345.25,223.9837550626349,278.49729200920694,171.00543767612777,59.27814303922606
7350.25,223.9837550626349,278.49729200920694,171.00543767612777,59.27814303922606
7355.25,223.9837550626349,278.49729200920694,171.00543767612777,59.27814303922606
7360.25,223.9837550626349,278.49729200920694,171.00543767612777,59.27814303922606
7365.25,223.9837550626349,278.49729200920694,171.00543767612777,59.27814303922606
7370.25,227.06105338258067,278.49729200920694,171.00543767612777,59.27814303922606
7375.25,227.06105338258067,278.49729200920694,171.00543767612777,59.27814303922606
7380.25,227.06105338258067,278.49729200920694,171.00543767612777,59.27814303922606
7385.25,227.06105338258067,278.49729200920694,171.00543767612777,59.27814303922606
7390.25,227.06105338258067,278.49729200920694,171.00543767612777,59.27814303922606
7395.25,233.67557023282322,278.49729200920694,171.00543767612777,59.27814303922606
7400.25,233.67557023282322,278.49729200920694,173.028158309369,59.27814303922606
7405.25,233.67557023282322,278.49729200920694,173.028158309369,59.27814303922606
7410.25,233.67557023282322,278.49729200920694,173.028158309369,59.27814303922606
7415.25,233.67557023282322,278.49729200920694,173.028158309369,59.27814303922606
7420.25,233.67557023282322,278.49729200920694,173.028158309369,59.27814303922606
7425.25,233.67557023282322,278.49729200920694,173.028158309369,61.21030420481251
7430.25,233.67557023282322,278.49729200920694,173.028158309369,61.21030420481251
7435.25,236.92800411697377,280.9654569043669,173.028158309369,61.21030420481251
7440.25,236.92800411697377,280.9654569043669,173.028158309369,61.21030420481251
7445.25,236.92800411697377,280.9654569043669,173.028158309369,61.21030420481251
7450.25,236.92800411697377,280.9654569043669,173.028158309369,61.21030420481251
7455.25,236.92800411697377,280.9654569043669,173.028158309369,61.21030420481251
7460.25,236.92800411697377,280.9654569043669,173.028158309369,61.21030420481251
7465.25,236.92800411697377,280.9654569043669,173.028158309369,61.21030420481251
7470.25,236.92800411697377,280.9654569043669,173.028158309369,61.21030420481251
7475.25,236.92800411697377,280.9654569043669,173.028158309369,61.21030420481251
7480.25,236.92800411697377,280.9654569043669,173.028158309369,61.21030420481251
7485.25,238.63519371205646,280.9654569043669,173.028158309369,61.21030420481251
7490.25,238.63519371205646,280.9654569043669,173.80609327037374,61.21030420481251
7495.25,238.63519371205646,280.9654569043669,173.80609327037374,61.21030420481251
7500.25,238.63519371205646,280.9654569043669,173.80609327037374,61.21030420481251
7505.25,238.63519371205646,280.9654569043669,173.80609327037374,61.21030420481251
7510.25,238.63519371205646,280.9654569043669,173.80609327037374,61.21030420481251
7515.25,238.63519371205646,280.9654569043669,173.80609327037374,61.21030420481251
7520.25,238.63519371205646,280.9654569043669,173.80609327037374,61.21030420481251
7525.25,238.63519371205646,280.9654569043669,173.80609327037374,61.21030420481251
7530.25,238.63519371205646,280.9654569043669,173.80609327037374,61.21030420481251
7535.25,238.63519371205646,283.7108342668745,173.80609327037374,61.21030420481251
7540.25,238.63519371205646,283.7108342668745,173.80609327037374,61.21030420481251
7545.25,238.63519371205646,283.7108342668745,173.80609327037374,61.21030420481251
7550.25,238.63519371205646,283.7108342668745,173.80609327037374,61.21030420481251
7555.25,238.63519371205646,283.7108342668745,173.80609327037374,61.21030420481251
7560.25,238.63519371205646,283.7108342668745,173.80609327037374,61.21030420481251
7565.25,238.63519371205646,285.81727437288544,173.80609327037374,61.21030420481251
7570.25,238.63519371205646,285.81727437288544,173.80609327037374,61.21030420481251
7575.25,238.63519371205646,285.81727437288544,173.80609327037374,61.21030420481251
7580.25,238.63519371205646,285.81727437288544,173.80609327037374,63.84376518242523
7585.25,238.63519371205646,285.81727437288544,173.80609327037374,63.84376518242523
7590.25,238.63519371205646,285.81727437288544,173.80609327037374,63.84376518242523
7595.25,238.63519371205646,285.81727437288544,173.80609327037374,63.84376518242523
7600.25,238.63519371205646,285.81727437288544,173.80609327037374,63.84376518242523
7605.25,238.63519371205646,285.81727437288544,173.80609327037374,63.84376518242523
7610.25,238.63519371205646,289.52165612727015,177.59733887022588,63.84376518242523
7615.25,238.63519371205646,289.52165612727015,177.59733887022588,63.84376518242523
7620.25,238.63519371205646,289.52165612727015,177.59733887022588,63.84376518242523
7625.25,238.63519371205646,289.52165612727015,177.59733887022588,63.84376518242523
7630.25,238.63519371205646,292.32374374680467,177.59733887022588,63.84376518242523
7635.25,238.63519371205646,292.32374374680467,177.59733887022588,63.84376518242523
7640.25,238.63519371205646,292.32374374680467,177.59733887022588,63.84376518242523
7645.25,238.63519371205646,292.32374374680467,177.59733887022588,63.84376518242523
7650.25,238.63519371205646,292.32374374680467,177.59733887022588,63.84376518242523
7655.25,238.63519371205646,292.32374374680467,179.4473224290524,63.84376518242523
7660.25,238.63519371205646,292.32374374680467,179.4473224290524,63.84376518242523
7665.25,242.05081455298912,292.32374374680467,179.4473224290524,63.84376518242523
7670.25,244.83067841955264,294.69403502546595,179.4473224290524,65.8205031400161
7675.25,244.83067841955264,294.69403502546595,179.4473224290524,65.8205031400161
7680.25,244.83067841955264,294.69403502546595,179.4473224290524,65.8205031400161
7685.25,244.83067841955264,294.69403502546595,179.4473224290524,65.8205031400161
7690.25,244.83067841955264,294.69403502546595,179.4473224290524,65.8205031400161
7695.25,244.83067841955264,294.69403502546595,179.4473224290524,65.8205031400161
7700.25,244.83067841955264,294.69403502546595,179.4473224290524,65.8205031400161
7705.25,248.498237125614,294.69403502546595,184.45396119015686,65.8205031400161
7710.25,248.498237125614,294.69403502546595,184.45396119015686,65.8205031400161
7715.25,248.498237125614,294.69403502546595,184.45396119015686,65.8205031400161
7720.25,248.498237125614,294.69403502546595,184.45396119015686,65.8205031400161
7725.25,248.498237125614,294.69403502546595,184.45396119015686,65.8205031400161
7730.25,248.498237125614,294.69403502546595,184.45396119015686,65.8205031400161
7735.25,248.498237125614,294.69403502546595,184.45396119015686,65.8205031400161
7740.25,248.498237125614,294.69403502546595,184.45396119015686,65.8205031400161
7745.25,248.498237125614,294.69403502546595,184.45396119015686,65.8205031400161
7750.25,248.498237125614,294.69403502546595,184.45396119015686,65.8205031400161
7755.25,248.498237125614,297.453062220874,184.45396119015686,65.8205031400161
7760.25,251.79771173818816,297.453062220874,184.45396119015686,65.8205031400161
7765.25,251.79771173818816,297.453062220874,184.45396119015686,65.8205031400161
7770.25,251.79771173818816,297.453062220874,184.45396119015686,65.8205031400161
7775.25,251.79771173818816,297.453062220874,184.45396119015686,65.8205031400161
7780.25,251.79771173818816,297.453062220874,184.45396119015686,65.8205031400161
7785.25,251.79771173818816,297.453062220874,184.45396119015686,65.8205031400161
7790.25,251.79771173818816,297.453062220874,184.45396119015686,65.8205031400161
7795.25,251.79771173818816,297.453062220874,184.45396119015686,65.8205031400161
7800.25,251.79771173818816,297.453062220874,184.45396119015686,65.8205031400161
7805.25,251.79771173818816,297.453062220874,184.45396119015686,65.8205031400161
7810.25,255.1805390311848,297.453062220874,184.45396119015686,65.8205031400161
7815.25,255.1805390311848,297.453062220874,184.45396119015686,65.8205031400161
7820.25,255.1805390311848,297.453062220874,184.45396119015686,65.8205031400161
7825.25,255.1805390311848,297.453062220874,184.45396119015686,65.8205031400161
7830.25,255.1805390311848,297.453062220874,184.45396119015686,65.8205031400161
7835.25,255.1805390311848,297.453062220874,184.45396119015686,65.8205031400161
7840.25,258.72961986424207,297.453062220874,184.45396119015686,65.8205031400161
7845.25,258.72961986424207,297.453062220874,184.45396119015686,65.8205031400161
7850.25,258.72961986424207,299.59322270958126,187.53867920071087,65.8205031400161
7855.25,258.72961986424207,299.59322270958126,187.53867920071087,65.8205031400161
7860.25,258.72961986424207,299.59322270958126,187.53867920071087,65.8205031400161
7865.25,258.72961986424207,299.59322270958126,187.53867920071087,65.8205031400161
7870.25,258.72961986424207,299.59322270958126,189.2355680976798,65.8205031400161
7875.25,258.72961986424207,299.59322270958126,189.2355680976798,65.8205031400161
7880.25,258.72961986424207,299.59322270958126,189.2355680976798,65.8205031400161
7885.25,261.1040761201318,302.34712822274184,189.2355680976798,65.8205031400161
7890.25,261.1040761201318,302.34712822274184,192.88218425333372,65.8205031400161
7895.25,261.1040761201318,302.34712822274184,192.88218425333372,65.8205031400161
7900.25,261.1040761201318,302.34712822274184,192.88218425333372,65.8205031400161
7905.25,261.1040761201318,302.34712822274184,192.88218425333372,65.8205031400161
7910.25,261.1040761201318,302.34712822274184,192.88218425333372,65.8205031400161
7915.25,261.1040761201318,302.34712822274184,192.88218425333372,65.8205031400161
7920.25,261.1040761201318,302.34712822274184,192.88218425333372,65.8205031400161
7925.25,261.1040761201318,302.34712822274184,192.88218425333372,65.8205031400161
7930.25,261.1040761201318,302.34712822274184,192.88218425333372,65.8205031400161
7935.25,264.35622714351365,306.30067640120296,192.88218425333372,65.8205031400161
7940.25,264.35622714351365,306.30067640120296,192.88218425333372,65.8205031400161
7945.25,264.35622714351365,306.30067640120296,192.88218425333372,65.8205031400161
7950.25,264.35622714351365,306.30067640120296,192.88218425333372,65.8205031400161
7955.25,264.35622714351365,306.30067640120296,192.88218425333372,65.8205031400161
7960.25,264.35622714351365,306.30067640120296,192.88218425333372,65.8205031400161
7965.25,267.7207942625594,306.30067640120296,192.88218425333372,65.8205031400161
7970.25,267.7207942625594,306.30067640120296,192.88218425333372,65.8205031400161
7975.25,267.7207942625594,306.30067640120296,192.88218425333372,65.8205031400161
7980.25,267.7207942625594,306.30067640120296,192.88218425333372,65.8205031400161
7985.25,267.7207942625594,306.30067640120296,192.88218425333372,65.8205031400161
7990.25,267.7207942625594,306.30067640120296,192.88218425333372,65.8205031400161
7995.25,267.7207942625594,306.30067640120296,192.88218425333372,65.8205031400161
8000.25,267.7207942625594,306.30067640120296,192.88218425333372,65.8205031400161
8005.25,267.7207942625594,309.0971193740023,194.0962909370122,65.8205031400161
8010.25,267.7207942625594,309.0971193740023,194.0962909370122,65.8205031400161
8015.25,267.7207942625594,309.0971193740023,194.0962909370122,65.8205031400161
8020.25,269.94022776006136,309.0971193740023,194.0962909370122,65.8205031400161
8025.25,269.94022776006136,309.0971193740023,194.0962909370122,65.8205031400161
8030.25,269.94022776006136,309.0971193740023,194.0962909370122,65.8205031400161
8035.25,269.94022776006136,309.0971193740023,194.0962909370122,65.8205031400161
8040.25,269.94022776006136,309.0971193740023,194.0962909370122,68.86070850425457
8045.25,269.94022776006136,309.0971193740023,194.0962909370122,68.86070850425457
8050.25,269.94022776006136,311.0193219046289,194.0962909370122,68.86070850425457
8055.25,269.94022776006136,311.0193219046289,194.0962909370122,68.86070850425457
8060.25,269.94022776006136,311.0193219046289,194.0962909370122,68.86070850425457
8065.25,269.94022776006136,311.0193219046289,194.0962909370122,68.86070850425457
8070.25,269.94022776006136,311.0193219046289,194.0962909370122,68.86070850425457
8075.25,273.16678582429597,311.0193219046289,194.0962909370122,68.86070850425457
8080.25,273.16678582429597,311.0193219046289,194.0962909370122,68.86070850425457
8085.25,273.16678582429597,311.0193219046289,194.0962909370122,68.86070850425457
8090.25,273.16678582429597,311.0193219046289,194.0962909370122,68.86070850425457
8095.25,273.16678582429597,311.0193219046289,194.0962909370122,68.86070850425457
8100.25,273.16678582429597,311.0193219046289,194.0962909370122,68.86070850425457
8105.25,273.16678582429597,311.0193219046289,198.64619056503733,68.86070850425457
8110.25,273.16678582429597,311.0193219046289,198.64619056503733,68.86070850425457
8115.25,273.16678582429597,311.0193219046289,198.64619056503733,68.86070850425457
8120.25,273.16678582429597,311.0193219046289,198.64619056503733,68.86070850425457
8125.25,273.16678582429597,313.3105618845242,198.64619056503733,68.86070850425457
8130.25,273.16678582429597,316.13517466884093,198.64619056503733,68.86070850425457
8135.25,273.16678582429597,316.13517466884093,198.64619056503733,71.36074956555177
8140.25,273.16678582429597,316.13517466884093,198.64619056503733,71.36074956555177
8145.25,273.16678582429597,320.12128063895,198.64619056503733,71.36074956555177
8150.25,273.16678582429597,320.12128063895,198.64619056503733,71.36074956555177
8155.25,273.16678582429597,320.12128063895,198.64619056503733,71.36074956555177
8160.25,273.16678582429597,320.12128063895,198.64619056503733,71.36074956555177
8165.25,273.16678582429597,320.12128063895,198.64619056503733,71.36074956555177
8170.25,273.16678582429597,320.12128063895,198.64619056503733,71.36074956555177
8175.25,273.16678582429597,320.12128063895,198.64619056503733,71.36074956555177
8180.25,273.16678582429597,320.12128063895,198.64619056503733,71.36074956555177
8185.25,273.16678582429597,320.12128063895,198.64619056503733,71.36074956555177
8190.25,273.16678582429597,320.12128063895,199.3384170265589,71.36074956555177
8195.25,273.16678582429597,320.12128063895,199.3384170265589,71.36074956555177
8200.25,273.16678582429597,320.12128063895,199.3384170265589,71.36074956555177
8205.25,276.3088337617273,320.12128063895,199.3384170265589,71.36074956555177
8210.25,276.3088337617273,320.12128063895,199.3384170265589,71.36074956555177
8215.25,276.3088337617273,320.12128063895,199.3384170265589,71.36074956555177
8220.25,276.3088337617273,320.12128063895,203.5355872855422,71.36074956555177
8225.25,276.3088337617273,320.12128063895,203.5355872855422,71.36074956555177
8230.25,276.3088337617273,320.12128063895,203.5355872855422,71.36074956555177
8235.25,276.3088337617273,320.12128063895,203.5355872855422,71.36074956555177
8240.25,276.3088337617273,322.48888796785775,203.5355872855422,71.36074956555177
8245.25,276.3088337617273,322.48888796785775,203.5355872855422,71.36074956555177
8250.25,276.3088337617273,322.48888796785775,203.5355872855422,71.36074956555177
8255.25,276.3088337617273,322.48888796785775,203.5355872855422,71.36074956555177
8260.25,276.3088337617273,322.48888796785775,203.5355872855422,71.36074956555177
8265.25,276.3088337617273,322.48888796785775,203.5355872855422,71.36074956555177
8270.25,276.3088337617273,322.48888796785775,203.5355872855422,71.36074956555177
8275.25,276.3088337617273,322.48888796785775,203.5355872855422,71.36074956555177
8280.25,276.3088337617273,322.48888796785775,203.5355872855422,71.36074956555177
8285.25,276.3088337617273,322.48888796785775,203.5355872855422,71.36074956555177
8290.25,276.3088337617273,322.48888796785775,206.7507615664801,71.36074956555177
8295.25,276.3088337617273,325.84026509824923,206.7507615664801,71.36074956555177
8300.25,276.3088337617273,325.84026509824923,206.7507615664801,71.36074956555177
8305.25,276.3088337617273,328.462993920003,206.7507615664801,71.36074956555177
8310.25,276.3088337617273,328.462993920003,206.7507615664801,71.36074956555177
8315.25,276.3088337617273,328.462993920003,206.7507615664801,71.36074956555177
8320.25,276.3088337617273,332.19133196010034,206.7507615664801,71.36074956555177
8325.25,276.3088337617273,332.19133196010034,206.7507615664801,71.36074956555177
8330.25,276.3088337617273,332.19133196010034,206.7507615664801,71.36074956555177
8335.25,276.3088337617273,335.8370099035336,206.7507615664801,71.36074956555177
8340.25,276.3088337617273,335.8370099035336,206.7507615664801,71.36074956555177
8345.25,276.3088337617273,335.8370099035336,206.7507615664801,71.36074956555177
8350.25,276.3088337617273,335.8370099035336,206.7507615664801,71.36074956555177
8355.25,279.8466022237839,335.8370099035336,206.7507615664801,71.36074956555177
8360.25,279.8466022237839,335.8370099035336,206.7507615664801,71.36074956555177
8365.25,279.8466022237839,335.8370099035336,206.7507615664801,71.36074956555177
8370.25,279.8466022237839,335.8370099035336,206.7507615664801,71.36074956555177
8375.25,279.8466022237839,335.8370099035336,206.7507615664801,71.36074956555177
8380.25,279.8466022237839,335.8370099035336,206.7507615664801,71.36074956555177
8385.25,279.8466022237839,335.8370099035336,206.7507615664801,71.36074956555177
8390.25,279.8466022237839,335.8370099035336,206.7507615664801,71.36074956555177
8395.25,279.8466022237839,335.8370099035336,206.7507615664801,71.36074956555177
8400.25,279.8466022237839,335.8370099035336,206.7507615664801,71.36074956555177
8405.25,279.8466022237839,338.042703212941,206.7507615664801,71.36074956555177
8410.25,279.8466022237839,338.042703212941,206.7507615664801,73.58336892581686
8415.25,279.8466022237839,338.042703212941,206.7507615664801,73.58336892581686
8420.25,279.8466022237839,338.042703212941,206.7507615664801,73.58336892581686
8425.25,282.3744281751394,338.042703212941,206.7507615664801,73.58336892581686
8430.25,282.3744281751394,338.042703212941,206.7507615664801,73.58336892581686
8435.25,282.3744281751394,339.56340115300395,206.7507615664801,73.58336892581686
8440.25,282.3744281751394,339.56340115300395,206.7507615664801,73.58336892581686
8445.25,285.6918502054459,339.56340115300395,206.7507615664801,73.58336892581686
8450.25,287.6314091517171,339.56340115300395,208.65035258514,73.58336892581686
8455.25,287.6314091517171,339.56340115300395,208.65035258514,73.58336892581686
8460.25,287.6314091517171,339.56340115300395,208.65035258514,73.58336892581686
8465.25,287.6314091517171,339.56340115300395,208.65035258514,73.58336892581686
8470.25,287.6314091517171,339.56340115300395,208.65035258514,73.58336892581686
8475.25,287.6314091517171,339.56340115300395,208.65035258514,73.58336892581686
8480.25,287.6314091517171,339.56340115300395,208.65035258514,73.58336892581686
8485.25,287.6314091517171,339.56340115300395,208.65035258514,73.58336892581686
8490.25,287.6314091517171,339.56340115300395,208.65035258514,73.58336892581686
8495.25,287.6314091517171,339.56340115300395,208.65035258514,73.58336892581686
8500.25,287.6314091517171,339.56340115300395,208.65035258514,73.58336892581686
8505.25,291.00632336485285,339.56340115300395,208.65035258514,73.58336892581686
8510.25,291.00632336485285,339.56340115300395,208.65035258514,73.58336892581686
8515.25,291.00632336485285,339.56340115300395,208.65035258514,73.58336892581686
8520.25,291.00632336485285,339.56340115300395,208.65035258514,73.58336892581686
8525.25,291.00632336485285,339.56340115300395,208.65035258514,73.58336892581686
8530.25,291.00632336485285,339.56340115300395,208.65035258514,73.58336892581686
8535.25,291.00632336485285,339.56340115300395,208.65035258514,73.58336892581686
8540.25,291.00632336485285,339.56340115300395,208.65035258514,73.58336892581686
8545.25,291.00632336485285,339.56340115300395,208.65035258514,73.58336892581686
8550.25,291.00632336485285,339.56340115300395,211.44783213779596,73.58336892581686
8555.25,291.00632336485285,339.56340115300395,211.44783213779596,73.58336892581686
8560.25,291.00632336485285,339.56340115300395,211.44783213779596,73.58336892581686
8565.25,291.00632336485285,339.56340115300395,211.44783213779596,73.58336892581686
8570.25,291.00632336485285,343.01464859470855,211.44783213779596,76.5416029678655
8575.25,291.00632336485285,343.01464859470855,211.44783213779596,76.5416029678655
8580.25,291.00632336485285,343.01464859470855,211.44783213779596,76.5416029678655
8585.25,291.00632336485285,343.01464859470855,214.68937505868126,76.5416029678655
8590.25,291.00632336485285,343.01464859470855,214.68937505868126,76.5416029678655
8595.25,291.00632336485285,343.01464859470855,214.68937505868126,76.5416029678655
8600.25,291.00632336485285,343.01464859470855,214.68937505868126,76.5416029678655
8605.25,291.00632336485285,343.01464859470855,214.68937505868126,76.5416029678655
8610.25,291.00632336485285,343.01464859470855,214.68937505868126,76.5416029678655
8615.25,291.00632336485285,345.42512516749434,214.68937505868126,76.5416029678655
8620.25,291.00632336485285,345.42512516749434,214.68937505868126,76.5416029678655
8625.25,291.00632336485285,345.42512516749434,214.68937505868126,76.5416029678655
8630.25,291.00632336485285,345.42512516749434,214.68937505868126,76.5416029678655
8635.25,291.00632336485285,345.42512516749434,214.68937505868126,77.67707273849396
8640.25,291.00632336485285,345.42512516749434,214.68937505868126,77.67707273849396
8645.25,291.00632336485285,345.42512516749434,214.68937505868126,77.67707273849396
8650.25,291.00632336485285,345.42512516749434,214.68937505868126,77.67707273849396
8655.25,291.00632336485285,345.42512516749434,214.68937505868126,77.67707273849396
8660.25,291.00632336485285,345.42512516749434,214.68937505868126,84.67317357584282
8665.25,294.5538234935558,345.42512516749434,214.68937505868126,84.67317357584282
8670.25,294.5538234935558,345.42512516749434,214.68937505868126,84.67317357584282
8675.25,297.17552474871945,345.42512516749434,214.68937505868126,84.67317357584282
8680.25,297.17552474871945,349.13404615982176,214.68937505868126,84.67317357584282
8685.25,297.17552474871945,349.13404615982176,214.68937505868126,84.67317357584282
8690.25,297.17552474871945,349.13404615982176,214.68937505868126,84.67317357584282
8695.25,297.17552474871945,349.13404615982176,214.68937505868126,84.67317357584282
8700.25,297.17552474871945,349.13404615982176,214.68937505868126,84.67317357584282
8705.25,297.17552474871945,349.13404615982176,214.68937505868126,84.67317357584282
8710.25,297.17552474871945,349.13404615982176,214.68937505868126,84.67317357584282
8715.25,297.17552474871945,349.13404615982176,214.68937505868126,84.67317357584282
8720.25,297.17552474871945,349.13404615982176,214.68937505868126,84.67317357584282
8725.25,297.17552474871945,349.13404615982176,214.68937505868126,84.67317357584282
8730.25,297.17552474871945,350.5576942947969,217.3998828771609,84.67317357584282
8735.25,297.17552474871945,350.5576942947969,217.3998828771609,84.67317357584282
8740.25,300.79270954964403,350.5576942947969,217.3998828771609,84.67317357584282
8745.25,300.79270954964403,350.5576942947969,217.3998828771609,84.67317357584282
8750.25,300.79270954964403,350.5576942947969,217.3998828771609,84.67317357584282
8755.25,300.79270954964403,350.5576942947969,217.3998828771609,84.67317357584282
8760.25,300.79270954964403,350.5576942947969,217.3998828771609,84.67317357584282
8765.25,300.79270954964403,350.5576942947969,217.3998828771609,84.67317357584282
8770.25,300.79270954964403,350.5576942947969,217.3998828771609,84.67317357584282
8775.25,300.79270954964403,350.5576942947969,217.3998828771609,84.67317357584282
8780.25,300.79270954964403,350.5576942947969,217.3998828771609,84.67317357584282
8785.25,300.79270954964403,350.5576942947969,217.3998828771609,84.67317357584282
8790.25,300.79270954964403,350.5576942947969,219.27671145527228,84.67317357584282
8795.25,300.79270954964403,350.5576942947969,219.27671145527228,84.67317357584282
8800.25,300.79270954964403,350.5576942947969,219.27671145527228,84.67317357584282
8805.25,300.79270954964403,355.1438929249856,219.27671145527228,84.67317357584282
8810.25,300.79270954964403,355.1438929249856,219.27671145527228,84.67317357584282
8815.25,302.54065076204296,358.9591255272132,219.27671145527228,84.67317357584282
8820.25,302.54065076204296,358.9591255272132,219.27671145527228,84.67317357584282
8825.25,302.54065076204296,358.9591255272132,219.27671145527228,84.67317357584282
8830.25,302.54065076204296,358.9591255272132,219.27671145527228,87.06211197786241
8835.25,302.54065076204296,358.9591255272132,219.27671145527228,87.06211197786241
8840.25,302.54065076204296,358.9591255272132,219.27671145527228,87.06211197786241
8845.25,302.54065076204296,361.4701951388342,219.27671145527228,87.06211197786241
8850.25,302.54065076204296,361.4701951388342,219.27671145527228,87.06211197786241
8855.25,302.54065076204296,361.4701951388342,219.27671145527228,87.06211197786241
8860.25,302.54065076204296,361.4701951388342,219.27671145527228,87.06211197786241
8865.25,302.54065076204296,361.4701951388342,219.27671145527228,87.06211197786241
8870.25,302.54065076204296,361.4701951388342,219.27671145527228,87.06211197786241
8875.25,302.54065076204296,361.4701951388342,219.27671145527228,87.06211197786241
8880.25,302.54065076204296,361.4701951388342,219.27671145527228,87.06211197786241
8885.25,302.54065076204296,361.4701951388342,219.27671145527228,87.06211197786241
8890.25,302.54065076204296,361.4701951388342,219.27671145527228,87.06211197786241
8895.25,305.35631921160956,364.00210216965246,219.27671145527228,87.06211197786241
8900.25,305.35631921160956,364.00210216965246,219.27671145527228,87.06211197786241
8905.25,305.35631921160956,364.00210216965246,219.27671145527228,87.06211197786241
8910.25,305.35631921160956,364.00210216965246,219.27671145527228,87.06211197786241
8915.25,305.35631921160956,364.00210216965246,219.27671145527228,87.06211197786241
8920.25,305.35631921160956,366.6387891475522,219.27671145527228,87.06211197786241
8925.25,305.35631921160956,366.6387891475522,219.27671145527228,87.06211197786241
8930.25,305.35631921160956,366.6387891475522,219.27671145527228,87.06211197786241
8935.25,305.35631921160956,366.6387891475522,219.27671145527228,87.06211197786241
8940.25,305.35631921160956,366.6387891475522,219.27671145527228,87.06211197786241
8945.25,305.35631921160956,366.6387891475522,219.27671145527228,87.06211197786241
8950.25,305.35631921160956,366.6387891475522,219.27671145527228,87.06211197786241
8955.25,305.35631921160956,366.6387891475522,219.27671145527228,87.06211197786241
8960.25,305.35631921160956,366.6387891475522,219.27671145527228,87.06211197786241
8965.25,305.35631921160956,366.6387891475522,219.27671145527228,87.06211197786241
8970.25,305.35631921160956,366.6387891475522,219.27671145527228,87.06211197786241
8975.25,305.35631921160956,366.6387891475522,219.27671145527228,87.06211197786241
8980.25,305.35631921160956,366.6387891475522,219.27671145527228,87.06211197786241
8985.25,305.35631921160956,366.6387891475522,219.27671145527228,87.06211197786241
8990.25,305.35631921160956,370.29671993138436,219.27671145527228,91.1715509037808
8995.25,305.35631921160956,370.29671993138436,219.27671145527228,91.1715509037808
9000.25,305.35631921160956,370.29671993138436,219.27671145527228,91.1715509037808
9005.25,305.35631921160956,373.0303703600747,219.7020802810713,91.1715509037808
9010.25,305.35631921160956,373.0303703600747,219.7020802810713,91.1715509037808
9015.25,305.35631921160956,373.0303703600747,219.7020802810713,91.1715509037808
9020.25,305.35631921160956,375.3221286442447,219.7020802810713,91.1715509037808
9025.25,305.35631921160956,375.3221286442447,219.7020802810713,91.1715509037808
9030.25,307.9874705591467,375.3221286442447,219.7020802810713,93.60115405154966
9035.25,307.9874705591467,375.3221286442447,219.7020802810713,93.60115405154966
9040.25,307.9874705591467,375.3221286442447,219.7020802810713,93.60115405154966
9045.25,307.9874705591467,375.3221286442447,219.7020802810713,93.60115405154966
9050.25,307.9874705591467,375.3221286442447,219.7020802810713,93.60115405154966
9055.25,307.9874705591467,375.3221286442447,219.7020802810713,93.60115405154966
9060.25,307.9874705591467,375.3221286442447,219.7020802810713,93.60115405154966
9065.25,307.9874705591467,375.3221286442447,219.7020802810713,93.60115405154966
9070.25,307.9874705591467,375.3221286442447,219.7020802810713,93.60115405154966
9075.25,307.9874705591467,375.3221286442447,219.7020802810713,93.60115405154966
9080.25,307.9874705591467,375.3221286442447,219.7020802810713,93.60115405154966
9085.25,307.9874705591467,375.3221286442447,219.7020802810713,93.60115405154966
9090.25,307.9874705591467,375.3221286442447,219.7020802810713,93.60115405154966
9095.25,307.9874705591467,375.3221286442447,226.17438442518528,93.60115405154966
9100.25,307.9874705591467,375.3221286442447,226.17438442518528,93.60115405154966
9105.25,307.9874705591467,375.3221286442447,226.17438442518528,93.60115405154966
9110.25,307.9874705591467,375.3221286442447,226.17438442518528,93.60115405154966
9115.25,307.9874705591467,375.3221286442447,226.17438442518528,93.60115405154966
9120.25,307.9874705591467,375.3221286442447,226.17438442518528,93.60115405154966
9125.25,307.9874705591467,378.70876740139636,226.17438442518528,93.60115405154966
9130.25,311.45400690863596,378.70876740139636,226.17438442518528,93.60115405154966
9135.25,311.45400690863596,380.045054781546,226.17438442518528,93.60115405154966
9140.25,311.45400690863596,383.7301922581829,226.17438442518528,93.60115405154966
9145.25,311.45400690863596,383.7301922581829,226.17438442518528,93.60115405154966
9150.25,311.45400690863596,383.7301922581829,226.17438442518528,93.60115405154966
9155.25,311.45400690863596,383.7301922581829,226.17438442518528,93.60115405154966
9160.25,311.45400690863596,383.7301922581829,226.17438442518528,93.60115405154966
9165.25,311.45400690863596,385.87035456466685,226.17438442518528,93.60115405154966
9170.25,311.45400690863596,385.87035456466685,226.17438442518528,93.60115405154966
9175.25,311.45400690863596,385.87035456466685,226.17438442518528,93.60115405154966
9180.25,311.45400690863596,388.3757291085766,226.17438442518528,93.60115405154966
9185.25,311.45400690863596,388.3757291085766,226.17438442518528,93.60115405154966
9190.25,311.45400690863596,388.3757291085766,226.17438442518528,93.60115405154966
9195.25,311.45400690863596,388.3757291085766,226.17438442518528,93.60115405154966
9200.25,311.45400690863596,388.3757291085766,229.9776999298776,93.60115405154966
9205.25,313.9319457588076,388.3757291085766,229.9776999298776,93.60115405154966
9210.25,317.0390404916583,388.3757291085766,229.9776999298776,93.60115405154966
9215.25,317.0390404916583,388.3757291085766,229.9776999298776,93.60115405154966
9220.25,317.0390404916583,388.3757291085766,229.9776999298776,93.60115405154966
9225.25,317.0390404916583,388.3757291085766,229.9776999298776,93.60115405154966
9230.25,317.0390404916583,388.3757291085766,229.9776999298776,93.60115405154966
9235.25,317.0390404916583,388.3757291085766,229.9776999298776,93.60115405154966
9240.25,317.0390404916583,390.7943190229987,229.9776999298776,93.60115405154966
9245.25,317.0390404916583,390.7943190229987,229.9776999298776,93.60115405154966
9250.25,317.0390404916583,390.7943190229987,229.9776999298776,93.60115405154966
9255.25,317.0390404916583,390.7943190229987,229.9776999298776,93.60115405154966
9260.25,317.0390404916583,390.7943190229987,232.18368500809868,93.60115405154966
9265.25,317.0390404916583,390.7943190229987,232.18368500809868,93.60115405154966
9270.25,317.0390404916583,390.7943190229987,232.18368500809868,93.60115405154966
9275.25,321.0129674130732,390.7943190229987,232.18368500809868,93.60115405154966
9280.25,321.0129674130732,390.7943190229987,232.18368500809868,93.60115405154966
9285.25,321.0129674130732,390.7943190229987,232.18368500809868,93.60115405154966
9290.25,321.0129674130732,390.7943190229987,232.18368500809868,93.60115405154966
9295.25,321.0129674130732,390.7943190229987,236.92878294179837,93.60115405154966
9300.25,321.0129674130732,390.7943190229987,236.92878294179837,93.60115405154966
9305.25,321.0129674130732,390.7943190229987,236.92878294179837,93.60115405154966
9310.25,321.0129674130732,390.7943190229987,236.92878294179837,93.60115405154966
9315.25,321.0129674130732,390.7943190229987,236.92878294179837,93.60115405154966
9320.25,321.0129674130732,390.7943190229987,236.92878294179837,93.60115405154966
9325.25,321.0129674130732,390.7943190229987,236.92878294179837,93.60115405154966
9330.25,321.0129674130732,390.7943190229987,236.92878294179837,93.60115405154966
9335.25,321.0129674130732,390.7943190229987,236.92878294179837,93.60115405154966
9340.25,321.0129674130732,390.7943190229987,236.92878294179837,93.60115405154966
9345.25,324.0053296231234,390.7943190229987,236.92878294179837,93.60115405154966
9350.25,324.0053296231234,390.7943190229987,236.92878294179837,93.60115405154966
9355.25,324.0053296231234,390.7943190229987,236.92878294179837,93.60115405154966
9360.25,324.0053296231234,390.7943190229987,236.92878294179837,93.60115405154966
9365.25,324.0053296231234,390.7943190229987,236.92878294179837,93.60115405154966
9370.25,324.0053296231234,390.7943190229987,238.6542440614702,93.60115405154966
9375.25,324.0053296231234,393.1720908884852,238.6542440614702,93.60115405154966
9380.25,324.0053296231234,393.1720908884852,243.0153747493104,93.60115405154966
9385.25,324.0053296231234,393.1720908884852,243.0153747493104,93.60115405154966
9390.25,324.0053296231234,393.1720908884852,243.0153747493104,93.60115405154966
9395.25,324.0053296231234,393.1720908884852,243.0153747493104,93.60115405154966
9400.25,324.0053296231234,393.1720908884852,243.0153747493104,93.60115405154966
9405.25,324.0053296231234,393.1720908884852,243.0153747493104,93.60115405154966
9410.25,324.0053296231234,393.1720908884852,243.0153747493104,97.84211371604076
9415.25,324.0053296231234,393.1720908884852,243.0153747493104,97.84211371604076
9420.25,324.0053296231234,393.1720908884852,243.0153747493104,97.84211371604076
9425.25,324.0053296231234,393.1720908884852,243.0153747493104,97.84211371604076
9430.25,326.7030484032837,393.1720908884852,243.0153747493104,97.84211371604076
9435.25,326.7030484032837,393.1720908884852,243.0153747493104,97.84211371604076
9440.25,326.7030484032837,393.1720908884852,243.0153747493104,97.84211371604076
9445.25,326.7030484032837,393.1720908884852,243.0153747493104,97.84211371604076
9450.25,326.7030484032837,393.1720908884852,243.0153747493104,97.84211371604076
9455.25,326.7030484032837,393.1720908884852,243.0153747493104,97.84211371604076
9460.25,329.0200664711317,393.1720908884852,243.0153747493104,97.84211371604076
9465.25,329.0200664711317,393.1720908884852,243.0153747493104,97.84211371604076
9470.25,329.0200664711317,393.1720908884852,243.0153747493104,97.84211371604076
9475.25,329.0200664711317,393.1720908884852,244.9669149589605,97.84211371604076
9480.25,329.0200664711317,393.1720908884852,244.9669149589605,97.84211371604076
9485.25,329.0200664711317,393.1720908884852,244.9669149589605,97.84211371604076
9490.25,329.0200664711317,395.6460866642743,244.9669149589605,97.84211371604076
9495.25,329.0200664711317,395.6460866642743,244.9669149589605,97.84211371604076
9500.25,329.0200664711317,395.6460866642743,244.9669149589605,97.84211371604076
9505.25,329.0200664711317,395.6460866642743,244.9669149589605,100.54662028377018
9510.25,329.0200664711317,395.6460866642743,244.9669149589605,100.54662028377018
9515.25,329.0200664711317,395.6460866642743,244.9669149589605,100.54662028377018
9520.25,329.0200664711317,395.6460866642743,244.9669149589605,100.54662028377018
9525.25,329.0200664711317,395.6460866642743,244.9669149589605,100.54662028377018
9530.25,329.0200664711317,395.6460866642743,244.9669149589605,100.54662028377018
9535.25,329.0200664711317,395.6460866642743,244.9669149589605,100.54662028377018
9540.25,329.0200664711317,395.6460866642743,244.9669149589605,100.54662028377018
9545.25,329.0200664711317,398.0027549809886,244.9669149589605,100.54662028377018
9550.25,329.0200664711317,400.2307698764711,244.9669149589605,100.54662028377018
9555.25,329.0200664711317,400.2307698764711,244.9669149589605,100.54662028377018
9560.25,329.0200664711317,400.2307698764711,244.9669149589605,100.54662028377018
9565.25,329.0200664711317,403.5981017052135,244.9669149589605,100.54662028377018
9570.25,329.0200664711317,403.5981017052135,244.9669149589605,100.54662028377018
9575.25,329.0200664711317,403.5981017052135,244.9669149589605,100.54662028377018
9580.25,329.0200664711317,403.5981017052135,244.9669149589605,100.54662028377018
9585.25,329.0200664711317,403.5981017052135,244.9669149589605,100.54662028377018
9590.25,332.0020281029001,403.5981017052135,244.9669149589605,100.54662028377018
9595.25,332.0020281029001,403.5981017052135,249.71519908615207,100.54662028377018
9600.25,332.0020281029001,403.5981017052135,249.71519908615207,100.54662028377018
9605.25,332.0020281029001,403.5981017052135,249.71519908615207,100.54662028377018
9610.25,332.0020281029001,403.5981017052135,249.71519908615207,104.78599086288133
9615.25,332.0020281029001,403.5981017052135,249.71519908615207,104.78599086288133
9620.25,332.0020281029001,403.5981017052135,249.71519908615207,104.78599086288133
9625.25,332.0020281029001,403.5981017052135,251.93714437979602,104.78599086288133
9630.25,332.0020281029001,403.5981017052135,251.93714437979602,104.78599086288133
9635.25,332.0020281029001,403.5981017052135,251.93714437979602,104.78599086288133
9640.25,332.0020281029001,403.5981017052135,251.93714437979602,104.78599086288133
9645.25,332.0020281029001,403.5981017052135,251.93714437979602,104.78599086288133
9650.25,332.0020281029001,403.5981017052135,251.93714437979602,104.78599086288133
9655.25,332.0020281029001,403.5981017052135,251.93714437979602,104.78599086288133
9660.25,332.0020281029001,403.5981017052135,251.93714437979602,104.78599086288133
9665.25,335.8880800304015,403.5981017052135,251.93714437979602,104.78599086288133
9670.25,335.8880800304015,403.5981017052135,251.93714437979602,104.78599086288133
9675.25,335.8880800304015,403.5981017052135,251.93714437979602,104.78599086288133
9680.25,335.8880800304015,403.5981017052135,251.93714437979602,104.78599086288133
9685.25,335.8880800304015,403.5981017052135,251.93714437979602,104.78599086288133
9690.25,335.8880800304015,404.68264392158903,251.93714437979602,104.78599086288133
9695.25,335.8880800304015,404.68264392158903,251.93714437979602,104.78599086288133
9700.25,335.8880800304015,404.68264392158903,251.93714437979602,104.78599086288133
9705.25,335.8880800304015,404.68264392158903,251.93714437979602,104.78599086288133
9710.25,335.8880800304015,404.68264392158903,251.93714437979602,104.78599086288133
9715.25,335.8880800304015,404.68264392158903,251.93714437979602,104.78599086288133
9720.25,335.8880800304015,404.68264392158903,251.93714437979602,107.55254337510371
9725.25,338.7201307617878,404.68264392158903,251.93714437979602,107.55254337510371
9730.25,341.5440410991414,404.68264392158903,251.93714437979602,107.55254337510371
9735.25,341.5440410991414,404.68264392158903,251.93714437979602,107.55254337510371
9740.25,341.5440410991414,404.68264392158903,251.93714437979602,107.55254337510371
9745.25,341.5440410991414,404.68264392158903,251.93714437979602,107.55254337510371
9750.25,341.5440410991414,404.68264392158903,251.93714437979602,107.55254337510371
9755.25,341.5440410991414,404.68264392158903,253.34554820933968,107.55254337510371
9760.25,341.5440410991414,404.68264392158903,255.68986913515505,107.55254337510371
9765.25,341.5440410991414,404.68264392158903,255.68986913515505,107.55254337510371
9770.25,341.5440410991414,404.68264392158903,255.68986913515505,107.55254337510371
9775.25,341.5440410991414,404.68264392158903,255.68986913515505,107.55254337510371
9780.25,341.5440410991414,404.68264392158903,255.68986913515505,107.55254337510371
9785.25,341.5440410991414,404.68264392158903,255.68986913515505,107.55254337510371
9790.25,343.54089080994726,404.68264392158903,255.68986913515505,107.55254337510371
9795.25,343.54089080994726,404.68264392158903,255.68986913515505,107.55254337510371
9800.25,343.54089080994726,404.68264392158903,255.68986913515505,114.30409816977294
9805.25,343.54089080994726,404.68264392158903,255.68986913515505,114.30409816977294
9810.25,343.54089080994726,404.68264392158903,255.68986913515505,114.30409816977294
9815.25,343.54089080994726,404.68264392158903,255.68986913515505,114.30409816977294
9820.25,343.54089080994726,404.68264392158903,255.68986913515505,114.30409816977294
9825.25,343.54089080994726,406.89760619696654,255.68986913515505,114.30409816977294
9830.25,343.54089080994726,406.89760619696654,255.68986913515505,114.30409816977294
9835.25,343.54089080994726,409.67759201794956,255.68986913515505,114.30409816977294
9840.25,343.54089080994726,409.67759201794956,255.68986913515505,114.30409816977294
9845.25,343.54089080994726,409.67759201794956,255.68986913515505,114.30409816977294
9850.25,343.54089080994726,409.67759201794956,255.68986913515505,114.30409816977294
9855.25,347.5564244319231,409.67759201794956,255.68986913515505,114.30409816977294
9860.25,351.25705100776077,409.67759201794956,255.68986913515505,114.30409816977294
9865.25,351.25705100776077,409.67759201794956,255.68986913515505,114.30409816977294
9870.25,351.25705100776077,409.67759201794956,255.68986913515505,118.68882432640538
9875.25,351.25705100776077,409.67759201794956,255.68986913515505,118.68882432640538
9880.25,351.25705100776077,409.67759201794956,255.68986913515505,118.68882432640538
9885.25,351.25705100776077,409.67759201794956,255.68986913515505,118.68882432640538
9890.25,351.25705100776077,409.67759201794956,255.68986913515505,118.68882432640538
9895.25,351.25705100776077,409.67759201794956,255.68986913515505,118.68882432640538
9900.25,351.25705100776077,409.67759201794956,255.68986913515505,118.68882432640538
9905.25,351.25705100776077,409.67759201794956,255.68986913515505,118.68882432640538
9910.25,351.25705100776077,409.67759201794956,255.68986913515505,118.68882432640538
9915.25,351.25705100776077,409.67759201794956,255.68986913515505,118.68882432640538
9920.25,351.25705100776077,409.67759201794956,255.68986913515505,118.68882432640538
9925.25,351.25705100776077,409.67759201794956,260.5292733550755,118.68882432640538
9930.25,351.25705100776077,409.67759201794956,262.81925932372053,118.68882432640538
9935.25,355.29004847472265,409.67759201794956,262.81925932372053,118.68882432640538
9940.25,355.29004847472265,409.67759201794956,266.37071586118265,118.68882432640538
9945.25,355.29004847472265,409.67759201794956,266.37071586118265,118.68882432640538
9950.25,355.29004847472265,409.67759201794956,266.37071586118265,118.68882432640538
9955.25,355.29004847472265,409.67759201794956,266.37071586118265,118.68882432640538
9960.25,355.29004847472265,411.94634584655773,266.37071586118265,118.68882432640538
9965.25,355.29004847472265,411.94634584655773,266.37071586118265,118.68882432640538
9970.25,355.29004847472265,411.94634584655773,266.37071586118265,118.68882432640538
9975.25,355.29004847472265,411.94634584655773,266.37071586118265,118.68882432640538
9980.25,355.29004847472265,411.94634584655773,266.37071586118265,118.68882432640538
9985.25,355.29004847472265,411.94634584655773,266.37071586118265,118.68882432640538
9990.25,355.29004847472265,411.94634584655773,266.37071586118265,118.68882432640538
9995.25,358.68753710053977,411.94634584655773,273.03581153562413,118.68882432640538
10000.25,358.68753710053977,411.94634584655773,273.03581153562413,118.68882432640538
10005.25,358.68753710053977,411.94634584655773,273.03581153562413,118.68882432640538
10010.25,358.68753710053977,411.94634584655773,273.03581153562413,118.68882432640538
10015.25,362.6533608953793,411.94634584655773,273.03581153562413,118.68882432640538
10020.25,362.6533608953793,411.94634584655773,273.03581153562413,118.68882432640538
10025.25,362.6533608953793,411.94634584655773,276.11755671089645,118.68882432640538
10030.25,362.6533608953793,411.94634584655773,276.11755671089645,118.68882432640538
10035.25,362.6533608953793,411.94634584655773,276.11755671089645,118.68882432640538
10040.25,362.6533608953793,411.94634584655773,276.11755671089645,118.68882432640538
10045.25,362.6533608953793,411.94634584655773,276.11755671089645,118.68882432640538
10050.25,362.6533608953793,411.94634584655773,276.11755671089645,118.68882432640538
10055.25,362.6533608953793,411.94634584655773,276.11755671089645,118.68882432640538
10060.25,362.6533608953793,411.94634584655773,276.11755671089645,118.68882432640538
10065.25,362.6533608953793,411.94634584655773,283.3328225254414,118.68882432640538
10070.25,362.6533608953793,411.94634584655773,283.3328225254414,118.68882432640538
10075.25,362.6533608953793,411.94634584655773,283.3328225254414,118.68882432640538
10080.25,362.6533608953793,411.94634584655773,283.3328225254414,118.68882432640538
10085.25,362.6533608953793,411.94634584655773,283.3328225254414,118.68882432640538
10090.25,362.6533608953793,411.94634584655773,283.3328225254414,118.68882432640538
10095.25,362.6533608953793,411.94634584655773,283.3328225254414,118.68882432640538
10100.25,362.6533608953793,411.94634584655773,283.3328225254414,118.68882432640538
10105.25,362.6533608953793,414.5751186674681,283.3328225254414,118.68882432640538
10110.25,362.6533608953793,414.5751186674681,283.3328225254414,118.68882432640538
10115.25,362.6533608953793,417.1446980837753,283.3328225254414,118.68882432640538
10120.25,362.6533608953793,417.1446980837753,283.3328225254414,118.68882432640538
10125.25,362.6533608953793,417.1446980837753,283.3328225254414,118.68882432640538
10130.25,362.6533608953793,417.1446980837753,283.3328225254414,118.68882432640538
10135.25,362.6533608953793,419.2724186172041,283.3328225254414,118.68882432640538
10140.25,362.6533608953793,423.035558730046,283.3328225254414,118.68882432640538
10145.25,362.6533608953793,423.035558730046,283.3328225254414,118.68882432640538
10150.25,362.6533608953793,423.035558730046,283.3328225254414,118.68882432640538
10155.25,362.6533608953793,423.035558730046,283.3328225254414,118.68882432640538
10160.25,362.6533608953793,423.035558730046,283.3328225254414,118.68882432640538
10165.25,362.6533608953793,423.035558730046,283.3328225254414,118.68882432640538
10170.25,362.6533608953793,423.035558730046,283.3328225254414,118.68882432640538
10175.25,362.6533608953793,423.035558730046,283.3328225254414,118.68882432640538
10180.25,362.6533608953793,423.035558730046,283.3328225254414,118.68882432640538
10185.25,362.6533608953793,423.035558730046,283.3328225254414,118.68882432640538
10190.25,362.6533608953793,423.035558730046,283.3328225254414,118.68882432640538
10195.25,362.6533608953793,423.035558730046,283.3328225254414,118.68882432640538
10200.25,362.6533608953793,423.035558730046,283.3328225254414,118.68882432640538
10205.25,362.6533608953793,423.035558730046,283.3328225254414,118.68882432640538
10210.25,362.6533608953793,423.035558730046,283.3328225254414,118.68882432640538
10215.25,362.6533608953793,424.75951402326046,283.3328225254414,118.68882432640538
10220.25,362.6533608953793,424.75951402326046,283.3328225254414,118.68882432640538
10225.25,362.6533608953793,424.75951402326046,283.3328225254414,118.68882432640538
10230.25,362.6533608953793,424.75951402326046,283.3328225254414,118.68882432640538
10235.25,362.6533608953793,429.99069747207255,283.3328225254414,118.68882432640538
10240.25,362.6533608953793,429.99069747207255,283.3328225254414,118.68882432640538
10245.25,362.6533608953793,434.13892846095104,283.3328225254414,118.68882432640538
10250.25,362.6533608953793,434.13892846095104,283.3328225254414,118.68882432640538
10255.25,362.6533608953793,434.13892846095104,283.3328225254414,118.68882432640538
10260.25,362.6533608953793,434.13892846095104,283.3328225254414,118.68882432640538
10265.25,362.6533608953793,434.13892846095104,283.3328225254414,118.68882432640538
10270.25,362.6533608953793,434.13892846095104,283.3328225254414,118.68882432640538
10275.25,362.6533608953793,434.13892846095104,283.3328225254414,118.68882432640538
10280.25,362.6533608953793,434.13892846095104,283.3328225254414,118.68882432640538
10285.25,362.6533608953793,437.4661079304313,283.3328225254414,118.68882432640538
10290.25,362.6533608953793,441.9552205001664,283.3328225254414,123.08409848051181
10295.25,362.6533608953793,441.9552205001664,283.3328225254414,123.08409848051181
10300.25,362.6533608953793,441.9552205001664,283.3328225254414,125.60649637168243
10305.25,362.6533608953793,442.6981773645217,283.3328225254414,125.60649637168243
10310.25,362.6533608953793,445.4263431714562,283.3328225254414,125.60649637168243
10315.25,362.6533608953793,445.4263431714562,283.3328225254414,125.60649637168243
10320.25,362.6533608953793,445.4263431714562,283.3328225254414,125.60649637168243
10325.25,362.6533608953793,450.81369255495986,283.3328225254414,125.60649637168243
10330.25,362.6533608953793,450.81369255495986,283.3328225254414,125.60649637168243
10335.25,365.2775103666754,450.81369255495986,283.3328225254414,125.60649637168243
10340.25,369.0318776086974,450.81369255495986,283.3328225254414,125.60649637168243
10345.25,369.0318776086974,450.81369255495986,283.3328225254414,125.60649637168243
10350.25,369.0318776086974,450.81369255495986,283.3328225254414,125.60649637168243
10355.25,369.0318776086974,450.81369255495986,283.3328225254414,125.60649637168243
10360.25,369.0318776086974,450.81369255495986,283.3328225254414,125.60649637168243
10365.25,369.0318776086974,450.81369255495986,283.3328225254414,125.60649637168243
10370.25,369.0318776086974,450.81369255495986,283.3328225254414,125.60649637168243
10375.25,369.0318776086974,450.81369255495986,283.3328225254414,125.60649637168243
10380.25,369.0318776086974,450.81369255495986,283.3328225254414,125.60649637168243
10385.25,369.0318776086974,450.81369255495986,283.3328225254414,125.60649637168243
10390.25,369.0318776086974,450.81369255495986,283.3328225254414,125.60649637168243
10395.25,369.0318776086974,450.81369255495986,283.3328225254414,125.60649637168243
10400.25,369.0318776086974,450.81369255495986,283.3328225254414,125.60649637168243
10405.25,369.0318776086974,450.81369255495986,284.6191526306825,125.60649637168243
10410.25,369.0318776086974,450.81369255495986,284.6191526306825,125.60649637168243
10415.25,372.45494907852077,450.81369255495986,284.6191526306825,125.60649637168243
10420.25,372.45494907852077,450.81369255495986,284.6191526306825,125.60649637168243
10425.25,372.45494907852077,452.9778611389133,284.6191526306825,125.60649637168243
10430.25,372.45494907852077,452.9778611389133,284.6191526306825,125.60649637168243
10435.25,372.45494907852077,452.9778611389133,284.6191526306825,125.60649637168243
10440.25,372.45494907852077,452.9778611389133,284.6191526306825,125.60649637168243
10445.25,372.45494907852077,452.9778611389133,284.6191526306825,125.60649637168243
10450.25,372.45494907852077,452.9778611389133,284.6191526306825,125.60649637168243
10455.25,372.45494907852077,452.9778611389133,287.97846017710884,125.60649637168243
10460.25,372.45494907852077,452.9778611389133,293.02959643885924,125.60649637168243
10465.25,372.45494907852077,452.9778611389133,293.02959643885924,125.60649637168243
10470.25,372.45494907852077,452.9778611389133,293.02959643885924,125.60649637168243
10475.25,372.45494907852077,452.9778611389133,293.02959643885924,125.60649637168243
10480.25,372.45494907852077,452.9778611389133,293.02959643885924,125.60649637168243
10485.25,372.45494907852077,452.9778611389133,293.02959643885924,125.60649637168243
10490.25,372.45494907852077,452.9778611389133,293.02959643885924,129.03093043027312
10495.25,372.45494907852077,452.9778611389133,293.02959643885924,129.03093043027312
10500.25,372.45494907852077,452.9778611389133,293.02959643885924,131.84925102238734
10505.25,375.8225716576601,452.9778611389133,293.02959643885924,131.84925102238734
10510.25,375.8225716576601,452.9778611389133,293.02959643885924,131.84925102238734
10515.25,379.67894619717777,452.9778611389133,293.02959643885924,131.84925102238734
10520.25,379.67894619717777,452.9778611389133,293.02959643885924,131.84925102238734
10525.25,379.67894619717777,452.9778611389133,293.02959643885924,131.84925102238734
10530.25,379.67894619717777,452.9778611389133,293.02959643885924,131.84925102238734
10535.25,379.67894619717777,452.9778611389133,293.02959643885924,131.84925102238734
10540.25,379.67894619717777,452.9778611389133,293.02959643885924,131.84925102238734
10545.25,379.67894619717777,452.9778611389133,300.04384969288157,131.84925102238734
10550.25,379.67894619717777,452.9778611389133,300.04384969288157,131.84925102238734
10555.25,379.67894619717777,452.9778611389133,300.04384969288157,131.84925102238734
10560.25,379.67894619717777,452.9778611389133,300.04384969288157,131.84925102238734
10565.25,379.67894619717777,452.9778611389133,300.04384969288157,131.84925102238734
10570.25,379.67894619717777,452.9778611389133,300.04384969288157,131.84925102238734
10575.25,379.67894619717777,452.9778611389133,300.04384969288157,131.84925102238734
10580.25,383.1248840352605,452.9778611389133,300.04384969288157,131.84925102238734
10585.25,383.1248840352605,452.9778611389133,300.04384969288157,131.84925102238734
10590.25,383.1248840352605,452.9778611389133,300.04384969288157,131.84925102238734
10595.25,383.1248840352605,452.9778611389133,300.04384969288157,131.84925102238734
10600.25,383.1248840352605,454.9713629807823,300.04384969288157,131.84925102238734
10605.25,383.1248840352605,454.9713629807823,300.04384969288157,131.84925102238734
10610.25,383.1248840352605,454.9713629807823,300.04384969288157,131.84925102238734
10615.25,383.1248840352605,454.9713629807823,300.04384969288157,131.84925102238734
10620.25,383.1248840352605,457.6464949082378,302.17718475502414,131.84925102238734
10625.25,383.1248840352605,457.6464949082378,302.17718475502414,131.84925102238734
10630.25,383.1248840352605,457.6464949082378,302.17718475502414,131.84925102238734
10635.25,383.1248840352605,457.6464949082378,302.17718475502414,131.84925102238734
10640.25,383.1248840352605,457.6464949082378,302.17718475502414,131.84925102238734
10645.25,383.1248840352605,462.01691756552333,302.17718475502414,131.84925102238734
10650.25,383.1248840352605,462.01691756552333,302.17718475502414,131.84925102238734
10655.25,383.1248840352605,462.01691756552333,307.3494237713838,131.84925102238734
10660.25,383.1248840352605,462.01691756552333,307.3494237713838,131.84925102238734
10665.25,383.1248840352605,462.01691756552333,307.3494237713838,131.84925102238734
10670.25,383.1248840352605,462.01691756552333,307.3494237713838,131.84925102238734
10675.25,383.1248840352605,462.01691756552333,307.3494237713838,131.84925102238734
10680.25,383.1248840352605,462.01691756552333,307.3494237713838,131.84925102238734
10685.25,383.1248840352605,462.01691756552333,307.3494237713838,131.84925102238734
10690.25,383.1248840352605,466.030047002603,307.3494237713838,131.84925102238734
10695.25,383.1248840352605,466.030047002603,307.3494237713838,131.84925102238734
10700.25,383.1248840352605,466.030047002603,307.3494237713838,131.84925102238734
10705.25,383.1248840352605,466.030047002603,307.3494237713838,131.84925102238734
10710.25,383.1248840352605,466.030047002603,307.3494237713838,131.84925102238734
10715.25,383.1248840352605,466.030047002603,307.3494237713838,131.84925102238734
10720.25,387.1047880190116,466.030047002603,307.3494237713838,131.84925102238734
10725.25,387.1047880190116,466.030047002603,307.3494237713838,131.84925102238734
10730.25,387.1047880190116,466.030047002603,307.3494237713838,131.84925102238734
10735.25,387.1047880190116,466.030047002603,307.3494237713838,131.84925102238734
10740.25,387.1047880190116,466.030047002603,307.3494237713838,134.52557631489694
10745.25,387.1047880190116,466.030047002603,307.3494237713838,134.52557631489694
10750.25,387.1047880190116,466.030047002603,307.3494237713838,134.52557631489694
10755.25,387.1047880190116,466.030047002603,307.3494237713838,134.52557631489694
10760.25,387.1047880190116,466.030047002603,307.3494237713838,134.52557631489694
10765.25,387.1047880190116,466.030047002603,307.3494237713838,138.54846732315488
10770.25,387.1047880190116,466.030047002603,307.3494237713838,138.54846732315488
10775.25,387.1047880190116,466.030047002603,307.3494237713838,138.54846732315488
10780.25,387.1047880190116,466.59018603097735,307.3494237713838,138.54846732315488
10785.25,387.1047880190116,466.59018603097735,308.40808452402837,138.54846732315488
10790.25,387.1047880190116,466.59018603097735,313.5409886769084,138.54846732315488
10795.25,387.1047880190116,466.59018603097735,313.5409886769084,138.54846732315488
10800.25,387.1047880190116,466.59018603097735,316.875475823075,138.54846732315488
10805.25,387.1047880190116,466.59018603097735,316.875475823075,138.54846732315488
10810.25,387.1047880190116,466.59018603097735,316.875475823075,138.54846732315488
10815.25,387.1047880190116,466.59018603097735,316.875475823075,138.54846732315488
10820.25,387.1047880190116,466.59018603097735,316.875475823075,138.54846732315488
10825.25,387.1047880190116,466.59018603097735,316.875475823075,138.54846732315488
10830.25,387.1047880190116,466.59018603097735,316.875475823075,138.54846732315488
10835.25,387.1047880190116,466.59018603097735,316.875475823075,138.54846732315488
10840.25,390.8836658172576,466.59018603097735,316.875475823075,138.54846732315488
10845.25,390.8836658172576,466.59018603097735,316.875475823075,138.54846732315488
10850.25,390.8836658172576,466.59018603097735,316.875475823075,138.54846732315488
10855.25,390.8836658172576,466.59018603097735,316.875475823075,138.54846732315488
10860.25,390.8836658172576,466.59018603097735,316.875475823075,138.54846732315488
10865.25,390.8836658172576,466.59018603097735,316.875475823075,138.54846732315488
10870.25,390.8836658172576,466.59018603097735,316.875475823075,138.54846732315488
10875.25,390.8836658172576,467.5983952560419,321.5094510765607,138.54846732315488
10880.25,390.8836658172576,471.88546517706317,321.5094510765607,138.54846732315488
10885.25,390.8836658172576,471.88546517706317,321.5094510765607,138.54846732315488
10890.25,390.8836658172576,477.9519722122115,321.5094510765607,138.54846732315488
10895.25,390.8836658172576,477.9519722122115,321.5094510765607,138.54846732315488
10900.25,390.8836658172576,481.02624947310875,321.5094510765607,146.15687287890285
10905.25,390.8836658172576,481.02624947310875,321.5094510765607,146.15687287890285
10910.25,390.8836658172576,481.02624947310875,321.5094510765607,146.15687287890285
10915.25,390.8836658172576,481.02624947310875,321.5094510765607,146.15687287890285
10920.25,390.8836658172576,481.02624947310875,321.5094510765607,146.15687287890285
10925.25,390.8836658172576,481.02624947310875,321.5094510765607,146.15687287890285
10930.25,390.8836658172576,481.02624947310875,321.5094510765607,146.15687287890285
10935.25,390.8836658172576,481.02624947310875,321.5094510765607,146.15687287890285
10940.25,390.8836658172576,481.02624947310875,321.5094510765607,146.15687287890285
10945.25,390.8836658172576,481.02624947310875,321.5094510765607,146.15687287890285
10950.25,390.8836658172576,481.02624947310875,321.5094510765607,146.15687287890285
10955.25,390.8836658172576,481.02624947310875,321.5094510765607,146.15687287890285
10960.25,390.8836658172576,481.02624947310875,321.5094510765607,146.15687287890285
10965.25,390.8836658172576,485.5506598596715,321.5094510765607,146.15687287890285
10970.25,390.8836658172576,485.5506598596715,321.5094510765607,146.15687287890285
10975.25,390.8836658172576,485.5506598596715,321.5094510765607,146.15687287890285
10980.25,390.8836658172576,485.5506598596715,321.5094510765607,146.15687287890285
10985.25,390.8836658172576,487.5423721072774,321.5094510765607,146.15687287890285
10990.25,390.8836658172576,487.5423721072774,321.5094510765607,146.15687287890285
10995.25,390.8836658172576,487.5423721072774,321.5094510765607,146.15687287890285
11000.25,390.8836658172576,487.5423721072774,321.5094510765607,146.15687287890285
11005.25,390.8836658172576,487.5423721072774,321.5094510765607,146.15687287890285
11010.25,390.8836658172576,487.5423721072774,321.5094510765607,146.15687287890285
11015.25,390.8836658172576,487.5423721072774,321.5094510765607,146.15687287890285
11020.25,390.8836658172576,487.5423721072774,321.5094510765607,146.15687287890285
11025.25,390.8836658172576,487.5423721072774,326.7728148255812,146.15687287890285
11030.25,390.8836658172576,487.5423721072774,326.7728148255812,146.15687287890285
11035.25,390.8836658172576,487.5423721072774,333.93967093870015,146.15687287890285
11040.25,390.8836658172576,487.5423721072774,333.93967093870015,146.15687287890285
11045.25,390.8836658172576,487.5423721072774,333.93967093870015,148.59077165869024
11050.25,390.8836658172576,487.5423721072774,333.93967093870015,148.59077165869024
11055.25,390.8836658172576,487.5423721072774,333.93967093870015,148.59077165869024
11060.25,390.8836658172576,487.5423721072774,333.93967093870015,148.59077165869024
11065.25,390.8836658172576,487.5423721072774,333.93967093870015,148.59077165869024
11070.25,390.8836658172576,487.5423721072774,333.93967093870015,148.59077165869024
11075.25,390.8836658172576,487.5423721072774,333.93967093870015,148.59077165869024
11080.25,390.8836658172576,487.5423721072774,333.93967093870015,148.59077165869024
11085.25,390.8836658172576,487.5423721072774,333.93967093870015,148.59077165869024
11090.25,390.8836658172576,487.5423721072774,333.93967093870015,148.59077165869024
11095.25,390.8836658172576,487.5423721072774,333.93967093870015,148.59077165869024
11100.25,390.8836658172576,487.5423721072774,336.1023416615624,148.59077165869024
11105.25,395.67824836119644,487.5423721072774,336.1023416615624,148.59077165869024
11110.25,395.67824836119644,487.5423721072774,336.1023416615624,148.59077165869024
11115.25,395.67824836119644,487.5423721072774,347.1101594997647,148.59077165869024
11120.25,395.67824836119644,487.5423721072774,347.1101594997647,148.59077165869024
11125.25,395.67824836119644,487.5423721072774,347.1101594997647,148.59077165869024
11130.25,395.67824836119644,487.5423721072774,347.1101594997647,148.59077165869024
11135.25,395.67824836119644,487.5423721072774,347.1101594997647,148.59077165869024
11140.25,395.67824836119644,487.5423721072774,347.1101594997647,148.59077165869024
11145.25,395.67824836119644,487.5423721072774,347.1101594997647,148.59077165869024
11150.25,395.67824836119644,489.3777294321393,347.1101594997647,151.3093805538896
11155.25,395.67824836119644,489.3777294321393,347.1101594997647,151.3093805538896
11160.25,399.97802169683524,489.3777294321393,347.1101594997647,151.3093805538896
11165.25,399.97802169683524,489.3777294321393,347.1101594997647,151.3093805538896
11170.25,399.97802169683524,489.3777294321393,347.1101594997647,151.3093805538896
11175.25,399.97802169683524,489.3777294321393,347.1101594997647,151.3093805538896
11180.25,399.97802169683524,489.3777294321393,351.8126205232996,151.3093805538896
11185.25,399.97802169683524,489.3777294321393,351.8126205232996,151.3093805538896
11190.25,399.97802169683524,489.3777294321393,351.8126205232996,151.3093805538896
11195.25,399.97802169683524,489.3777294321393,351.8126205232996,151.3093805538896
11200.25,399.97802169683524,494.2135708493831,351.8126205232996,151.3093805538896
11205.25,404.15462250716115,494.2135708493831,351.8126205232996,151.3093805538896
11210.25,404.15462250716115,494.2135708493831,351.8126205232996,151.3093805538896
11215.25,407.59902696170485,497.27889734105617,351.8126205232996,151.3093805538896
11220.25,407.59902696170485,497.27889734105617,351.8126205232996,151.3093805538896
11225.25,407.59902696170485,497.27889734105617,351.8126205232996,151.3093805538896
11230.25,407.59902696170485,497.27889734105617,351.8126205232996,151.3093805538896
11235.25,407.59902696170485,497.27889734105617,351.8126205232996,151.3093805538896
11240.25,407.59902696170485,497.27889734105617,351.8126205232996,151.3093805538896
11245.25,407.59902696170485,497.27889734105617,351.8126205232996,151.3093805538896
11250.25,407.59902696170485,497.27889734105617,351.8126205232996,151.3093805538896
11255.25,407.59902696170485,497.27889734105617,354.2638917033508,151.3093805538896
11260.25,407.59902696170485,497.27889734105617,354.2638917033508,151.3093805538896
11265.25,411.8406270726061,497.27889734105617,354.2638917033508,151.3093805538896
11270.25,411.8406270726061,497.27889734105617,354.2638917033508,151.3093805538896
11275.25,411.8406270726061,499.2990258322444,354.2638917033508,151.3093805538896
11280.25,411.8406270726061,499.2990258322444,354.2638917033508,151.3093805538896
11285.25,411.8406270726061,499.2990258322444,354.2638917033508,151.3093805538896
11290.25,411.8406270726061,499.2990258322444,354.2638917033508,151.3093805538896
11295.25,411.8406270726061,499.2990258322444,354.2638917033508,151.3093805538896
11300.25,411.8406270726061,499.2990258322444,354.2638917033508,151.3093805538896
11305.25,411.8406270726061,499.2990258322444,354.2638917033508,151.3093805538896
11310.25,411.8406270726061,499.2990258322444,354.2638917033508,151.3093805538896
11315.25,411.8406270726061,504.02180973283276,354.2638917033508,151.3093805538896
11320.25,411.8406270726061,504.02180973283276,354.2638917033508,151.3093805538896
11325.25,411.8406270726061,504.02180973283276,354.2638917033508,151.3093805538896
11330.25,411.8406270726061,504.02180973283276,354.2638917033508,151.3093805538896
11335.25,411.8406270726061,504.02180973283276,354.2638917033508,151.3093805538896
11340.25,411.8406270726061,504.02180973283276,354.2638917033508,151.3093805538896
11345.25,411.8406270726061,504.02180973283276,354.2638917033508,151.3093805538896
11350.25,411.8406270726061,504.02180973283276,354.2638917033508,151.3093805538896
11355.25,411.8406270726061,504.02180973283276,354.2638917033508,151.3093805538896
11360.25,411.8406270726061,507.1373030887498,354.2638917033508,151.3093805538896
11365.25,411.8406270726061,507.1373030887498,354.2638917033508,151.3093805538896
11370.25,411.8406270726061,507.1373030887498,354.2638917033508,151.3093805538896
11375.25,411.8406270726061,507.1373030887498,354.2638917033508,151.3093805538896
11380.25,411.8406270726061,507.1373030887498,361.679573103848,151.3093805538896
11385.25,411.8406270726061,507.1373030887498,361.679573103848,151.3093805538896
11390.25,411.8406270726061,507.1373030887498,361.679573103848,151.3093805538896
11395.25,411.8406270726061,507.1373030887498,361.679573103848,151.3093805538896
11400.25,411.8406270726061,507.1373030887498,361.679573103848,151.3093805538896
11405.25,411.8406270726061,507.1373030887498,361.679573103848,151.3093805538896
11410.25,411.8406270726061,507.1373030887498,361.679573103848,155.05570526006173
11415.25,411.8406270726061,507.1373030887498,361.679573103848,155.05570526006173
11420.25,411.8406270726061,507.1373030887498,361.679573103848,155.05570526006173
11425.25,411.8406270726061,507.1373030887498,361.679573103848,156.2652603446714
11430.25,411.8406270726061,507.1373030887498,361.679573103848,156.2652603446714
11435.25,411.8406270726061,507.1373030887498,361.679573103848,156.2652603446714
11440.25,411.8406270726061,507.1373030887498,369.39584194626644,156.2652603446714
11445.25,411.8406270726061,509.0267659001451,369.39584194626644,156.2652603446714
11450.25,411.8406270726061,509.0267659001451,369.39584194626644,156.2652603446714
11455.25,411.8406270726061,509.0267659001451,369.39584194626644,156.2652603446714
11460.25,411.8406270726061,509.0267659001451,369.39584194626644,156.2652603446714
11465.25,411.8406270726061,509.0267659001451,369.39584194626644,156.2652603446714
11470.25,411.8406270726061,509.0267659001451,369.39584194626644,156.2652603446714
11475.25,411.8406270726061,509.0267659001451,369.39584194626644,156.2652603446714
11480.25,411.8406270726061,509.0267659001451,369.39584194626644,156.2652603446714
11485.25,416.084108969057,509.0267659001451,369.39584194626644,156.2652603446714
11490.25,416.084108969057,509.0267659001451,369.39584194626644,156.2652603446714
11495.25,416.084108969057,509.0267659001451,369.39584194626644,156.2652603446714
11500.25,416.084108969057,509.0267659001451,369.39584194626644,156.2652603446714
11505.25,416.084108969057,509.0267659001451,369.39584194626644,156.2652603446714
11510.25,416.084108969057,509.0267659001451,369.39584194626644,156.2652603446714
11515.25,416.084108969057,509.0267659001451,369.39584194626644,156.2652603446714
11520.25,416.084108969057,509.0267659001451,369.39584194626644,156.2652603446714
11525.25,416.084108969057,509.0267659001451,369.39584194626644,156.2652603446714
11530.25,416.084108969057,509.0267659001451,376.8603845467826,156.2652603446714
11535.25,416.084108969057,513.0759972224707,376.8603845467826,156.2652603446714
11540.25,416.084108969057,513.0759972224707,376.8603845467826,156.2652603446714
11545.25,416.084108969057,513.0759972224707,376.8603845467826,156.2652603446714
11550.25,419.8020978886548,513.0759972224707,376.8603845467826,156.2652603446714
11555.25,419.8020978886548,513.0759972224707,376.8603845467826,156.2652603446714
11560.25,419.8020978886548,513.0759972224707,376.8603845467826,156.2652603446714
11565.25,419.8020978886548,513.0759972224707,376.8603845467826,156.2652603446714
11570.25,419.8020978886548,518.2053447454018,376.8603845467826,156.2652603446714
11575.25,419.8020978886548,520.2767037573274,380.1302704547146,156.2652603446714
11580.25,419.8020978886548,520.2767037573274,380.1302704547146,156.2652603446714
11585.25,419.8020978886548,520.2767037573274,380.1302704547146,156.2652603446714
11590.25,419.8020978886548,520.2767037573274,380.1302704547146,156.2652603446714
11595.25,419.8020978886548,520.2767037573274,380.1302704547146,156.2652603446714
11600.25,419.8020978886548,526.7168175492025,380.1302704547146,156.2652603446714
11605.25,419.8020978886548,526.7168175492025,380.1302704547146,156.2652603446714
11610.25,422.6192860498476,526.7168175492025,380.1302704547146,156.2652603446714
11615.25,422.6192860498476,526.7168175492025,380.1302704547146,156.2652603446714
11620.25,422.6192860498476,526.7168175492025,380.1302704547146,156.2652603446714
11625.25,422.6192860498476,526.7168175492025,380.1302704547146,156.2652603446714
11630.25,422.6192860498476,526.7168175492025,380.1302704547146,156.2652603446714
11635.25,422.6192860498476,526.7168175492025,380.1302704547146,156.2652603446714
11640.25,422.6192860498476,526.7168175492025,380.1302704547146,157.7376394850395
11645.25,422.6192860498476,526.7168175492025,380.1302704547146,157.7376394850395
11650.25,422.6192860498476,526.7168175492025,380.1302704547146,157.7376394850395
11655.25,422.6192860498476,526.7168175492025,380.1302704547146,157.7376394850395
11660.25,422.6192860498476,526.7168175492025,380.1302704547146,157.7376394850395
11665.25,425.5897466235739,526.7168175492025,380.1302704547146,157.7376394850395
11670.25,425.5897466235739,526.7168175492025,380.1302704547146,157.7376394850395
11675.25,425.5897466235739,526.7168175492025,380.1302704547146,157.7376394850395
11680.25,425.5897466235739,526.7168175492025,380.1302704547146,157.7376394850395
11685.25,425.5897466235739,534.013352157426,382.6429710558738,157.7376394850395
11690.25,425.5897466235739,534.013352157426,382.6429710558738,157.7376394850395
11695.25,425.5897466235739,534.013352157426,382.6429710558738,157.7376394850395
11700.25,425.5897466235739,540.3763903205516,382.6429710558738,157.7376394850395
11705.25,425.5897466235739,540.3763903205516,382.6429710558738,157.7376394850395
11710.25,425.5897466235739,540.3763903205516,382.6429710558738,157.7376394850395
11715.25,425.5897466235739,540.3763903205516,382.6429710558738,157.7376394850395
11720.25,425.5897466235739,540.3763903205516,382.6429710558738,157.7376394850395
11725.25,425.5897466235739,540.3763903205516,382.6429710558738,157.7376394850395
11730.25,425.5897466235739,540.3763903205516,382.6429710558738,157.7376394850395
11735.25,425.5897466235739,540.3763903205516,382.6429710558738,157.7376394850395
11740.25,425.5897466235739,540.3763903205516,382.6429710558738,157.7376394850395
11745.25,425.5897466235739,540.3763903205516,382.6429710558738,157.7376394850395
11750.25,425.5897466235739,540.3763903205516,382.6429710558738,157.7376394850395
11755.25,425.5897466235739,540.3763903205516,382.6429710558738,157.7376394850395
11760.25,425.5897466235739,540.3763903205516,382.6429710558738,157.7376394850395
11765.25,425.5897466235739,540.3763903205516,382.6429710558738,157.7376394850395
11770.25,425.5897466235739,540.3763903205516,382.6429710558738,157.7376394850395
11775.25,425.5897466235739,540.3763903205516,382.6429710558738,157.7376394850395
11780.25,425.5897466235739,545.457674056157,382.6429710558738,157.7376394850395
11785.25,425.5897466235739,545.457674056157,382.6429710558738,157.7376394850395
11790.25,425.5897466235739,545.457674056157,382.6429710558738,157.7376394850395
11795.25,425.5897466235739,545.457674056157,384.39369132454544,157.7376394850395
11800.25,425.5897466235739,545.457674056157,384.39369132454544,157.7376394850395
11805.25,425.5897466235739,545.457674056157,384.39369132454544,157.7376394850395
11810.25,425.5897466235739,545.457674056157,384.39369132454544,157.7376394850395
11815.25,425.5897466235739,545.457674056157,384.39369132454544,157.7376394850395
11820.25,425.5897466235739,545.457674056157,384.39369132454544,157.7376394850395
11825.25,425.5897466235739,545.457674056157,384.39369132454544,157.7376394850395
11830.25,425.5897466235739,545.457674056157,384.39369132454544,157.7376394850395
11835.25,425.5897466235739,545.457674056157,386.95841147164833,157.7376394850395
11840.25,425.5897466235739,547.5557557582736,386.95841147164833,157.7376394850395
11845.25,425.5897466235739,550.470720505731,386.95841147164833,157.7376394850395
11850.25,425.5897466235739,556.4948833763432,386.95841147164833,157.7376394850395
11855.25,425.5897466235739,556.4948833763432,386.95841147164833,157.7376394850395
11860.25,425.5897466235739,556.4948833763432,386.95841147164833,157.7376394850395
11865.25,425.5897466235739,556.4948833763432,386.95841147164833,157.7376394850395
11870.25,425.5897466235739,556.4948833763432,386.95841147164833,157.7376394850395
11875.25,425.5897466235739,556.4948833763432,386.95841147164833,157.7376394850395
11880.25,425.5897466235739,556.4948833763432,386.95841147164833,160.1751414850357
11885.25,425.5897466235739,556.4948833763432,386.95841147164833,163.73584765580242
11890.25,425.5897466235739,556.4948833763432,386.95841147164833,163.73584765580242
11895.25,425.5897466235739,556.4948833763432,386.95841147164833,163.73584765580242
11900.25,430.2410908568137,556.4948833763432,386.95841147164833,163.73584765580242
11905.25,430.2410908568137,556.4948833763432,386.95841147164833,163.73584765580242
11910.25,430.2410908568137,556.4948833763432,386.95841147164833,163.73584765580242
11915.25,430.2410908568137,556.4948833763432,386.95841147164833,163.73584765580242
11920.25,430.2410908568137,556.4948833763432,386.95841147164833,163.73584765580242
11925.25,430.2410908568137,556.4948833763432,386.95841147164833,163.73584765580242
11930.25,430.2410908568137,556.4948833763432,386.95841147164833,163.73584765580242
11935.25,430.2410908568137,556.4948833763432,386.95841147164833,163.73584765580242
11940.25,430.2410908568137,556.4948833763432,386.95841147164833,163.73584765580242
11945.25,430.2410908568137,562.8271980284687,386.95841147164833,163.73584765580242
11950.25,430.2410908568137,568.8805485761559,386.95841147164833,163.73584765580242
11955.25,430.2410908568137,568.8805485761559,386.95841147164833,163.73584765580242
11960.25,430.2410908568137,568.8805485761559,386.95841147164833,163.73584765580242
11965.25,430.2410908568137,568.8805485761559,386.95841147164833,163.73584765580242
11970.25,430.2410908568137,568.8805485761559,386.95841147164833,163.73584765580242
11975.25,434.97181585902706,568.8805485761559,386.95841147164833,163.73584765580242
11980.25,434.97181585902706,568.8805485761559,386.95841147164833,163.73584765580242
11985.25,434.97181585902706,568.8805485761559,389.5689581113961,163.73584765580242
11990.25,434.97181585902706,568.8805485761559,389.5689581113961,163.73584765580242
11995.25,434.97181585902706,568.8805485761559,389.5689581113961,163.73584765580242
12000.25,434.97181585902706,568.8805485761559,389.5689581113961,163.73584765580242
12005.25,434.97181585902706,568.8805485761559,389.5689581113961,163.73584765580242
12010.25,434.97181585902706,568.8805485761559,391.08407060823424,163.73584765580242
12015.25,434.97181585902706,568.8805485761559,391.08407060823424,163.73584765580242
12020.25,434.97181585902706,568.8805485761559,391.08407060823424,163.73584765580242
12025.25,434.97181585902706,568.8805485761559,391.08407060823424,163.73584765580242
12030.25,434.97181585902706,568.8805485761559,391.08407060823424,163.73584765580242
12035.25,434.97181585902706,568.8805485761559,391.08407060823424,163.73584765580242
12040.25,434.97181585902706,568.8805485761559,391.08407060823424,163.73584765580242
12045.25,434.97181585902706,568.8805485761559,391.08407060823424,163.73584765580242
12050.25,439.86825293482224,568.8805485761559,391.08407060823424,163.73584765580242
12055.25,444.5174185019448,568.8805485761559,391.08407060823424,163.73584765580242
12060.25,444.5174185019448,568.8805485761559,391.08407060823424,163.73584765580242
12065.25,444.5174185019448,568.8805485761559,391.08407060823424,163.73584765580242
12070.25,444.5174185019448,568.8805485761559,391.08407060823424,163.73584765580242
12075.25,444.5174185019448,568.8805485761559,391.08407060823424,163.73584765580242
12080.25,444.5174185019448,571.3469559643711,391.08407060823424,163.73584765580242
12085.25,444.5174185019448,571.3469559643711,391.08407060823424,163.73584765580242
12090.25,444.5174185019448,571.3469559643711,391.08407060823424,163.73584765580242
12095.25,444.5174185019448,571.3469559643711,391.08407060823424,166.26561821434643
12100.25,444.5174185019448,571.3469559643711,391.08407060823424,166.26561821434643
12105.25,444.5174185019448,571.3469559643711,391.08407060823424,166.26561821434643
12110.25,444.5174185019448,571.3469559643711,391.08407060823424,166.26561821434643
12115.25,449.4633575627289,571.3469559643711,391.08407060823424,166.26561821434643
12120.25,449.4633575627289,571.3469559643711,391.08407060823424,166.26561821434643
12125.25,449.4633575627289,571.3469559643711,391.08407060823424,166.26561821434643
12130.25,449.4633575627289,571.3469559643711,391.08407060823424,166.26561821434643
12135.25,449.4633575627289,571.3469559643711,391.08407060823424,166.26561821434643
12140.25,449.4633575627289,574.1602465518687,391.08407060823424,166.26561821434643
12145.25,449.4633575627289,574.1602465518687,391.08407060823424,166.26561821434643
12150.25,449.4633575627289,574.1602465518687,391.08407060823424,166.26561821434643
12155.25,449.4633575627289,574.1602465518687,391.08407060823424,168.55951743578706
12160.25,449.4633575627289,574.1602465518687,391.08407060823424,168.55951743578706
12165.25,449.4633575627289,574.1602465518687,391.08407060823424,168.55951743578706
12170.25,449.4633575627289,574.1602465518687,391.08407060823424,168.55951743578706
12175.25,453.14297441835356,574.1602465518687,391.08407060823424,168.55951743578706
12180.25,453.14297441835356,574.1602465518687,393.5540418329017,168.55951743578706
12185.25,453.14297441835356,574.1602465518687,393.5540418329017,168.55951743578706
12190.25,453.14297441835356,574.1602465518687,393.5540418329017,168.55951743578706
12195.25,453.14297441835356,574.1602465518687,393.5540418329017,168.55951743578706
12200.25,453.14297441835356,574.1602465518687,393.5540418329017,168.55951743578706
12205.25,453.14297441835356,574.1602465518687,393.5540418329017,168.55951743578706
12210.25,453.14297441835356,574.1602465518687,393.5540418329017,168.55951743578706
12215.25,453.14297441835356,574.1602465518687,393.5540418329017,168.55951743578706
12220.25,453.14297441835356,574.1602465518687,393.5540418329017,176.4194547100339
12225.25,453.14297441835356,574.1602465518687,402.0361900692087,176.4194547100339
12230.25,453.14297441835356,574.1602465518687,402.0361900692087,176.4194547100339
12235.25,453.14297441835356,574.1602465518687,402.0361900692087,176.4194547100339
12240.25,453.14297441835356,574.1602465518687,402.0361900692087,176.4194547100339
12245.25,453.14297441835356,574.1602465518687,402.0361900692087,176.4194547100339
12250.25,453.14297441835356,574.1602465518687,402.0361900692087,176.4194547100339
12255.25,453.14297441835356,576.485251254138,402.0361900692087,176.4194547100339
12260.25,453.14297441835356,576.485251254138,408.3072022100612,176.4194547100339
12265.25,453.14297441835356,576.485251254138,408.3072022100612,176.4194547100339
12270.25,453.14297441835356,576.485251254138,408.3072022100612,176.4194547100339
12275.25,453.14297441835356,576.485251254138,408.3072022100612,176.4194547100339
12280.25,453.14297441835356,576.485251254138,408.3072022100612,176.4194547100339
12285.25,453.14297441835356,576.485251254138,408.3072022100612,176.4194547100339
12290.25,456.23005641169334,576.485251254138,411.81599033927967,176.4194547100339
12295.25,456.23005641169334,576.485251254138,411.81599033927967,176.4194547100339
12300.25,456.23005641169334,576.485251254138,411.81599033927967,176.4194547100339
12305.25,456.23005641169334,576.485251254138,411.81599033927967,176.4194547100339
12310.25,459.65782314491366,576.485251254138,411.81599033927967,176.4194547100339
12315.25,459.65782314491366,576.485251254138,411.81599033927967,176.4194547100339
12320.25,459.65782314491366,576.485251254138,414.5087854830622,176.4194547100339
12325.25,459.65782314491366,576.485251254138,417.5114493181178,176.4194547100339
12330.25,459.65782314491366,576.485251254138,417.5114493181178,176.4194547100339
12335.25,459.65782314491366,576.485251254138,417.5114493181178,176.4194547100339
12340.25,459.65782314491366,576.485251254138,417.5114493181178,176.4194547100339
12345.25,459.65782314491366,576.485251254138,417.5114493181178,176.4194547100339
12350.25,459.65782314491366,576.485251254138,417.5114493181178,176.4194547100339
12355.25,459.65782314491366,576.485251254138,417.5114493181178,176.4194547100339
12360.25,459.65782314491366,576.485251254138,417.5114493181178,176.4194547100339
12365.25,459.65782314491366,581.9597522179448,417.5114493181178,176.4194547100339
12370.25,459.65782314491366,581.9597522179448,417.5114493181178,176.4194547100339
12375.25,459.65782314491366,581.9597522179448,417.5114493181178,176.4194547100339
12380.25,459.65782314491366,581.9597522179448,417.5114493181178,176.4194547100339
12385.25,459.65782314491366,581.9597522179448,417.5114493181178,176.4194547100339
12390.25,459.65782314491366,581.9597522179448,417.5114493181178,176.4194547100339
12395.25,459.65782314491366,581.9597522179448,417.5114493181178,176.4194547100339
12400.25,459.65782314491366,581.9597522179448,417.5114493181178,176.4194547100339
12405.25,459.65782314491366,583.056955822864,417.5114493181178,176.4194547100339
12410.25,459.65782314491366,583.056955822864,417.5114493181178,176.4194547100339
12415.25,459.65782314491366,583.056955822864,417.5114493181178,176.4194547100339
12420.25,459.65782314491366,583.056955822864,417.5114493181178,176.4194547100339
12425.25,459.65782314491366,583.056955822864,417.5114493181178,176.4194547100339
12430.25,459.65782314491366,583.056955822864,417.5114493181178,176.4194547100339
12435.25,459.65782314491366,583.056955822864,417.5114493181178,176.4194547100339
12440.25,459.65782314491366,583.056955822864,424.6317221960759,176.4194547100339
12445.25,464.5468396377743,583.056955822864,424.6317221960759,176.4194547100339
12450.25,464.5468396377743,583.056955822864,424.6317221960759,176.4194547100339
12455.25,464.5468396377743,583.056955822864,424.6317221960759,176.4194547100339
12460.25,464.5468396377743,583.056955822864,424.6317221960759,176.4194547100339
12465.25,464.5468396377743,587.8898738221335,424.6317221960759,176.4194547100339
12470.25,464.5468396377743,587.8898738221335,424.6317221960759,176.4194547100339
12475.25,464.5468396377743,587.8898738221335,430.4712847171576,176.4194547100339
12480.25,464.5468396377743,587.8898738221335,430.4712847171576,176.4194547100339
12485.25,464.5468396377743,587.8898738221335,430.4712847171576,176.4194547100339
12490.25,464.5468396377743,587.8898738221335,430.4712847171576,176.4194547100339
12495.25,464.5468396377743,587.8898738221335,430.4712847171576,176.4194547100339
12500.25,464.5468396377743,587.8898738221335,430.4712847171576,176.4194547100339
12505.25,469.4388672395736,587.8898738221335,430.4712847171576,176.4194547100339
12510.25,469.4388672395736,587.8898738221335,430.4712847171576,176.4194547100339
12515.25,469.4388672395736,587.8898738221335,430.4712847171576,176.4194547100339
12520.25,469.4388672395736,587.8898738221335,430.4712847171576,176.4194547100339
12525.25,469.4388672395736,587.8898738221335,433.3996604996845,176.4194547100339
12530.25,469.4388672395736,587.8898738221335,433.3996604996845,176.4194547100339
12535.25,469.4388672395736,590.2126192696152,433.3996604996845,176.4194547100339
12540.25,469.4388672395736,590.2126192696152,433.3996604996845,176.4194547100339
12545.25,469.4388672395736,590.2126192696152,433.3996604996845,176.4194547100339
12550.25,469.4388672395736,594.5186186925355,433.3996604996845,176.4194547100339
12555.25,469.4388672395736,594.5186186925355,433.3996604996845,176.4194547100339
12560.25,469.4388672395736,594.5186186925355,433.3996604996845,176.4194547100339
12565.25,469.4388672395736,594.5186186925355,433.3996604996845,176.4194547100339
12570.25,469.4388672395736,594.5186186925355,433.3996604996845,178.62443692727663
12575.25,469.4388672395736,594.5186186925355,433.3996604996845,178.62443692727663
12580.25,469.4388672395736,599.9046245369333,433.3996604996845,178.62443692727663
12585.25,469.4388672395736,599.9046245369333,433.3996604996845,180.69736675050052
12590.25,469.4388672395736,599.9046245369333,433.3996604996845,180.69736675050052
12595.25,469.4388672395736,599.9046245369333,433.3996604996845,180.69736675050052
12600.25,469.4388672395736,599.9046245369333,433.3996604996845,180.69736675050052
12605.25,469.4388672395736,599.9046245369333,433.3996604996845,180.69736675050052
12610.25,469.4388672395736,599.9046245369333,433.3996604996845,180.69736675050052
12615.25,469.4388672395736,605.7361601247361,433.3996604996845,180.69736675050052
12620.25,469.4388672395736,605.7361601247361,433.3996604996845,180.69736675050052
12625.25,469.4388672395736,605.7361601247361,433.3996604996845,180.69736675050052
12630.25,469.4388672395736,605.7361601247361,433.3996604996845,180.69736675050052
12635.25,469.4388672395736,605.7361601247361,433.3996604996845,180.69736675050052
12640.25,469.4388672395736,605.7361601247361,433.3996604996845,180.69736675050052
12645.25,469.4388672395736,605.7361601247361,433.3996604996845,180.69736675050052
12650.25,469.4388672395736,605.7361601247361,433.3996604996845,180.69736675050052
12655.25,469.4388672395736,608.153228199643,433.3996604996845,180.69736675050052
12660.25,469.4388672395736,608.153228199643,433.3996604996845,180.69736675050052
12665.25,469.4388672395736,608.153228199643,433.3996604996845,180.69736675050052
12670.25,469.4388672395736,608.153228199643,433.3996604996845,180.69736675050052
12675.25,469.4388672395736,608.153228199643,433.3996604996845,180.69736675050052
12680.25,469.4388672395736,608.153228199643,435.9658767535674,180.69736675050052
12685.25,469.4388672395736,612.3133275058012,435.9658767535674,180.69736675050052
12690.25,472.7648161542961,612.3133275058012,435.9658767535674,180.69736675050052
12695.25,472.7648161542961,612.3133275058012,438.98844200046335,180.69736675050052
12700.25,472.7648161542961,612.3133275058012,438.98844200046335,180.69736675050052
12705.25,472.7648161542961,612.3133275058012,438.98844200046335,180.69736675050052
12710.25,472.7648161542961,612.3133275058012,438.98844200046335,180.69736675050052
12715.25,472.7648161542961,618.4103525516337,438.98844200046335,180.69736675050052
12720.25,472.7648161542961,618.4103525516337,438.98844200046335,180.69736675050052
12725.25,472.7648161542961,618.4103525516337,438.98844200046335,180.69736675050052
12730.25,472.7648161542961,618.4103525516337,438.98844200046335,180.69736675050052
12735.25,472.7648161542961,618.4103525516337,438.98844200046335,180.69736675050052
12740.25,472.7648161542961,618.4103525516337,438.98844200046335,180.69736675050052
12745.25,472.7648161542961,618.4103525516337,438.98844200046335,180.69736675050052
12750.25,477.468944021546,618.4103525516337,438.98844200046335,180.69736675050052
12755.25,477.468944021546,618.4103525516337,438.98844200046335,180.69736675050052
12760.25,477.468944021546,618.4103525516337,438.98844200046335,180.69736675050052
12765.25,477.468944021546,618.4103525516337,438.98844200046335,180.69736675050052
12770.25,477.468944021546,618.4103525516337,438.98844200046335,180.69736675050052
12775.25,477.468944021546,618.4103525516337,438.98844200046335,180.69736675050052
12780.25,477.468944021546,618.4103525516337,438.98844200046335,180.69736675050052
12785.25,477.468944021546,622.6678687323187,438.98844200046335,180.69736675050052
12790.25,477.468944021546,622.6678687323187,438.98844200046335,180.69736675050052
12795.25,477.468944021546,622.6678687323187,438.98844200046335,180.69736675050052
12800.25,477.468944021546,622.6678687323187,438.98844200046335,180.69736675050052
12805.25,477.468944021546,622.6678687323187,438.98844200046335,180.69736675050052
12810.25,477.468944021546,622.6678687323187,438.98844200046335,180.69736675050052
12815.25,477.468944021546,622.6678687323187,438.98844200046335,180.69736675050052
12820.25,477.468944021546,622.6678687323187,438.98844200046335,180.69736675050052
12825.25,477.468944021546,622.6678687323187,438.98844200046335,181.5667688183322
12830.25,480.6237379641846,624.8835896044479,438.98844200046335,181.5667688183322
12835.25,480.6237379641846,624.8835896044479,438.98844200046335,181.5667688183322
12840.25,480.6237379641846,624.8835896044479,442.09738770313106,181.5667688183322
12845.25,480.6237379641846,624.8835896044479,442.09738770313106,181.5667688183322
12850.25,485.57464978479237,624.8835896044479,442.09738770313106,181.5667688183322
12855.25,485.57464978479237,624.8835896044479,442.09738770313106,181.5667688183322
12860.25,485.57464978479237,624.8835896044479,442.09738770313106,181.5667688183322
12865.25,485.57464978479237,624.8835896044479,442.09738770313106,181.5667688183322
12870.25,485.57464978479237,624.8835896044479,442.09738770313106,181.5667688183322
12875.25,485.57464978479237,624.8835896044479,442.09738770313106,181.5667688183322
12880.25,485.57464978479237,629.1194587033017,442.09738770313106,181.5667688183322
12885.25,485.57464978479237,629.1194587033017,442.09738770313106,181.5667688183322
12890.25,485.57464978479237,629.1194587033017,442.09738770313106,181.5667688183322
12895.25,485.57464978479237,629.1194587033017,442.09738770313106,181.5667688183322
12900.25,485.57464978479237,633.4546314587437,444.62329582437405,181.5667688183322
12905.25,485.57464978479237,633.4546314587437,444.62329582437405,181.5667688183322
12910.25,485.57464978479237,633.4546314587437,444.62329582437405,181.5667688183322
12915.25,485.57464978479237,633.4546314587437,444.62329582437405,181.5667688183322
12920.25,485.57464978479237,633.4546314587437,444.62329582437405,181.5667688183322
12925.25,485.57464978479237,633.4546314587437,444.62329582437405,181.5667688183322
12930.25,485.57464978479237,633.4546314587437,444.62329582437405,181.5667688183322
12935.25,485.57464978479237,633.4546314587437,444.62329582437405,181.5667688183322
12940.25,490.5397802177169,633.4546314587437,444.62329582437405,181.5667688183322
12945.25,490.5397802177169,638.525977562899,444.62329582437405,181.5667688183322
12950.25,490.5397802177169,638.525977562899,444.62329582437405,181.5667688183322
12955.25,490.5397802177169,638.525977562899,444.62329582437405,181.5667688183322
12960.25,490.5397802177169,638.525977562899,444.62329582437405,181.5667688183322
12965.25,490.5397802177169,638.525977562899,444.62329582437405,181.5667688183322
12970.25,490.5397802177169,639.5945774999,444.62329582437405,181.5667688183322
12975.25,490.5397802177169,639.5945774999,444.62329582437405,181.5667688183322
12980.25,490.5397802177169,639.5945774999,444.62329582437405,181.5667688183322
12985.25,490.5397802177169,639.5945774999,444.62329582437405,181.5667688183322
12990.25,490.5397802177169,639.5945774999,444.62329582437405,181.5667688183322
12995.25,490.5397802177169,639.5945774999,444.62329582437405,181.5667688183322
13000.25,490.5397802177169,639.5945774999,444.62329582437405,181.5667688183322
13005.25,490.5397802177169,639.5945774999,444.62329582437405,181.5667688183322
13010.25,490.5397802177169,639.5945774999,444.62329582437405,181.5667688183322
13015.25,490.5397802177169,639.5945774999,444.62329582437405,181.5667688183322
13020.25,490.5397802177169,639.5945774999,444.62329582437405,183.9055617574155
13025.25,490.5397802177169,639.5945774999,444.62329582437405,183.9055617574155
13030.25,490.5397802177169,639.5945774999,444.62329582437405,183.9055617574155
13035.25,490.5397802177169,639.5945774999,444.62329582437405,183.9055617574155
13040.25,490.5397802177169,639.5945774999,444.62329582437405,183.9055617574155
13045.25,490.5397802177169,639.5945774999,444.62329582437405,183.9055617574155
13050.25,490.5397802177169,639.5945774999,444.62329582437405,183.9055617574155
13055.25,490.5397802177169,639.5945774999,447.4696541598762,183.9055617574155
13060.25,490.5397802177169,639.5945774999,447.4696541598762,183.9055617574155
13065.25,490.5397802177169,639.5945774999,447.4696541598762,183.9055617574155
13070.25,490.5397802177169,639.5945774999,447.4696541598762,183.9055617574155
13075.25,490.5397802177169,649.5811526195612,447.4696541598762,183.9055617574155
13080.25,490.5397802177169,649.5811526195612,447.4696541598762,183.9055617574155
13085.25,490.5397802177169,651.8709912933757,447.4696541598762,183.9055617574155
13090.25,490.5397802177169,656.0780315870918,447.4696541598762,183.9055617574155
13095.25,490.5397802177169,656.0780315870918,447.4696541598762,183.9055617574155
13100.25,490.5397802177169,656.0780315870918,447.4696541598762,183.9055617574155
13105.25,490.5397802177169,656.0780315870918,447.4696541598762,183.9055617574155
13110.25,490.5397802177169,656.0780315870918,447.4696541598762,185.93984120705227
13115.25,490.5397802177169,656.0780315870918,447.4696541598762,185.93984120705227
13120.25,490.5397802177169,656.0780315870918,447.4696541598762,185.93984120705227
13125.25,490.5397802177169,656.0780315870918,453.39796141209274,185.93984120705227
13130.25,490.5397802177169,656.0780315870918,453.39796141209274,185.93984120705227
13135.25,494.30527325014145,656.0780315870918,453.39796141209274,185.93984120705227
13140.25,494.30527325014145,656.0780315870918,453.39796141209274,185.93984120705227
13145.25,494.30527325014145,656.0780315870918,453.39796141209274,185.93984120705227
13150.25,494.30527325014145,656.0780315870918,453.39796141209274,185.93984120705227
13155.25,494.30527325014145,656.0780315870918,453.39796141209274,185.93984120705227
13160.25,499.29443716792645,656.0780315870918,453.39796141209274,185.93984120705227
13165.25,499.29443716792645,656.0780315870918,453.39796141209274,185.93984120705227
13170.25,499.29443716792645,656.0780315870918,453.39796141209274,185.93984120705227
13175.25,499.29443716792645,656.0780315870918,453.39796141209274,185.93984120705227
13180.25,499.29443716792645,656.0780315870918,453.39796141209274,185.93984120705227
13185.25,499.29443716792645,658.5052004185164,453.39796141209274,185.93984120705227
13190.25,499.29443716792645,658.5052004185164,453.39796141209274,185.93984120705227
13195.25,499.29443716792645,658.5052004185164,453.39796141209274,185.93984120705227
13200.25,499.29443716792645,658.5052004185164,453.39796141209274,185.93984120705227
13205.25,499.29443716792645,658.5052004185164,453.39796141209274,185.93984120705227
13210.25,499.29443716792645,658.5052004185164,453.39796141209274,185.93984120705227
13215.25,499.29443716792645,658.5052004185164,453.39796141209274,185.93984120705227
13220.25,499.29443716792645,658.5052004185164,453.39796141209274,185.93984120705227
13225.25,499.29443716792645,658.5052004185164,453.39796141209274,185.93984120705227
13230.25,499.29443716792645,658.5052004185164,453.39796141209274,185.93984120705227
13235.25,499.29443716792645,658.5052004185164,453.39796141209274,188.26755721962286
13240.25,499.29443716792645,658.5052004185164,453.39796141209274,188.26755721962286
13245.25,499.29443716792645,658.5052004185164,458.1833976352275,188.26755721962286
13250.25,499.29443716792645,658.5052004185164,458.1833976352275,188.26755721962286
13255.25,499.29443716792645,658.5052004185164,458.1833976352275,188.26755721962286
13260.25,499.29443716792645,663.0218567750461,458.1833976352275,188.26755721962286
13265.25,504.18311589750385,663.0218567750461,458.1833976352275,188.26755721962286
13270.25,508.49452855863933,663.0218567750461,459.55478972030164,188.26755721962286
13275.25,508.49452855863933,663.0218567750461,459.55478972030164,188.26755721962286
13280.25,508.49452855863933,663.0218567750461,459.55478972030164,188.26755721962286
13285.25,508.49452855863933,663.0218567750461,459.55478972030164,188.26755721962286
13290.25,508.49452855863933,663.0218567750461,460.68602515320856,188.26755721962286
13295.25,508.49452855863933,663.0218567750461,460.68602515320856,188.26755721962286
13300.25,508.49452855863933,663.0218567750461,460.68602515320856,188.26755721962286
13305.25,508.49452855863933,663.0218567750461,460.68602515320856,188.26755721962286
13310.25,508.49452855863933,663.0218567750461,460.68602515320856,188.26755721962286
13315.25,508.49452855863933,663.0218567750461,460.68602515320856,188.26755721962286
13320.25,508.49452855863933,663.0218567750461,460.68602515320856,188.26755721962286
13325.25,513.377364984002,663.0218567750461,460.68602515320856,188.26755721962286
13330.25,513.377364984002,663.0218567750461,460.68602515320856,188.26755721962286
13335.25,513.377364984002,663.0218567750461,460.68602515320856,188.26755721962286
13340.25,516.4240909857884,663.0218567750461,460.68602515320856,188.26755721962286
13345.25,516.4240909857884,663.0218567750461,460.68602515320856,188.26755721962286
13350.25,516.4240909857884,663.0218567750461,460.68602515320856,188.26755721962286
13355.25,516.4240909857884,663.0218567750461,460.68602515320856,188.26755721962286
13360.25,516.4240909857884,665.1986939701181,460.68602515320856,188.26755721962286
13365.25,516.4240909857884,665.1986939701181,460.68602515320856,188.26755721962286
13370.25,516.4240909857884,665.1986939701181,460.68602515320856,188.26755721962286
13375.25,516.4240909857884,665.1986939701181,460.68602515320856,188.26755721962286
13380.25,519.409215808901,665.1986939701181,460.68602515320856,188.26755721962286
13385.25,519.409215808901,665.1986939701181,460.68602515320856,188.26755721962286
13390.25,519.409215808901,665.1986939701181,460.68602515320856,188.26755721962286
13395.25,519.409215808901,665.1986939701181,460.68602515320856,188.26755721962286
13400.25,519.409215808901,665.1986939701181,460.68602515320856,188.26755721962286
13405.25,519.409215808901,665.1986939701181,465.55993615322075,188.26755721962286
13410.25,519.409215808901,668.4980494672271,465.55993615322075,188.26755721962286
13415.25,519.409215808901,668.4980494672271,465.55993615322075,188.26755721962286
13420.25,519.409215808901,668.4980494672271,465.55993615322075,188.26755721962286
13425.25,519.409215808901,668.4980494672271,467.1591782228285,188.26755721962286
13430.25,519.409215808901,668.4980494672271,467.1591782228285,188.26755721962286
13435.25,519.409215808901,668.4980494672271,467.1591782228285,188.26755721962286
13440.25,519.409215808901,668.4980494672271,467.1591782228285,188.26755721962286
13445.25,519.409215808901,668.4980494672271,467.1591782228285,188.26755721962286
13450.25,519.409215808901,668.4980494672271,467.1591782228285,188.26755721962286
13455.25,519.409215808901,668.4980494672271,475.3291381090448,188.26755721962286
13460.25,519.409215808901,668.4980494672271,475.3291381090448,188.26755721962286
13465.25,519.409215808901,668.4980494672271,475.3291381090448,188.26755721962286
13470.25,519.409215808901,668.4980494672271,475.3291381090448,188.26755721962286
13475.25,519.409215808901,673.8283790465911,475.3291381090448,188.26755721962286
13480.25,519.409215808901,675.0114106631637,475.3291381090448,188.26755721962286
13485.25,519.409215808901,675.0114106631637,475.3291381090448,188.26755721962286
13490.25,519.409215808901,675.0114106631637,475.3291381090448,188.26755721962286
13495.25,519.409215808901,675.0114106631637,475.3291381090448,188.26755721962286
13500.25,519.409215808901,675.0114106631637,475.3291381090448,188.26755721962286
13505.25,519.409215808901,675.0114106631637,475.3291381090448,188.26755721962286
13510.25,519.409215808901,675.0114106631637,475.3291381090448,188.26755721962286
13515.25,519.409215808901,675.0114106631637,475.3291381090448,188.26755721962286
13520.25,519.409215808901,675.0114106631637,475.3291381090448,188.26755721962286
13525.25,519.409215808901,675.0114106631637,475.3291381090448,188.26755721962286
13530.25,523.884571301104,675.0114106631637,475.3291381090448,188.26755721962286
13535.25,523.884571301104,675.0114106631637,475.3291381090448,188.26755721962286
13540.25,523.884571301104,675.0114106631637,475.3291381090448,188.26755721962286
13545.25,523.884571301104,675.0114106631637,475.3291381090448,188.26755721962286
13550.25,523.884571301104,675.0114106631637,475.3291381090448,188.26755721962286
13555.25,523.884571301104,675.0114106631637,475.3291381090448,191.8761163328732
13560.25,523.884571301104,675.0114106631637,475.3291381090448,191.8761163328732
13565.25,523.884571301104,675.0114106631637,477.8894616982306,194.2985155051787
13570.25,523.884571301104,680.7924256174193,477.8894616982306,194.2985155051787
13575.25,523.884571301104,680.7924256174193,477.8894616982306,194.2985155051787
13580.25,523.884571301104,683.1286063539245,477.8894616982306,194.2985155051787
13585.25,523.884571301104,683.1286063539245,477.8894616982306,194.2985155051787
13590.25,523.884571301104,683.1286063539245,477.8894616982306,194.2985155051787
13595.25,523.884571301104,683.1286063539245,477.8894616982306,194.2985155051787
13600.25,523.884571301104,683.1286063539245,477.8894616982306,194.2985155051787
13605.25,523.884571301104,683.1286063539245,477.8894616982306,194.2985155051787
13610.25,528.2326806024043,683.1286063539245,477.8894616982306,194.2985155051787
13615.25,528.2326806024043,683.1286063539245,477.8894616982306,194.2985155051787
13620.25,528.2326806024043,683.1286063539245,477.8894616982306,194.2985155051787
13625.25,528.2326806024043,683.1286063539245,477.8894616982306,194.2985155051787
13630.25,528.2326806024043,683.1286063539245,480.5994961225371,194.2985155051787
13635.25,528.2326806024043,683.1286063539245,480.5994961225371,194.2985155051787
13640.25,528.2326806024043,683.1286063539245,480.5994961225371,194.2985155051787
13645.25,531.4635357042746,683.1286063539245,480.5994961225371,194.2985155051787
13650.25,531.4635357042746,683.1286063539245,480.5994961225371,194.2985155051787
13655.25,531.4635357042746,683.1286063539245,480.5994961225371,194.2985155051787
13660.25,531.4635357042746,683.1286063539245,480.5994961225371,194.2985155051787
13665.25,531.4635357042746,683.1286063539245,480.5994961225371,194.2985155051787
13670.25,531.4635357042746,683.1286063539245,480.5994961225371,194.2985155051787
13675.25,531.4635357042746,683.1286063539245,480.5994961225371,194.2985155051787
13680.25,531.4635357042746,683.1286063539245,480.5994961225371,194.2985155051787
13685.25,531.4635357042746,683.1286063539245,480.5994961225371,194.2985155051787
13690.25,531.4635357042746,683.1286063539245,480.5994961225371,194.2985155051787
13695.25,531.4635357042746,683.1286063539245,480.5994961225371,194.2985155051787
13700.25,531.4635357042746,683.1286063539245,480.5994961225371,194.2985155051787
13705.25,531.4635357042746,683.1286063539245,480.5994961225371,194.2985155051787
13710.25,531.4635357042746,683.1286063539245,480.5994961225371,194.2985155051787
13715.25,531.4635357042746,685.4140756661873,480.5994961225371,194.2985155051787
13720.25,531.4635357042746,685.4140756661873,480.5994961225371,194.2985155051787
13725.25,531.4635357042746,685.4140756661873,480.5994961225371,194.2985155051787
13730.25,534.7392416237929,685.4140756661873,480.5994961225371,194.2985155051787
13735.25,534.7392416237929,685.4140756661873,480.5994961225371,203.50483461985246
13740.25,534.7392416237929,685.4140756661873,480.5994961225371,203.50483461985246
13745.25,534.7392416237929,690.9639936140074,492.6889611718995,203.50483461985246
13750.25,534.7392416237929,690.9639936140074,492.6889611718995,203.50483461985246
13755.25,534.7392416237929,690.9639936140074,492.6889611718995,203.50483461985246
13760.25,534.7392416237929,690.9639936140074,492.6889611718995,203.50483461985246
13765.25,534.7392416237929,690.9639936140074,492.6889611718995,203.50483461985246
13770.25,534.7392416237929,690.9639936140074,492.6889611718995,203.50483461985246
13775.25,534.7392416237929,690.9639936140074,492.6889611718995,203.50483461985246
13780.25,534.7392416237929,690.9639936140074,492.6889611718995,203.50483461985246
13785.25,534.7392416237929,690.9639936140074,492.6889611718995,203.50483461985246
13790.25,534.7392416237929,690.9639936140074,492.6889611718995,203.50483461985246
13795.25,534.7392416237929,690.9639936140074,492.6889611718995,203.50483461985246
13800.25,534.7392416237929,690.9639936140074,494.28350760773725,203.50483461985246
13805.25,538.8616718162161,690.9639936140074,494.28350760773725,203.50483461985246
13810.25,538.8616718162161,693.4315387716018,494.28350760773725,203.50483461985246
13815.25,538.8616718162161,693.4315387716018,494.28350760773725,203.50483461985246
13820.25,543.3915240099742,693.4315387716018,494.28350760773725,203.50483461985246
13825.25,543.3915240099742,693.4315387716018,494.28350760773725,203.50483461985246
13830.25,543.3915240099742,693.4315387716018,494.28350760773725,203.50483461985246
13835.25,543.3915240099742,693.4315387716018,494.28350760773725,203.50483461985246
13840.25,543.3915240099742,693.4315387716018,494.28350760773725,205.78258971664349
13845.25,543.3915240099742,693.4315387716018,494.28350760773725,205.78258971664349
13850.25,543.3915240099742,693.4315387716018,494.28350760773725,205.78258971664349
13855.25,543.3915240099742,693.4315387716018,494.28350760773725,205.78258971664349
13860.25,547.0144495176252,693.4315387716018,494.28350760773725,205.78258971664349
13865.25,547.0144495176252,693.4315387716018,494.28350760773725,205.78258971664349
13870.25,547.0144495176252,693.4315387716018,494.28350760773725,205.78258971664349
13875.25,547.0144495176252,693.4315387716018,494.28350760773725,205.78258971664349
13880.25,547.0144495176252,693.4315387716018,494.28350760773725,205.78258971664349
13885.25,547.0144495176252,693.4315387716018,494.28350760773725,205.78258971664349
13890.25,547.0144495176252,693.4315387716018,494.28350760773725,205.78258971664349
13895.25,547.0144495176252,693.4315387716018,494.28350760773725,205.78258971664349
13900.25,547.0144495176252,693.4315387716018,494.28350760773725,205.78258971664349
13905.25,547.0144495176252,693.4315387716018,494.28350760773725,205.78258971664349
13910.25,547.0144495176252,693.4315387716018,494.28350760773725,205.78258971664349
13915.25,547.0144495176252,693.4315387716018,494.28350760773725,205.78258971664349
13920.25,547.0144495176252,693.4315387716018,494.28350760773725,205.78258971664349
13925.25,547.0144495176252,693.4315387716018,497.56432908454525,205.78258971664349
13930.25,547.0144495176252,693.4315387716018,497.56432908454525,205.78258971664349
13935.25,547.0144495176252,693.4315387716018,497.56432908454525,205.78258971664349
13940.25,547.0144495176252,693.4315387716018,497.56432908454525,205.78258971664349
13945.25,551.7793479895115,693.4315387716018,497.56432908454525,205.78258971664349
13950.25,551.7793479895115,693.4315387716018,497.56432908454525,209.66201948502874
13955.25,555.9919070610136,693.4315387716018,497.56432908454525,209.66201948502874
13960.25,555.9919070610136,696.6112441127716,497.56432908454525,209.66201948502874
13965.25,555.9919070610136,696.6112441127716,497.56432908454525,209.66201948502874
13970.25,555.9919070610136,698.8769939314391,497.56432908454525,209.66201948502874
13975.25,560.6683727689554,698.8769939314391,497.56432908454525,209.66201948502874
13980.25,560.6683727689554,698.8769939314391,497.56432908454525,209.66201948502874
13985.25,560.6683727689554,698.8769939314391,497.56432908454525,209.66201948502874
13990.25,560.6683727689554,698.8769939314391,497.56432908454525,209.66201948502874
13995.25,560.6683727689554,698.8769939314391,497.56432908454525,209.66201948502874
14000.25,560.6683727689554,698.8769939314391,497.56432908454525,209.66201948502874
14005.25,560.6683727689554,698.8769939314391,497.56432908454525,209.66201948502874
14010.25,564.0263562623373,698.8769939314391,497.56432908454525,209.66201948502874
14015.25,564.0263562623373,698.8769939314391,497.56432908454525,209.66201948502874
14020.25,564.0263562623373,704.3498214147137,497.56432908454525,209.66201948502874
14025.25,564.0263562623373,704.3498214147137,497.56432908454525,209.66201948502874
14030.25,564.0263562623373,704.3498214147137,497.56432908454525,209.66201948502874
14035.25,567.4505678475344,704.3498214147137,497.56432908454525,209.66201948502874
14040.25,567.4505678475344,704.3498214147137,497.56432908454525,209.66201948502874
14045.25,567.4505678475344,704.3498214147137,497.56432908454525,209.66201948502874
14050.25,567.4505678475344,704.3498214147137,497.56432908454525,209.66201948502874
14055.25,567.4505678475344,704.3498214147137,497.56432908454525,209.66201948502874
14060.25,567.4505678475344,704.3498214147137,497.56432908454525,209.66201948502874
14065.25,567.4505678475344,704.3498214147137,497.56432908454525,209.66201948502874
14070.25,571.6596606112255,707.7291246499973,497.56432908454525,209.66201948502874
14075.25,571.6596606112255,707.7291246499973,497.56432908454525,209.66201948502874
14080.25,571.6596606112255,707.7291246499973,497.56432908454525,209.66201948502874
14085.25,571.6596606112255,707.7291246499973,497.56432908454525,209.66201948502874
14090.25,571.6596606112255,707.7291246499973,497.56432908454525,209.66201948502874
14095.25,571.6596606112255,707.7291246499973,497.56432908454525,209.66201948502874
14100.25,571.6596606112255,707.7291246499973,497.56432908454525,209.66201948502874
14105.25,571.6596606112255,707.7291246499973,497.56432908454525,209.66201948502874
14110.25,571.6596606112255,707.7291246499973,500.43785443171413,209.66201948502874
14115.25,571.6596606112255,707.7291246499973,500.43785443171413,210.4481012767789
14120.25,571.6596606112255,707.7291246499973,500.43785443171413,210.4481012767789
14125.25,571.6596606112255,707.7291246499973,500.43785443171413,210.4481012767789
14130.25,571.6596606112255,707.7291246499973,500.43785443171413,210.4481012767789
14135.25,571.6596606112255,707.7291246499973,500.43785443171413,210.4481012767789
14140.25,571.6596606112255,707.7291246499973,500.43785443171413,210.4481012767789
14145.25,571.6596606112255,707.7291246499973,500.43785443171413,210.4481012767789
14150.25,571.6596606112255,709.9408461532356,500.43785443171413,210.4481012767789
14155.25,571.6596606112255,709.9408461532356,500.43785443171413,210.4481012767789
14160.25,571.6596606112255,709.9408461532356,500.43785443171413,210.4481012767789
14165.25,571.6596606112255,709.9408461532356,500.43785443171413,210.4481012767789
14170.25,574.8584705386119,709.9408461532356,500.43785443171413,210.4481012767789
14175.25,574.8584705386119,716.1759260683489,500.43785443171413,210.4481012767789
14180.25,574.8584705386119,716.1759260683489,500.43785443171413,210.4481012767789
14185.25,574.8584705386119,720.5717346913015,500.43785443171413,210.4481012767789
14190.25,574.8584705386119,720.5717346913015,500.43785443171413,210.4481012767789
14195.25,574.8584705386119,725.6355355023966,506.060502636722,210.4481012767789
14200.25,574.8584705386119,725.6355355023966,506.060502636722,210.4481012767789
14205.25,574.8584705386119,725.6355355023966,506.060502636722,210.4481012767789
14210.25,574.8584705386119,725.6355355023966,506.060502636722,210.4481012767789
14215.25,574.8584705386119,725.6355355023966,506.060502636722,210.4481012767789
14220.25,574.8584705386119,725.6355355023966,506.060502636722,210.4481012767789
14225.25,574.8584705386119,725.6355355023966,506.060502636722,210.4481012767789
14230.25,574.8584705386119,725.6355355023966,506.060502636722,210.4481012767789
14235.25,574.8584705386119,725.6355355023966,506.060502636722,210.4481012767789
14240.25,574.8584705386119,725.6355355023966,506.060502636722,210.4481012767789
14245.25,574.8584705386119,725.6355355023966,506.060502636722,210.4481012767789
14250.25,574.8584705386119,729.0473869543888,506.060502636722,210.4481012767789
14255.25,574.8584705386119,729.0473869543888,506.060502636722,210.4481012767789
14260.25,576.9728176149694,729.0473869543888,506.060502636722,210.4481012767789
14265.25,581.9232168407414,730.2718863241233,506.060502636722,210.4481012767789
14270.25,581.9232168407414,730.2718863241233,506.060502636722,210.4481012767789
14275.25,581.9232168407414,730.2718863241233,506.060502636722,210.4481012767789
14280.25,581.9232168407414,730.2718863241233,506.060502636722,210.4481012767789
14285.25,581.9232168407414,730.2718863241233,506.060502636722,210.4481012767789
14290.25,581.9232168407414,730.2718863241233,506.060502636722,210.4481012767789
14295.25,581.9232168407414,730.2718863241233,506.060502636722,210.4481012767789
14300.25,581.9232168407414,730.2718863241233,506.060502636722,210.4481012767789
14305.25,581.9232168407414,730.2718863241233,506.060502636722,210.4481012767789
14310.25,581.9232168407414,730.2718863241233,506.060502636722,210.4481012767789
14315.25,581.9232168407414,730.2718863241233,506.060502636722,211.63846781152287
14320.25,581.9232168407414,730.2718863241233,506.060502636722,211.63846781152287
14325.25,581.9232168407414,730.2718863241233,506.060502636722,211.63846781152287
14330.25,581.9232168407414,730.2718863241233,506.060502636722,211.63846781152287
14335.25,581.9232168407414,730.2718863241233,506.060502636722,211.63846781152287
14340.25,581.9232168407414,730.2718863241233,506.060502636722,211.63846781152287
14345.25,581.9232168407414,730.2718863241233,506.060502636722,211.63846781152287
14350.25,581.9232168407414,736.0624989523457,506.060502636722,211.63846781152287
14355.25,581.9232168407414,736.0624989523457,506.060502636722,211.63846781152287
14360.25,581.9232168407414,736.0624989523457,506.060502636722,211.63846781152287
14365.25,581.9232168407414,736.0624989523457,506.060502636722,211.63846781152287
14370.25,581.9232168407414,740.0993358580739,506.060502636722,211.63846781152287
14375.25,581.9232168407414,743.5625886052995,506.060502636722,211.63846781152287
14380.25,581.9232168407414,743.5625886052995,506.060502636722,211.63846781152287
14385.25,581.9232168407414,743.5625886052995,506.060502636722,211.63846781152287
14390.25,581.9232168407414,743.5625886052995,506.060502636722,211.63846781152287
14395.25,584.8721347568099,743.5625886052995,509.14078484391797,211.63846781152287
14400.25,589.5207891636741,743.5625886052995,509.14078484391797,211.63846781152287
14405.25,589.5207891636741,743.5625886052995,509.14078484391797,211.63846781152287
14410.25,589.5207891636741,745.7518285233951,509.14078484391797,211.63846781152287
14415.25,589.5207891636741,745.7518285233951,509.14078484391797,211.63846781152287
14420.25,589.5207891636741,745.7518285233951,509.14078484391797,211.63846781152287
14425.25,589.5207891636741,745.7518285233951,509.14078484391797,211.63846781152287
14430.25,589.5207891636741,745.7518285233951,509.14078484391797,211.63846781152287
14435.25,589.5207891636741,745.7518285233951,509.14078484391797,211.63846781152287
14440.25,589.5207891636741,745.7518285233951,509.14078484391797,211.63846781152287
14445.25,589.5207891636741,745.7518285233951,509.14078484391797,211.63846781152287
14450.25,589.5207891636741,745.7518285233951,509.14078484391797,211.63846781152287
14455.25,589.5207891636741,745.7518285233951,509.14078484391797,211.63846781152287
14460.25,589.5207891636741,745.7518285233951,509.14078484391797,211.63846781152287
14465.25,589.5207891636741,745.7518285233951,509.14078484391797,211.63846781152287
14470.25,589.5207891636741,745.7518285233951,509.14078484391797,211.63846781152287
14475.25,589.5207891636741,754.123643939304,509.14078484391797,211.63846781152287
14480.25,589.5207891636741,754.123643939304,509.14078484391797,211.63846781152287
14485.25,589.5207891636741,754.123643939304,509.14078484391797,211.63846781152287
14490.25,589.5207891636741,754.123643939304,509.14078484391797,211.63846781152287
14495.25,589.5207891636741,754.123643939304,509.14078484391797,211.63846781152287
14500.25,589.5207891636741,754.123643939304,513.7819563518029,211.63846781152287
14505.25,589.5207891636741,754.123643939304,518.2783781469353,211.63846781152287
14510.25,589.5207891636741,754.123643939304,518.2783781469353,211.63846781152287
14515.25,589.5207891636741,754.123643939304,518.2783781469353,211.63846781152287
14520.25,589.5207891636741,754.123643939304,518.2783781469353,211.63846781152287
14525.25,589.5207891636741,754.123643939304,518.2783781469353,211.63846781152287
14530.25,591.0091469867036,757.6997206547061,518.2783781469353,211.63846781152287
14535.25,591.0091469867036,757.6997206547061,518.2783781469353,211.63846781152287
14540.25,591.0091469867036,757.6997206547061,518.2783781469353,211.63846781152287
14545.25,591.0091469867036,757.6997206547061,518.2783781469353,211.63846781152287
14550.25,591.0091469867036,757.6997206547061,518.2783781469353,211.63846781152287
14555.25,591.0091469867036,759.9289775982942,518.2783781469353,211.63846781152287
14560.25,591.0091469867036,759.9289775982942,518.2783781469353,211.63846781152287
14565.25,591.0091469867036,759.9289775982942,518.2783781469353,211.63846781152287
14570.25,591.0091469867036,759.9289775982942,518.2783781469353,211.63846781152287
14575.25,591.0091469867036,759.9289775982942,518.2783781469353,211.63846781152287
14580.25,591.0091469867036,759.9289775982942,518.2783781469353,211.63846781152287
14585.25,591.0091469867036,759.9289775982942,518.2783781469353,211.63846781152287
14590.25,591.0091469867036,759.9289775982942,518.2783781469353,211.63846781152287
14595.25,591.0091469867036,759.9289775982942,518.2783781469353,221.195221293584
14600.25,591.0091469867036,759.9289775982942,518.2783781469353,221.195221293584
14605.25,591.0091469867036,759.9289775982942,518.2783781469353,221.195221293584
14610.25,591.0091469867036,759.9289775982942,518.2783781469353,221.195221293584
14615.25,591.0091469867036,764.4049607538229,518.2783781469353,221.195221293584
14620.25,591.0091469867036,764.4049607538229,518.2783781469353,221.195221293584
14625.25,591.0091469867036,764.4049607538229,518.2783781469353,221.195221293584
14630.25,591.0091469867036,764.4049607538229,518.2783781469353,221.195221293584
14635.25,595.7316043197396,764.4049607538229,518.2783781469353,221.195221293584
14640.25,595.7316043197396,764.4049607538229,518.2783781469353,221.195221293584
14645.25,595.7316043197396,764.4049607538229,518.2783781469353,221.195221293584
14650.25,595.7316043197396,772.1363492607559,518.2783781469353,221.195221293584
14655.25,597.0712064519099,772.1363492607559,518.2783781469353,221.195221293584
14660.25,597.0712064519099,772.1363492607559,518.2783781469353,221.195221293584
14665.25,597.0712064519099,772.1363492607559,518.2783781469353,221.195221293584
14670.25,597.0712064519099,772.1363492607559,521.544593968148,221.195221293584
14675.25,597.0712064519099,772.1363492607559,521.544593968148,221.195221293584
14680.25,597.0712064519099,777.1962584350717,521.544593968148,221.195221293584
14685.25,597.0712064519099,777.1962584350717,521.544593968148,221.195221293584
14690.25,597.0712064519099,777.1962584350717,521.544593968148,221.195221293584
14695.25,597.0712064519099,777.1962584350717,521.544593968148,221.195221293584
14700.25,597.0712064519099,777.1962584350717,521.544593968148,221.195221293584
14705.25,597.0712064519099,777.1962584350717,521.544593968148,221.195221293584
14710.25,597.0712064519099,777.1962584350717,521.544593968148,221.195221293584
14715.25,597.0712064519099,777.1962584350717,521.544593968148,221.195221293584
14720.25,597.0712064519099,777.1962584350717,521.544593968148,221.195221293584
14725.25,597.0712064519099,777.1962584350717,521.544593968148,221.195221293584
14730.25,597.0712064519099,777.1962584350717,521.544593968148,221.195221293584
14735.25,600.7883741819943,777.1962584350717,521.544593968148,221.195221293584
14740.25,603.9004173719698,777.1962584350717,521.544593968148,221.195221293584
14745.25,603.9004173719698,777.1962584350717,521.544593968148,221.195221293584
14750.25,603.9004173719698,779.7092390584693,530.2534755603551,221.195221293584
14755.25,603.9004173719698,779.7092390584693,530.2534755603551,221.195221293584
14760.25,603.9004173719698,779.7092390584693,530.2534755603551,221.195221293584
14765.25,603.9004173719698,779.7092390584693,530.2534755603551,221.195221293584
14770.25,603.9004173719698,779.7092390584693,530.2534755603551,221.195221293584
14775.25,603.9004173719698,779.7092390584693,530.2534755603551,221.195221293584
14780.25,603.9004173719698,779.7092390584693,530.2534755603551,221.195221293584
14785.25,603.9004173719698,779.7092390584693,530.2534755603551,221.195221293584
14790.25,603.9004173719698,783.960987764959,530.2534755603551,221.195221293584
14795.25,603.9004173719698,783.960987764959,530.2534755603551,221.195221293584
14800.25,603.9004173719698,783.960987764959,530.2534755603551,221.195221293584
14805.25,603.9004173719698,783.960987764959,530.2534755603551,221.195221293584
14810.25,603.9004173719698,783.960987764959,533.5628803492673,221.195221293584
14815.25,609.0614096370934,783.960987764959,533.5628803492673,221.195221293584
14820.25,609.0614096370934,783.960987764959,533.5628803492673,221.195221293584
14825.25,609.0614096370934,783.960987764959,533.5628803492673,221.195221293584
14830.25,609.0614096370934,783.960987764959,533.5628803492673,221.195221293584
14835.25,609.0614096370934,783.960987764959,533.5628803492673,221.195221293584
14840.25,609.0614096370934,783.960987764959,533.5628803492673,221.195221293584
14845.25,609.0614096370934,783.960987764959,533.5628803492673,221.195221293584
14850.25,609.0614096370934,783.960987764959,533.5628803492673,221.195221293584
14855.25,609.0614096370934,783.960987764959,533.5628803492673,221.195221293584
14860.25,609.0614096370934,783.960987764959,533.5628803492673,221.195221293584
14865.25,609.0614096370934,783.960987764959,533.5628803492673,221.195221293584
14870.25,609.0614096370934,783.960987764959,533.5628803492673,221.195221293584
14875.25,614.1811209134967,783.960987764959,533.5628803492673,221.195221293584
14880.25,614.1811209134967,783.960987764959,533.5628803492673,222.1013606825175
14885.25,614.1811209134967,783.960987764959,533.5628803492673,222.1013606825175
14890.25,614.1811209134967,783.960987764959,533.5628803492673,222.1013606825175
14895.25,614.1811209134967,791.4778204149496,533.5628803492673,222.1013606825175
14900.25,614.1811209134967,791.4778204149496,533.5628803492673,222.1013606825175
14905.25,614.1811209134967,791.4778204149496,533.5628803492673,222.1013606825175
14910.25,614.1811209134967,796.3353827380769,533.5628803492673,222.1013606825175
14915.25,614.1811209134967,796.3353827380769,533.5628803492673,222.1013606825175
14920.25,614.1811209134967,796.3353827380769,533.5628803492673,222.1013606825175
14925.25,614.1811209134967,796.3353827380769,533.5628803492673,222.1013606825175
14930.25,614.1811209134967,796.3353827380769,533.5628803492673,222.1013606825175
14935.25,614.1811209134967,796.3353827380769,533.5628803492673,225.70606614821793
14940.25,614.1811209134967,796.3353827380769,533.5628803492673,225.70606614821793
14945.25,614.1811209134967,796.3353827380769,533.5628803492673,225.70606614821793
14950.25,614.1811209134967,800.2329512849022,533.5628803492673,225.70606614821793
14955.25,614.1811209134967,800.2329512849022,533.5628803492673,225.70606614821793
14960.25,614.1811209134967,800.2329512849022,533.5628803492673,225.70606614821793
14965.25,614.1811209134967,800.2329512849022,533.5628803492673,225.70606614821793
14970.25,614.1811209134967,800.2329512849022,533.5628803492673,225.70606614821793
14975.25,614.1811209134967,800.2329512849022,535.2250377826706,225.70606614821793
14980.25,614.1811209134967,800.2329512849022,535.2250377826706,225.70606614821793
14985.25,614.1811209134967,800.2329512849022,535.2250377826706,225.70606614821793
14990.25,614.1811209134967,800.2329512849022,535.2250377826706,225.70606614821793
14995.25,614.1811209134967,800.2329512849022,535.2250377826706,225.70606614821793
15000.25,614.1811209134967,800.2329512849022,535.2250377826706,225.70606614821793
15005.25,614.1811209134967,800.2329512849022,535.2250377826706,225.70606614821793
15010.25,618.9253915898291,800.2329512849022,535.2250377826706,225.70606614821793
15015.25,618.9253915898291,800.2329512849022,535.2250377826706,225.70606614821793
15020.25,618.9253915898291,800.2329512849022,535.2250377826706,225.70606614821793
15025.25,618.9253915898291,800.2329512849022,535.2250377826706,225.70606614821793
15030.25,618.9253915898291,800.2329512849022,535.2250377826706,225.70606614821793
15035.25,618.9253915898291,800.2329512849022,535.2250377826706,225.70606614821793
15040.25,618.9253915898291,800.2329512849022,535.2250377826706,225.70606614821793
15045.25,621.8336799370189,800.2329512849022,535.2250377826706,225.70606614821793
15050.25,621.8336799370189,802.5924645892238,535.2250377826706,225.70606614821793
15055.25,621.8336799370189,802.5924645892238,545.2327165801189,225.70606614821793
15060.25,621.8336799370189,802.5924645892238,545.2327165801189,225.70606614821793
15065.25,621.8336799370189,802.5924645892238,545.2327165801189,225.70606614821793
15070.25,622.9805540686775,802.5924645892238,545.2327165801189,225.70606614821793
15075.25,622.9805540686775,802.5924645892238,545.2327165801189,225.70606614821793
15080.25,622.9805540686775,802.5924645892238,545.2327165801189,228.0151783883092
15085.25,622.9805540686775,802.5924645892238,545.2327165801189,228.0151783883092
15090.25,622.9805540686775,806.4483554389719,545.2327165801189,228.0151783883092
15095.25,622.9805540686775,806.4483554389719,545.2327165801189,228.0151783883092
15100.25,626.2641973397346,806.4483554389719,545.2327165801189,228.0151783883092
15105.25,626.2641973397346,806.4483554389719,545.2327165801189,228.0151783883092
15110.25,626.2641973397346,806.4483554389719,545.2327165801189,228.0151783883092
15115.25,626.2641973397346,806.4483554389719,545.2327165801189,228.0151783883092
15120.25,626.2641973397346,806.4483554389719,545.2327165801189,228.0151783883092
15125.25,626.2641973397346,806.4483554389719,548.1755493748308,228.0151783883092
15130.25,626.2641973397346,806.4483554389719,548.1755493748308,228.0151783883092
15135.25,626.2641973397346,806.4483554389719,548.1755493748308,228.0151783883092
15140.25,626.2641973397346,806.4483554389719,548.1755493748308,228.0151783883092
15145.25,626.2641973397346,809.0520291142799,548.1755493748308,228.0151783883092
15150.25,626.2641973397346,809.0520291142799,548.1755493748308,228.0151783883092
15155.25,626.2641973397346,809.0520291142799,555.9827893242067,228.0151783883092
15160.25,626.2641973397346,809.0520291142799,555.9827893242067,228.0151783883092
15165.25,626.2641973397346,809.0520291142799,555.9827893242067,228.0151783883092
15170.25,626.2641973397346,809.0520291142799,555.9827893242067,228.0151783883092
15175.25,626.2641973397346,809.0520291142799,555.9827893242067,228.0151783883092
15180.25,626.2641973397346,809.0520291142799,555.9827893242067,228.0151783883092
15185.25,626.2641973397346,809.0520291142799,555.9827893242067,228.0151783883092
15190.25,626.2641973397346,809.0520291142799,555.9827893242067,228.0151783883092
15195.25,626.2641973397346,809.0520291142799,555.9827893242067,228.0151783883092
15200.25,626.2641973397346,809.0520291142799,555.9827893242067,228.0151783883092
15205.25,626.2641973397346,809.0520291142799,555.9827893242067,228.0151783883092
15210.25,626.2641973397346,809.0520291142799,555.9827893242067,228.0151783883092
15215.25,626.2641973397346,809.0520291142799,555.9827893242067,228.0151783883092
15220.25,626.2641973397346,809.0520291142799,555.9827893242067,228.0151783883092
15225.25,626.2641973397346,809.0520291142799,555.9827893242067,228.0151783883092
15230.25,626.2641973397346,809.0520291142799,555.9827893242067,228.0151783883092
15235.25,626.2641973397346,809.0520291142799,555.9827893242067,228.0151783883092
15240.25,626.2641973397346,809.0520291142799,555.9827893242067,228.0151783883092
15245.25,626.2641973397346,809.0520291142799,555.9827893242067,228.0151783883092
15250.25,626.2641973397346,809.0520291142799,555.9827893242067,228.0151783883092
15255.25,626.2641973397346,809.0520291142799,561.2021335052543,228.0151783883092
15260.25,626.2641973397346,809.0520291142799,570.7009282663788,228.0151783883092
15265.25,626.2641973397346,812.695683472712,570.7009282663788,228.0151783883092
15270.25,630.9014974607271,812.695683472712,570.7009282663788,228.0151783883092
15275.25,630.9014974607271,812.695683472712,570.7009282663788,228.0151783883092
15280.25,630.9014974607271,812.695683472712,570.7009282663788,228.0151783883092
15285.25,630.9014974607271,812.695683472712,575.2635933316917,228.0151783883092
15290.25,630.9014974607271,812.695683472712,575.2635933316917,228.0151783883092
15295.25,630.9014974607271,812.695683472712,575.2635933316917,228.0151783883092
15300.25,630.9014974607271,816.9022092344823,575.2635933316917,228.0151783883092
15305.25,630.9014974607271,816.9022092344823,575.2635933316917,228.0151783883092
15310.25,630.9014974607271,816.9022092344823,575.2635933316917,230.25477603023617
15315.25,630.9014974607271,816.9022092344823,575.2635933316917,230.25477603023617
15320.25,630.9014974607271,816.9022092344823,575.2635933316917,230.25477603023617
15325.25,630.9014974607271,819.2427713741337,575.2635933316917,230.25477603023617
15330.25,630.9014974607271,819.2427713741337,575.2635933316917,230.25477603023617
15335.25,635.1425724377713,819.2427713741337,575.2635933316917,230.25477603023617
15340.25,635.1425724377713,819.2427713741337,575.2635933316917,230.25477603023617
15345.25,635.1425724377713,819.2427713741337,575.2635933316917,230.25477603023617
15350.25,635.1425724377713,819.2427713741337,575.2635933316917,230.25477603023617
15355.25,635.1425724377713,819.2427713741337,575.2635933316917,230.25477603023617
15360.25,636.4101682966866,824.714969890502,575.2635933316917,230.25477603023617
15365.25,636.4101682966866,824.714969890502,575.2635933316917,230.25477603023617
15370.25,641.5207858509124,824.714969890502,575.2635933316917,230.25477603023617
15375.25,646.0959377801933,824.714969890502,575.2635933316917,230.25477603023617
15380.25,646.0959377801933,824.714969890502,575.2635933316917,230.25477603023617
15385.25,646.0959377801933,824.714969890502,575.2635933316917,230.25477603023617
15390.25,646.0959377801933,824.714969890502,575.2635933316917,230.25477603023617
15395.25,646.0959377801933,824.714969890502,575.2635933316917,230.25477603023617
15400.25,646.0959377801933,824.714969890502,575.2635933316917,230.25477603023617
15405.25,646.0959377801933,824.714969890502,575.2635933316917,230.25477603023617
15410.25,646.0959377801933,824.714969890502,575.2635933316917,230.25477603023617
15415.25,646.0959377801933,824.714969890502,575.2635933316917,230.25477603023617
15420.25,646.0959377801933,824.714969890502,575.2635933316917,230.25477603023617
15425.25,646.0959377801933,824.714969890502,577.6444235093653,230.25477603023617
15430.25,646.0959377801933,824.714969890502,577.6444235093653,230.25477603023617
15435.25,646.0959377801933,824.714969890502,577.6444235093653,230.25477603023617
15440.25,646.0959377801933,824.714969890502,577.6444235093653,230.25477603023617
15445.25,646.0959377801933,824.714969890502,577.6444235093653,230.25477603023617
15450.25,646.0959377801933,824.714969890502,577.6444235093653,230.25477603023617
15455.25,646.0959377801933,824.714969890502,577.6444235093653,230.25477603023617
15460.25,646.0959377801933,824.714969890502,577.6444235093653,230.25477603023617
15465.25,646.0959377801933,824.714969890502,577.6444235093653,230.25477603023617
15470.25,646.0959377801933,824.714969890502,577.6444235093653,230.25477603023617
15475.25,646.0959377801933,824.714969890502,577.6444235093653,230.25477603023617
15480.25,646.0959377801933,825.75138102993,577.6444235093653,230.25477603023617
15485.25,646.0959377801933,825.75138102993,577.6444235093653,230.25477603023617
15490.25,646.0959377801933,825.75138102993,577.6444235093653,230.25477603023617
15495.25,646.0959377801933,825.75138102993,577.6444235093653,230.25477603023617
15500.25,648.1606008031697,825.75138102993,577.6444235093653,230.25477603023617
15505.25,648.1606008031697,831.3493007054224,580.479596387741,230.25477603023617
15510.25,648.1606008031697,831.3493007054224,580.479596387741,230.25477603023617
15515.25,648.1606008031697,831.3493007054224,580.479596387741,230.25477603023617
15520.25,648.1606008031697,831.3493007054224,585.6577711373044,230.25477603023617
15525.25,648.1606008031697,831.3493007054224,585.6577711373044,230.25477603023617
15530.25,648.1606008031697,831.3493007054224,585.6577711373044,230.25477603023617
15535.25,648.1606008031697,831.3493007054224,585.6577711373044,230.25477603023617
15540.25,648.1606008031697,836.4280400757732,585.6577711373044,230.25477603023617
15545.25,648.1606008031697,836.4280400757732,585.6577711373044,230.25477603023617
15550.25,648.1606008031697,836.4280400757732,585.6577711373044,230.25477603023617
15555.25,648.1606008031697,836.4280400757732,585.6577711373044,230.25477603023617
15560.25,648.1606008031697,836.4280400757732,585.6577711373044,230.25477603023617
15565.25,648.1606008031697,836.4280400757732,585.6577711373044,230.25477603023617
15570.25,648.1606008031697,836.4280400757732,585.6577711373044,230.25477603023617
15575.25,648.1606008031697,836.4280400757732,585.6577711373044,232.8174945581525
15580.25,648.1606008031697,840.0014596892977,585.6577711373044,232.8174945581525
15585.25,648.1606008031697,840.0014596892977,585.6577711373044,232.8174945581525
15590.25,648.1606008031697,840.0014596892977,585.6577711373044,232.8174945581525
15595.25,648.1606008031697,842.397420956042,585.6577711373044,232.8174945581525
15600.25,648.1606008031697,842.397420956042,585.6577711373044,232.8174945581525
15605.25,648.1606008031697,842.397420956042,585.6577711373044,232.8174945581525
15610.25,648.1606008031697,842.397420956042,585.6577711373044,232.8174945581525
15615.25,648.1606008031697,842.397420956042,585.6577711373044,232.8174945581525
15620.25,648.1606008031697,842.397420956042,585.6577711373044,232.8174945581525
15625.25,648.1606008031697,842.397420956042,585.6577711373044,232.8174945581525
15630.25,648.1606008031697,842.397420956042,585.6577711373044,232.8174945581525
15635.25,648.1606008031697,842.397420956042,585.6577711373044,232.8174945581525
15640.25,653.3605016628499,842.397420956042,585.6577711373044,232.8174945581525
15645.25,653.3605016628499,842.397420956042,585.6577711373044,232.8174945581525
15650.25,653.3605016628499,842.397420956042,585.6577711373044,232.8174945581525
15655.25,653.3605016628499,842.397420956042,585.6577711373044,232.8174945581525
15660.25,653.3605016628499,842.397420956042,585.6577711373044,232.8174945581525
15665.25,653.3605016628499,842.397420956042,585.6577711373044,232.8174945581525
15670.25,653.3605016628499,842.397420956042,585.6577711373044,232.8174945581525
15675.25,653.3605016628499,842.397420956042,585.6577711373044,232.8174945581525
15680.25,653.3605016628499,851.8855583598493,585.6577711373044,232.8174945581525
15685.25,653.3605016628499,851.8855583598493,585.6577711373044,232.8174945581525
15690.25,653.3605016628499,851.8855583598493,585.6577711373044,232.8174945581525
15695.25,653.3605016628499,856.882718959293,585.6577711373044,232.8174945581525
15700.25,653.3605016628499,856.882718959293,585.6577711373044,232.8174945581525
15705.25,653.3605016628499,859.3649209123452,585.6577711373044,232.8174945581525
15710.25,653.3605016628499,859.3649209123452,585.6577711373044,232.8174945581525
15715.25,653.3605016628499,862.857162832421,589.8632404493517,232.8174945581525
15720.25,653.3605016628499,862.857162832421,589.8632404493517,232.8174945581525
15725.25,653.3605016628499,862.857162832421,589.8632404493517,232.8174945581525
15730.25,653.3605016628499,866.3953823574254,589.8632404493517,232.8174945581525
15735.25,653.3605016628499,866.3953823574254,589.8632404493517,232.8174945581525
15740.25,653.3605016628499,866.3953823574254,589.8632404493517,232.8174945581525
15745.25,653.3605016628499,866.3953823574254,589.8632404493517,232.8174945581525
15750.25,653.3605016628499,866.3953823574254,589.8632404493517,232.8174945581525
15755.25,653.3605016628499,866.3953823574254,589.8632404493517,232.8174945581525
15760.25,653.3605016628499,866.3953823574254,589.8632404493517,232.8174945581525
15765.25,653.3605016628499,866.3953823574254,589.8632404493517,232.8174945581525
15770.25,653.3605016628499,866.3953823574254,589.8632404493517,232.8174945581525
15775.25,653.3605016628499,866.3953823574254,589.8632404493517,232.8174945581525
15780.25,653.3605016628499,866.3953823574254,589.8632404493517,232.8174945581525
15785.25,653.3605016628499,869.622141563483,589.8632404493517,232.8174945581525
15790.25,653.3605016628499,869.622141563483,589.8632404493517,232.8174945581525
15795.25,653.3605016628499,869.622141563483,589.8632404493517,232.8174945581525
15800.25,653.3605016628499,869.622141563483,589.8632404493517,232.8174945581525
15805.25,653.3605016628499,869.622141563483,589.8632404493517,232.8174945581525
15810.25,653.3605016628499,869.622141563483,589.8632404493517,232.8174945581525
15815.25,653.3605016628499,873.3959126485183,589.8632404493517,232.8174945581525
15820.25,653.3605016628499,873.3959126485183,589.8632404493517,232.8174945581525
15825.25,653.3605016628499,873.3959126485183,589.8632404493517,232.8174945581525
15830.25,653.3605016628499,873.3959126485183,594.0619530272362,232.8174945581525
15835.25,653.3605016628499,873.3959126485183,594.0619530272362,232.8174945581525
15840.25,653.3605016628499,877.0439002528287,594.0619530272362,232.8174945581525
15845.25,653.3605016628499,877.0439002528287,594.0619530272362,232.8174945581525
15850.25,653.3605016628499,877.0439002528287,594.0619530272362,232.8174945581525
15855.25,653.3605016628499,877.0439002528287,594.0619530272362,232.8174945581525
15860.25,653.3605016628499,877.0439002528287,594.0619530272362,232.8174945581525
15865.25,653.3605016628499,877.0439002528287,594.0619530272362,232.8174945581525
15870.25,653.3605016628499,877.0439002528287,594.0619530272362,232.8174945581525
15875.25,653.3605016628499,877.0439002528287,594.0619530272362,232.8174945581525
15880.25,653.3605016628499,879.2971629573257,594.0619530272362,232.8174945581525
15885.25,653.3605016628499,879.2971629573257,594.0619530272362,232.8174945581525
15890.25,653.3605016628499,879.2971629573257,594.0619530272362,232.8174945581525
15895.25,653.3605016628499,879.2971629573257,594.0619530272362,232.8174945581525
15900.25,653.3605016628499,883.406877228896,594.0619530272362,232.8174945581525
15905.25,653.3605016628499,883.406877228896,594.0619530272362,232.8174945581525
15910.25,653.3605016628499,883.406877228896,594.0619530272362,235.3469478610109
15915.25,653.3605016628499,883.406877228896,594.0619530272362,238.73859696808472
15920.25,653.3605016628499,883.406877228896,594.0619530272362,238.73859696808472
15925.25,653.3605016628499,883.406877228896,594.0619530272362,238.73859696808472
15930.25,653.3605016628499,883.406877228896,594.0619530272362,238.73859696808472
15935.25,653.3605016628499,883.406877228896,594.0619530272362,247.51041497996522
15940.25,653.3605016628499,887.0926372529412,594.0619530272362,247.51041497996522
15945.25,653.3605016628499,887.0926372529412,594.0619530272362,247.51041497996522
15950.25,653.3605016628499,887.0926372529412,594.0619530272362,247.51041497996522
15955.25,653.3605016628499,887.0926372529412,594.0619530272362,247.51041497996522
15960.25,653.3605016628499,887.0926372529412,594.0619530272362,247.51041497996522
15965.25,653.3605016628499,887.0926372529412,599.1554637384465,247.51041497996522
15970.25,653.3605016628499,887.0926372529412,599.1554637384465,247.51041497996522
15975.25,653.3605016628499,887.0926372529412,599.1554637384465,247.51041497996522
15980.25,653.3605016628499,887.0926372529412,599.1554637384465,247.51041497996522
15985.25,660.9044446248704,887.0926372529412,599.1554637384465,247.51041497996522
15990.25,660.9044446248704,892.765284699086,599.1554637384465,247.51041497996522
15995.25,660.9044446248704,892.765284699086,599.1554637384465,247.51041497996522
16000.25,660.9044446248704,892.765284699086,599.1554637384465,247.51041497996522
16005.25,660.9044446248704,892.765284699086,599.1554637384465,247.51041497996522
16010.25,660.9044446248704,892.765284699086,599.1554637384465,247.51041497996522
16015.25,660.9044446248704,892.765284699086,599.1554637384465,247.51041497996522
16020.25,660.9044446248704,892.765284699086,599.1554637384465,247.51041497996522
16025.25,660.9044446248704,892.765284699086,599.1554637384465,247.51041497996522
16030.25,660.9044446248704,892.765284699086,599.1554637384465,247.51041497996522
16035.25,660.9044446248704,892.765284699086,599.1554637384465,247.51041497996522
16040.25,660.9044446248704,892.765284699086,599.1554637384465,247.51041497996522
16045.25,660.9044446248704,892.765284699086,599.1554637384465,247.51041497996522
16050.25,660.9044446248704,892.765284699086,599.1554637384465,247.51041497996522
16055.25,660.9044446248704,892.765284699086,599.1554637384465,247.51041497996522
16060.25,660.9044446248704,892.765284699086,599.1554637384465,247.51041497996522
16065.25,660.9044446248704,892.765284699086,599.1554637384465,247.51041497996522
16070.25,660.9044446248704,892.765284699086,599.1554637384465,247.51041497996522
16075.25,660.9044446248704,892.765284699086,599.1554637384465,247.51041497996522
16080.25,660.9044446248704,892.765284699086,599.1554637384465,247.51041497996522
16085.25,660.9044446248704,896.272123808728,599.1554637384465,247.51041497996522
16090.25,660.9044446248704,909.6281317624853,599.1554637384465,247.51041497996522
16095.25,660.9044446248704,913.0110420231513,599.1554637384465,247.51041497996522
16100.25,665.2304136371217,913.0110420231513,599.1554637384465,247.51041497996522
16105.25,665.2304136371217,913.0110420231513,599.1554637384465,247.51041497996522
16110.25,665.2304136371217,913.0110420231513,599.1554637384465,247.51041497996522
16115.25,665.2304136371217,913.0110420231513,602.1091501604596,247.51041497996522
16120.25,665.2304136371217,913.0110420231513,602.1091501604596,247.51041497996522
16125.25,665.2304136371217,913.0110420231513,602.1091501604596,247.51041497996522
16130.25,665.2304136371217,913.0110420231513,602.1091501604596,247.51041497996522
16135.25,665.2304136371217,913.0110420231513,602.1091501604596,247.51041497996522
16140.25,665.2304136371217,913.0110420231513,602.1091501604596,247.51041497996522
16145.25,665.2304136371217,913.0110420231513,602.1091501604596,247.51041497996522
16150.25,665.2304136371217,915.1864805815296,602.1091501604596,247.51041497996522
16155.25,665.2304136371217,915.1864805815296,602.1091501604596,247.51041497996522
16160.25,665.2304136371217,915.1864805815296,602.1091501604596,247.51041497996522
16165.25,665.2304136371217,915.1864805815296,602.1091501604596,247.51041497996522
16170.25,665.2304136371217,915.1864805815296,602.1091501604596,247.51041497996522
16175.25,665.2304136371217,915.1864805815296,602.1091501604596,247.51041497996522
16180.25,665.2304136371217,915.1864805815296,602.1091501604596,247.51041497996522
16185.25,665.2304136371217,915.1864805815296,602.1091501604596,247.51041497996522
16190.25,665.2304136371217,919.5239125904152,602.1091501604596,247.51041497996522
16195.25,665.2304136371217,919.5239125904152,602.1091501604596,247.51041497996522
16200.25,665.2304136371217,919.5239125904152,602.1091501604596,247.51041497996522
16205.25,665.2304136371217,919.5239125904152,607.6358320128645,247.51041497996522
16210.25,665.2304136371217,919.5239125904152,607.6358320128645,247.51041497996522
16215.25,665.2304136371217,919.5239125904152,607.6358320128645,247.51041497996522
16220.25,665.2304136371217,923.6378103410997,607.6358320128645,247.51041497996522
16225.25,667.5721376707982,923.6378103410997,607.6358320128645,247.51041497996522
16230.25,667.5721376707982,923.6378103410997,607.6358320128645,247.51041497996522
16235.25,667.5721376707982,927.091659390284,607.6358320128645,247.51041497996522
16240.25,667.5721376707982,927.091659390284,607.6358320128645,247.51041497996522
16245.25,672.5459477790953,929.542987401393,607.6358320128645,247.51041497996522
16250.25,672.5459477790953,929.542987401393,607.6358320128645,247.51041497996522
16255.25,672.5459477790953,929.542987401393,609.7398558235145,247.51041497996522
16260.25,672.5459477790953,929.542987401393,609.7398558235145,247.51041497996522
16265.25,672.5459477790953,929.542987401393,609.7398558235145,247.51041497996522
16270.25,672.5459477790953,929.542987401393,609.7398558235145,247.51041497996522
16275.25,672.5459477790953,929.542987401393,609.7398558235145,247.51041497996522
16280.25,672.5459477790953,929.542987401393,609.7398558235145,247.51041497996522
16285.25,672.5459477790953,929.542987401393,609.7398558235145,247.51041497996522
16290.25,672.5459477790953,929.542987401393,609.7398558235145,247.51041497996522
16295.25,672.5459477790953,929.542987401393,609.7398558235145,247.51041497996522
16300.25,672.5459477790953,929.542987401393,609.7398558235145,247.51041497996522
16305.25,672.5459477790953,929.542987401393,609.7398558235145,247.51041497996522
16310.25,672.5459477790953,929.542987401393,609.7398558235145,247.51041497996522
16315.25,672.5459477790953,929.542987401393,609.7398558235145,247.51041497996522
16320.25,672.5459477790953,929.542987401393,609.7398558235145,247.51041497996522
16325.25,672.5459477790953,929.542987401393,609.7398558235145,247.51041497996522
16330.25,672.5459477790953,929.542987401393,609.7398558235145,247.51041497996522
16335.25,672.5459477790953,929.542987401393,609.7398558235145,247.51041497996522
16340.25,672.5459477790953,929.542987401393,609.7398558235145,257.2245216136597
16345.25,672.5459477790953,929.542987401393,609.7398558235145,257.2245216136597
16350.25,672.5459477790953,932.015902018074,609.7398558235145,257.2245216136597
16355.25,672.5459477790953,932.015902018074,609.7398558235145,257.2245216136597
16360.25,672.5459477790953,932.015902018074,609.7398558235145,257.2245216136597
16365.25,672.5459477790953,932.015902018074,609.7398558235145,257.2245216136597
16370.25,672.5459477790953,932.015902018074,614.1581931731242,257.2245216136597
16375.25,672.5459477790953,932.015902018074,614.1581931731242,257.2245216136597
16380.25,672.5459477790953,936.8777232217342,614.1581931731242,257.2245216136597
16385.25,672.5459477790953,936.8777232217342,614.1581931731242,257.2245216136597
16390.25,672.5459477790953,936.8777232217342,614.1581931731242,257.2245216136597
16395.25,672.5459477790953,936.8777232217342,614.1581931731242,257.2245216136597
16400.25,672.5459477790953,936.8777232217342,614.1581931731242,257.2245216136597
16405.25,672.5459477790953,936.8777232217342,614.1581931731242,257.2245216136597
16410.25,672.5459477790953,936.8777232217342,614.1581931731242,257.2245216136597
16415.25,672.5459477790953,936.8777232217342,614.1581931731242,257.2245216136597
16420.25,672.5459477790953,936.8777232217342,614.1581931731242,257.2245216136597
16425.25,672.5459477790953,941.0586986353225,618.7840030390081,258.9467245107403
16430.25,672.5459477790953,941.0586986353225,618.7840030390081,258.9467245107403
16435.25,672.5459477790953,941.0586986353225,618.7840030390081,258.9467245107403
16440.25,672.5459477790953,941.0586986353225,618.7840030390081,258.9467245107403
16445.25,672.5459477790953,941.0586986353225,618.7840030390081,258.9467245107403
16450.25,672.5459477790953,941.0586986353225,618.7840030390081,258.9467245107403
16455.25,672.5459477790953,941.0586986353225,618.7840030390081,258.9467245107403
16460.25,672.5459477790953,941.0586986353225,618.7840030390081,258.9467245107403
16465.25,672.5459477790953,946.2413902171031,618.7840030390081,258.9467245107403
16470.25,672.5459477790953,946.2413902171031,621.516678949388,258.9467245107403
16475.25,672.5459477790953,946.2413902171031,621.516678949388,258.9467245107403
16480.25,672.5459477790953,948.6884681877277,621.516678949388,258.9467245107403
16485.25,672.5459477790953,948.6884681877277,621.516678949388,258.9467245107403
16490.25,672.5459477790953,948.6884681877277,621.516678949388,258.9467245107403
16495.25,672.5459477790953,948.6884681877277,621.516678949388,258.9467245107403
16500.25,672.5459477790953,948.6884681877277,621.516678949388,258.9467245107403
16505.25,672.5459477790953,948.6884681877277,621.516678949388,258.9467245107403
16510.25,672.5459477790953,948.6884681877277,621.516678949388,258.9467245107403
16515.25,672.5459477790953,948.6884681877277,621.516678949388,258.9467245107403
16520.25,672.5459477790953,948.6884681877277,621.516678949388,258.9467245107403
16525.25,672.5459477790953,948.6884681877277,621.516678949388,258.9467245107403
16530.25,672.5459477790953,948.6884681877277,626.6080429596502,258.9467245107403
16535.25,672.5459477790953,948.6884681877277,626.6080429596502,258.9467245107403
16540.25,672.5459477790953,948.6884681877277,626.6080429596502,258.9467245107403
16545.25,675.9249169228818,952.187187457339,626.6080429596502,258.9467245107403
16550.25,675.9249169228818,952.187187457339,626.6080429596502,258.9467245107403
16555.25,675.9249169228818,952.187187457339,626.6080429596502,258.9467245107403
16560.25,675.9249169228818,952.187187457339,626.6080429596502,258.9467245107403
16565.25,675.9249169228818,952.187187457339,626.6080429596502,258.9467245107403
16570.25,675.9249169228818,952.187187457339,626.6080429596502,258.9467245107403
16575.25,675.9249169228818,954.8127740712785,626.6080429596502,258.9467245107403
16580.25,675.9249169228818,954.8127740712785,626.6080429596502,258.9467245107403
16585.25,675.9249169228818,954.8127740712785,626.6080429596502,258.9467245107403
16590.25,675.9249169228818,954.8127740712785,626.6080429596502,258.9467245107403
16595.25,675.9249169228818,954.8127740712785,626.6080429596502,258.9467245107403
16600.25,675.9249169228818,954.8127740712785,626.6080429596502,258.9467245107403
16605.25,675.9249169228818,954.8127740712785,626.6080429596502,258.9467245107403
16610.25,675.9249169228818,954.8127740712785,626.6080429596502,258.9467245107403
16615.25,675.9249169228818,954.8127740712785,626.6080429596502,258.9467245107403
16620.25,675.9249169228818,954.8127740712785,626.6080429596502,258.9467245107403
16625.25,675.9249169228818,957.4795217659531,626.6080429596502,258.9467245107403
16630.25,675.9249169228818,957.4795217659531,626.6080429596502,258.9467245107403
16635.25,675.9249169228818,957.4795217659531,626.6080429596502,258.9467245107403
16640.25,675.9249169228818,961.7522495253933,626.6080429596502,258.9467245107403
16645.25,675.9249169228818,961.7522495253933,626.6080429596502,258.9467245107403
16650.25,675.9249169228818,961.7522495253933,626.6080429596502,258.9467245107403
16655.25,675.9249169228818,961.7522495253933,626.6080429596502,261.6925891651667
16660.25,675.9249169228818,961.7522495253933,626.6080429596502,261.6925891651667
16665.25,675.9249169228818,961.7522495253933,626.6080429596502,261.6925891651667
16670.25,675.9249169228818,961.7522495253933,626.6080429596502,261.6925891651667
16675.25,675.9249169228818,961.7522495253933,626.6080429596502,261.6925891651667
16680.25,675.9249169228818,961.7522495253933,626.6080429596502,261.6925891651667
16685.25,675.9249169228818,964.3817237703801,626.6080429596502,261.6925891651667
16690.25,675.9249169228818,964.3817237703801,626.6080429596502,261.6925891651667
16695.25,675.9249169228818,964.3817237703801,626.6080429596502,261.6925891651667
16700.25,675.9249169228818,964.3817237703801,626.6080429596502,265.1132563631043
16705.25,675.9249169228818,964.3817237703801,626.6080429596502,265.1132563631043
16710.25,675.9249169228818,964.3817237703801,626.6080429596502,265.1132563631043
16715.25,675.9249169228818,964.3817237703801,626.6080429596502,265.1132563631043
16720.25,675.9249169228818,964.3817237703801,626.6080429596502,265.1132563631043
16725.25,675.9249169228818,964.3817237703801,626.6080429596502,265.1132563631043
16730.25,675.9249169228818,964.3817237703801,626.6080429596502,265.1132563631043
16735.25,675.9249169228818,964.3817237703801,626.6080429596502,265.1132563631043
16740.25,675.9249169228818,964.3817237703801,626.6080429596502,274.4957171039901
16745.25,675.9249169228818,964.3817237703801,626.6080429596502,274.4957171039901
16750.25,675.9249169228818,964.3817237703801,631.3455316270151,274.4957171039901
16755.25,681.4151827029345,964.3817237703801,631.3455316270151,274.4957171039901
16760.25,681.4151827029345,964.3817237703801,635.4899825011339,274.4957171039901
16765.25,681.4151827029345,964.3817237703801,635.4899825011339,274.4957171039901
16770.25,681.4151827029345,968.2064237261158,635.4899825011339,274.4957171039901
16775.25,681.4151827029345,970.9515256248625,635.4899825011339,274.4957171039901
16780.25,681.4151827029345,970.9515256248625,635.4899825011339,274.4957171039901
16785.25,681.4151827029345,970.9515256248625,635.4899825011339,274.4957171039901
16790.25,681.4151827029345,970.9515256248625,635.4899825011339,274.4957171039901
16795.25,681.4151827029345,970.9515256248625,635.4899825011339,274.4957171039901
16800.25,681.4151827029345,970.9515256248625,635.4899825011339,274.4957171039901
16805.25,681.4151827029345,970.9515256248625,635.4899825011339,274.4957171039901
16810.25,681.4151827029345,970.9515256248625,635.4899825011339,274.4957171039901
16815.25,681.4151827029345,970.9515256248625,635.4899825011339,274.4957171039901
16820.25,681.4151827029345,970.9515256248625,635.4899825011339,274.4957171039901
16825.25,681.4151827029345,970.9515256248625,635.4899825011339,274.4957171039901
16830.25,681.4151827029345,970.9515256248625,635.4899825011339,274.4957171039901
16835.25,681.4151827029345,970.9515256248625,635.4899825011339,274.4957171039901
16840.25,681.4151827029345,970.9515256248625,635.4899825011339,274.4957171039901
16845.25,681.4151827029345,970.9515256248625,635.4899825011339,274.4957171039901
16850.25,684.8056960849798,970.9515256248625,635.4899825011339,274.4957171039901
16855.25,684.8056960849798,973.7064601753879,635.4899825011339,274.4957171039901
16860.25,684.8056960849798,973.7064601753879,635.4899825011339,274.4957171039901
16865.25,684.8056960849798,973.7064601753879,635.4899825011339,274.4957171039901
16870.25,684.8056960849798,976.5091325289118,635.4899825011339,274.4957171039901
16875.25,684.8056960849798,976.5091325289118,635.4899825011339,274.4957171039901
16880.25,684.8056960849798,976.5091325289118,635.4899825011339,274.4957171039901
16885.25,684.8056960849798,976.5091325289118,635.4899825011339,274.4957171039901
16890.25,684.8056960849798,976.5091325289118,635.4899825011339,274.4957171039901
16895.25,684.8056960849798,976.5091325289118,635.4899825011339,274.4957171039901
16900.25,684.8056960849798,976.5091325289118,635.4899825011339,274.4957171039901
16905.25,684.8056960849798,976.5091325289118,635.4899825011339,274.4957171039901
16910.25,684.8056960849798,976.5091325289118,635.4899825011339,277.1562661420133
16915.25,684.8056960849798,976.5091325289118,635.4899825011339,277.1562661420133
16920.25,684.8056960849798,976.5091325289118,635.4899825011339,277.1562661420133
16925.25,684.8056960849798,976.5091325289118,635.4899825011339,277.1562661420133
16930.25,684.8056960849798,980.815839053337,635.4899825011339,277.1562661420133
16935.25,684.8056960849798,984.5015357768066,635.4899825011339,277.1562661420133
16940.25,684.8056960849798,984.5015357768066,635.4899825011339,277.1562661420133
16945.25,684.8056960849798,984.5015357768066,635.4899825011339,277.1562661420133
16950.25,684.8056960849798,984.5015357768066,635.4899825011339,279.2545867915972
16955.25,684.8056960849798,984.5015357768066,635.4899825011339,279.2545867915972
16960.25,684.8056960849798,984.5015357768066,635.4899825011339,279.2545867915972
16965.25,690.228089163672,987.364156002435,635.4899825011339,287.2063385705869
16970.25,690.228089163672,987.364156002435,635.4899825011339,287.2063385705869
16975.25,690.228089163672,987.364156002435,635.4899825011339,287.2063385705869
16980.25,690.228089163672,987.364156002435,635.4899825011339,287.2063385705869
16985.25,690.228089163672,987.364156002435,635.4899825011339,287.2063385705869
16990.25,690.228089163672,987.364156002435,635.4899825011339,287.2063385705869
16995.25,690.228089163672,987.364156002435,635.4899825011339,287.2063385705869
17000.25,690.228089163672,987.364156002435,639.7667155300951,287.2063385705869
17005.25,690.228089163672,987.364156002435,639.7667155300951,287.2063385705869
17010.25,690.228089163672,987.364156002435,645.2794117874928,287.2063385705869
17015.25,690.228089163672,987.364156002435,645.2794117874928,287.2063385705869
17020.25,690.228089163672,987.364156002435,645.2794117874928,287.2063385705869
17025.25,690.228089163672,987.364156002435,645.2794117874928,287.2063385705869
17030.25,690.228089163672,987.364156002435,645.2794117874928,287.2063385705869
17035.25,690.228089163672,987.364156002435,645.2794117874928,287.2063385705869
17040.25,690.228089163672,987.364156002435,645.2794117874928,287.2063385705869
17045.25,690.228089163672,987.364156002435,645.2794117874928,287.2063385705869
17050.25,690.228089163672,987.364156002435,645.2794117874928,287.2063385705869
17055.25,690.228089163672,987.364156002435,645.2794117874928,287.2063385705869
17060.25,690.228089163672,987.364156002435,645.2794117874928,287.2063385705869
17065.25,693.6038938746126,987.364156002435,645.2794117874928,287.2063385705869
17070.25,693.6038938746126,987.364156002435,645.2794117874928,287.2063385705869
17075.25,695.7907008076832,990.2257450088676,645.2794117874928,287.2063385705869
17080.25,695.7907008076832,990.2257450088676,645.2794117874928,287.2063385705869
17085.25,695.7907008076832,990.2257450088676,645.2794117874928,287.2063385705869
17090.25,695.7907008076832,990.2257450088676,645.2794117874928,287.2063385705869
17095.25,695.7907008076832,990.2257450088676,645.2794117874928,287.2063385705869
17100.25,695.7907008076832,994.0499047194958,645.2794117874928,287.2063385705869
17105.25,700.6206832050705,994.0499047194958,654.6039393131986,287.2063385705869
17110.25,700.6206832050705,997.609923157536,654.6039393131986,287.2063385705869
17115.25,700.6206832050705,997.609923157536,654.6039393131986,287.2063385705869
17120.25,700.6206832050705,997.609923157536,654.6039393131986,287.2063385705869
17125.25,700.6206832050705,997.609923157536,654.6039393131986,287.2063385705869
17130.25,700.6206832050705,997.609923157536,654.6039393131986,287.2063385705869
17135.25,700.6206832050705,997.609923157536,654.6039393131986,287.2063385705869
17140.25,700.6206832050705,997.609923157536,654.6039393131986,287.2063385705869
17145.25,700.6206832050705,997.609923157536,654.6039393131986,287.2063385705869
17150.25,700.6206832050705,997.609923157536,654.6039393131986,287.2063385705869
17155.25,700.6206832050705,997.609923157536,654.6039393131986,287.2063385705869
17160.25,700.6206832050705,997.609923157536,654.6039393131986,287.2063385705869
17165.25,700.6206832050705,997.609923157536,654.6039393131986,287.2063385705869
17170.25,700.6206832050705,997.609923157536,654.6039393131986,287.2063385705869
17175.25,702.9226341306033,997.609923157536,654.6039393131986,287.2063385705869
17180.25,702.9226341306033,997.609923157536,654.6039393131986,287.2063385705869
17185.25,702.9226341306033,997.609923157536,654.6039393131986,290.195639185925
17190.25,702.9226341306033,997.609923157536,654.6039393131986,290.195639185925
17195.25,702.9226341306033,997.609923157536,654.6039393131986,290.195639185925
17200.25,702.9226341306033,997.609923157536,654.6039393131986,290.195639185925
17205.25,702.9226341306033,997.609923157536,654.6039393131986,290.195639185925
17210.25,702.9226341306033,997.609923157536,654.6039393131986,290.195639185925
17215.25,702.9226341306033,997.609923157536,654.6039393131986,290.195639185925
17220.25,702.9226341306033,997.609923157536,654.6039393131986,290.195639185925
17225.25,702.9226341306033,1000.33863749672,654.6039393131986,290.195639185925
17230.25,702.9226341306033,1000.33863749672,654.6039393131986,290.195639185925
17235.25,702.9226341306033,1000.33863749672,663.6748053001262,290.195639185925
17240.25,702.9226341306033,1002.9434845420968,663.6748053001262,290.195639185925
17245.25,702.9226341306033,1002.9434845420968,663.6748053001262,290.195639185925
17250.25,702.9226341306033,1002.9434845420968,663.6748053001262,290.195639185925
17255.25,702.9226341306033,1002.9434845420968,663.6748053001262,290.195639185925
17260.25,702.9226341306033,1002.9434845420968,663.6748053001262,290.195639185925
17265.25,702.9226341306033,1002.9434845420968,663.6748053001262,290.195639185925
17270.25,702.9226341306033,1002.9434845420968,663.6748053001262,290.195639185925
17275.25,702.9226341306033,1006.4466780292718,663.6748053001262,290.195639185925
17280.25,702.9226341306033,1006.4466780292718,663.6748053001262,290.195639185925
17285.25,702.9226341306033,1008.4911000145436,663.6748053001262,290.195639185925
17290.25,702.9226341306033,1008.4911000145436,663.6748053001262,290.195639185925
17295.25,702.9226341306033,1008.4911000145436,668.5770402647141,290.195639185925
17300.25,702.9226341306033,1008.4911000145436,668.5770402647141,290.195639185925
17305.25,708.442114394624,1008.4911000145436,668.5770402647141,290.195639185925
17310.25,708.442114394624,1008.4911000145436,668.5770402647141,290.195639185925
17315.25,708.442114394624,1008.4911000145436,668.5770402647141,290.195639185925
17320.25,713.6160150334455,1011.4355008297434,668.5770402647141,290.195639185925
17325.25,713.6160150334455,1011.4355008297434,668.5770402647141,290.195639185925
17330.25,713.6160150334455,1011.4355008297434,668.5770402647141,290.195639185925
17335.25,713.6160150334455,1011.4355008297434,668.5770402647141,290.195639185925
17340.25,713.6160150334455,1011.4355008297434,668.5770402647141,290.195639185925
17345.25,713.6160150334455,1011.4355008297434,668.5770402647141,290.195639185925
17350.25,713.6160150334455,1011.4355008297434,668.5770402647141,290.195639185925
17355.25,713.6160150334455,1011.4355008297434,668.5770402647141,290.195639185925
17360.25,713.6160150334455,1011.4355008297434,668.5770402647141,290.195639185925
17365.25,713.6160150334455,1014.1836294024902,668.5770402647141,290.195639185925
17370.25,713.6160150334455,1014.1836294024902,668.5770402647141,290.195639185925
17375.25,713.6160150334455,1014.1836294024902,674.428819166638,290.195639185925
17380.25,713.6160150334455,1014.1836294024902,674.428819166638,290.195639185925
17385.25,713.6160150334455,1014.1836294024902,674.428819166638,290.195639185925
17390.25,713.6160150334455,1014.1836294024902,674.428819166638,290.195639185925
17395.25,713.6160150334455,1014.1836294024902,674.428819166638,290.195639185925
17400.25,722.505850536141,1014.1836294024902,674.428819166638,290.195639185925
17405.25,722.505850536141,1019.9347162460716,674.428819166638,290.195639185925
17410.25,722.505850536141,1019.9347162460716,674.428819166638,290.195639185925
17415.25,722.505850536141,1019.9347162460716,674.428819166638,290.195639185925
17420.25,722.505850536141,1019.9347162460716,674.428819166638,290.195639185925
17425.25,722.505850536141,1019.9347162460716,674.428819166638,290.195639185925
17430.25,722.505850536141,1019.9347162460716,674.428819166638,290.195639185925
17435.25,722.505850536141,1019.9347162460716,674.428819166638,290.195639185925
17440.25,722.505850536141,1019.9347162460716,674.428819166638,290.195639185925
17445.25,722.505850536141,1019.9347162460716,674.428819166638,290.195639185925
17450.25,722.505850536141,1019.9347162460716,674.428819166638,290.195639185925
17455.25,722.505850536141,1019.9347162460716,674.428819166638,290.195639185925
17460.25,722.505850536141,1021.7299669526426,674.428819166638,290.195639185925
17465.25,722.505850536141,1021.7299669526426,674.428819166638,290.195639185925
17470.25,722.505850536141,1021.7299669526426,674.428819166638,290.195639185925
17475.25,722.505850536141,1021.7299669526426,674.428819166638,290.195639185925
17480.25,722.505850536141,1021.7299669526426,674.428819166638,290.195639185925
17485.25,722.505850536141,1021.7299669526426,674.428819166638,290.195639185925
17490.25,722.505850536141,1030.0388889951182,677.2189620928789,290.195639185925
17495.25,722.505850536141,1032.6992694838732,677.2189620928789,290.195639185925
17500.25,722.505850536141,1032.6992694838732,677.2189620928789,290.195639185925
17505.25,722.505850536141,1032.6992694838732,677.2189620928789,290.195639185925
17510.25,722.505850536141,1032.6992694838732,677.2189620928789,290.195639185925
17515.25,722.505850536141,1036.355775536582,677.2189620928789,290.195639185925
17520.25,722.505850536141,1036.355775536582,677.2189620928789,290.195639185925
17525.25,722.505850536141,1036.355775536582,677.2189620928789,290.195639185925
17530.25,722.505850536141,1036.355775536582,677.2189620928789,290.195639185925
17535.25,722.505850536141,1036.355775536582,677.2189620928789,290.195639185925
17540.25,722.505850536141,1036.355775536582,677.2189620928789,290.195639185925
17545.25,722.505850536141,1036.355775536582,677.2189620928789,290.195639185925
17550.25,722.505850536141,1036.355775536582,677.2189620928789,290.195639185925
17555.25,722.505850536141,1036.355775536582,677.2189620928789,290.195639185925
17560.25,725.2581588940075,1036.355775536582,677.2189620928789,290.195639185925
17565.25,725.2581588940075,1036.355775536582,677.2189620928789,290.195639185925
17570.25,729.9512342654517,1036.355775536582,677.2189620928789,290.195639185925
17575.25,729.9512342654517,1036.355775536582,677.2189620928789,290.195639185925
17580.25,729.9512342654517,1036.355775536582,677.2189620928789,290.195639185925
17585.25,729.9512342654517,1036.355775536582,677.2189620928789,290.195639185925
17590.25,729.9512342654517,1036.355775536582,677.2189620928789,290.195639185925
17595.25,729.9512342654517,1036.355775536582,677.2189620928789,290.195639185925
17600.25,729.9512342654517,1036.355775536582,677.2189620928789,290.195639185925
17605.25,729.9512342654517,1036.355775536582,678.9642493705936,290.195639185925
17610.25,729.9512342654517,1036.355775536582,678.9642493705936,290.195639185925
17615.25,729.9512342654517,1036.355775536582,678.9642493705936,290.195639185925
17620.25,729.9512342654517,1036.355775536582,683.7602254470132,290.195639185925
17625.25,729.9512342654517,1036.355775536582,683.7602254470132,290.195639185925
17630.25,729.9512342654517,1037.8680921142432,683.7602254470132,290.195639185925
17635.25,729.9512342654517,1037.8680921142432,683.7602254470132,290.195639185925
17640.25,729.9512342654517,1039.9261408083,683.7602254470132,290.195639185925
17645.25,729.9512342654517,1039.9261408083,683.7602254470132,290.195639185925
17650.25,729.9512342654517,1039.9261408083,683.7602254470132,293.0932125802802
17655.25,729.9512342654517,1039.9261408083,683.7602254470132,293.0932125802802
17660.25,734.4701171296011,1039.9261408083,683.7602254470132,302.45412604776357
17665.25,734.4701171296011,1039.9261408083,683.7602254470132,302.45412604776357
17670.25,734.4701171296011,1039.9261408083,683.7602254470132,302.45412604776357
17675.25,734.4701171296011,1039.9261408083,683.7602254470132,302.45412604776357
17680.25,734.4701171296011,1039.9261408083,683.7602254470132,302.45412604776357
17685.25,734.4701171296011,1039.9261408083,683.7602254470132,302.45412604776357
17690.25,734.4701171296011,1039.9261408083,683.7602254470132,302.45412604776357
17695.25,734.4701171296011,1039.9261408083,683.7602254470132,302.45412604776357
17700.25,734.4701171296011,1039.9261408083,690.0444732328191,302.45412604776357
17705.25,734.4701171296011,1039.9261408083,690.0444732328191,302.45412604776357
17710.25,734.4701171296011,1039.9261408083,690.0444732328191,302.45412604776357
17715.25,734.4701171296011,1039.9261408083,690.0444732328191,302.45412604776357
17720.25,734.4701171296011,1039.9261408083,690.0444732328191,302.45412604776357
17725.25,734.4701171296011,1039.9261408083,690.0444732328191,302.45412604776357
17730.25,734.4701171296011,1039.9261408083,690.0444732328191,302.45412604776357
17735.25,740.1860976714004,1042.6765293177448,690.0444732328191,302.45412604776357
17740.25,740.1860976714004,1042.6765293177448,690.0444732328191,302.45412604776357
17745.25,740.1860976714004,1042.6765293177448,690.0444732328191,302.45412604776357
17750.25,740.1860976714004,1042.6765293177448,690.0444732328191,302.45412604776357
17755.25,740.1860976714004,1042.6765293177448,690.0444732328191,302.45412604776357
17760.25,740.1860976714004,1042.6765293177448,690.0444732328191,302.45412604776357
17765.25,740.1860976714004,1042.6765293177448,690.0444732328191,302.45412604776357
17770.25,740.1860976714004,1042.6765293177448,690.0444732328191,302.45412604776357
17775.25,740.1860976714004,1046.7910169661875,690.0444732328191,302.45412604776357
17780.25,740.1860976714004,1046.7910169661875,690.0444732328191,302.45412604776357
17785.25,740.1860976714004,1046.7910169661875,690.0444732328191,302.45412604776357
17790.25,740.1860976714004,1046.7910169661875,690.0444732328191,302.45412604776357
17795.25,740.1860976714004,1046.7910169661875,690.0444732328191,302.45412604776357
17800.25,740.1860976714004,1046.7910169661875,690.0444732328191,302.45412604776357
17805.25,740.1860976714004,1046.7910169661875,694.0867123345603,302.45412604776357
17810.25,740.1860976714004,1046.7910169661875,694.0867123345603,302.45412604776357
17815.25,740.1860976714004,1046.7910169661875,696.5634030932116,302.45412604776357
17820.25,740.1860976714004,1046.7910169661875,696.5634030932116,302.45412604776357
17825.25,740.1860976714004,1046.7910169661875,696.5634030932116,302.45412604776357
17830.25,740.1860976714004,1046.7910169661875,696.5634030932116,302.45412604776357
17835.25,740.1860976714004,1046.7910169661875,699.7724594703915,302.45412604776357
17840.25,740.1860976714004,1046.7910169661875,699.7724594703915,302.45412604776357
17845.25,740.1860976714004,1046.7910169661875,699.7724594703915,302.45412604776357
17850.25,740.1860976714004,1046.7910169661875,699.7724594703915,302.45412604776357
17855.25,740.1860976714004,1046.7910169661875,699.7724594703915,302.45412604776357
17860.25,740.1860976714004,1046.7910169661875,699.7724594703915,302.45412604776357
17865.25,740.1860976714004,1046.7910169661875,699.7724594703915,302.45412604776357
17870.25,740.1860976714004,1046.7910169661875,705.8074592443662,302.45412604776357
17875.25,740.1860976714004,1046.7910169661875,705.8074592443662,302.45412604776357
17880.25,740.1860976714004,1046.7910169661875,705.8074592443662,302.45412604776357
17885.25,740.1860976714004,1046.7910169661875,705.8074592443662,302.45412604776357
17890.25,740.1860976714004,1046.7910169661875,705.8074592443662,302.45412604776357
17895.25,740.1860976714004,1050.3415556116074,705.8074592443662,302.45412604776357
17900.25,740.1860976714004,1050.3415556116074,705.8074592443662,302.45412604776357
17905.25,740.1860976714004,1052.8626463097737,705.8074592443662,302.45412604776357
17910.25,740.1860976714004,1058.5012905476005,705.8074592443662,302.45412604776357
17915.25,740.1860976714004,1058.5012905476005,705.8074592443662,302.45412604776357
17920.25,740.1860976714004,1058.5012905476005,705.8074592443662,302.45412604776357
17925.25,740.1860976714004,1058.5012905476005,705.8074592443662,305.2040016972128
17930.25,740.1860976714004,1058.5012905476005,705.8074592443662,305.2040016972128
17935.25,740.1860976714004,1058.5012905476005,705.8074592443662,305.2040016972128
17940.25,740.1860976714004,1058.5012905476005,716.5223460216216,305.2040016972128
17945.25,740.1860976714004,1058.5012905476005,716.5223460216216,305.2040016972128
17950.25,740.1860976714004,1058.5012905476005,716.5223460216216,305.2040016972128
17955.25,740.1860976714004,1058.5012905476005,716.5223460216216,305.2040016972128
17960.25,740.1860976714004,1058.5012905476005,716.5223460216216,305.2040016972128
17965.25,740.1860976714004,1058.5012905476005,716.5223460216216,305.2040016972128
17970.25,743.2849681681494,1058.5012905476005,716.5223460216216,305.2040016972128
17975.25,743.2849681681494,1058.5012905476005,716.5223460216216,305.2040016972128
17980.25,743.2849681681494,1058.5012905476005,719.1723739583236,305.2040016972128
17985.25,743.2849681681494,1058.5012905476005,719.1723739583236,305.2040016972128
17990.25,743.2849681681494,1058.5012905476005,719.1723739583236,305.2040016972128
17995.25,743.2849681681494,1058.5012905476005,719.1723739583236,305.2040016972128
18000.25,743.2849681681494,1058.5012905476005,719.1723739583236,305.2040016972128
18005.25,743.2849681681494,1058.5012905476005,719.1723739583236,305.2040016972128
18010.25,743.2849681681494,1058.5012905476005,719.1723739583236,305.2040016972128
18015.25,743.2849681681494,1061.969992893707,719.1723739583236,305.2040016972128
18020.25,743.2849681681494,1061.969992893707,719.1723739583236,305.2040016972128
18025.25,743.2849681681494,1061.969992893707,719.1723739583236,305.2040016972128
18030.25,743.2849681681494,1064.6686678073888,719.1723739583236,305.2040016972128
18035.25,743.2849681681494,1064.6686678073888,719.1723739583236,305.2040016972128
18040.25,743.2849681681494,1064.6686678073888,719.1723739583236,305.2040016972128
18045.25,743.2849681681494,1068.9446808806222,719.1723739583236,305.2040016972128
18050.25,743.2849681681494,1068.9446808806222,719.1723739583236,305.2040016972128
18055.25,743.2849681681494,1068.9446808806222,728.6905821140831,305.2040016972128
18060.25,743.2849681681494,1068.9446808806222,728.6905821140831,305.2040016972128
18065.25,743.2849681681494,1068.9446808806222,728.6905821140831,305.2040016972128
18070.25,743.2849681681494,1068.9446808806222,728.6905821140831,305.2040016972128
18075.25,743.2849681681494,1068.9446808806222,728.6905821140831,305.2040016972128
18080.25,743.2849681681494,1068.9446808806222,728.6905821140831,305.2040016972128
18085.25,743.2849681681494,1068.9446808806222,728.6905821140831,305.2040016972128
18090.25,743.2849681681494,1068.9446808806222,728.6905821140831,305.2040016972128
18095.25,743.2849681681494,1068.9446808806222,728.6905821140831,305.2040016972128
18100.25,743.2849681681494,1068.9446808806222,728.6905821140831,305.2040016972128
18105.25,743.2849681681494,1068.9446808806222,728.6905821140831,305.2040016972128
18110.25,743.2849681681494,1068.9446808806222,728.6905821140831,305.2040016972128
18115.25,743.2849681681494,1072.4803456842099,728.6905821140831,305.2040016972128
18120.25,743.2849681681494,1072.4803456842099,728.6905821140831,305.2040016972128
18125.25,743.2849681681494,1072.4803456842099,728.6905821140831,305.2040016972128
18130.25,743.2849681681494,1072.4803456842099,728.6905821140831,305.2040016972128
18135.25,743.2849681681494,1072.4803456842099,728.6905821140831,311.2024935673275
18140.25,743.2849681681494,1072.4803456842099,728.6905821140831,311.2024935673275
18145.25,743.2849681681494,1072.4803456842099,728.6905821140831,311.2024935673275
18150.25,743.2849681681494,1079.4650759297162,728.6905821140831,311.2024935673275
18155.25,743.2849681681494,1079.4650759297162,728.6905821140831,311.2024935673275
18160.25,743.2849681681494,1082.632944734562,728.6905821140831,311.2024935673275
18165.25,743.2849681681494,1082.632944734562,728.6905821140831,311.2024935673275
18170.25,743.2849681681494,1082.632944734562,728.6905821140831,311.2024935673275
18175.25,743.2849681681494,1082.632944734562,728.6905821140831,311.2024935673275
18180.25,743.2849681681494,1082.632944734562,728.6905821140831,311.2024935673275
18185.25,743.2849681681494,1082.632944734562,731.4380823583413,311.2024935673275
18190.25,743.2849681681494,1082.632944734562,731.4380823583413,311.2024935673275
18195.25,743.2849681681494,1082.632944734562,731.4380823583413,311.2024935673275
18200.25,743.2849681681494,1082.632944734562,731.4380823583413,311.2024935673275
18205.25,743.2849681681494,1082.632944734562,731.4380823583413,311.2024935673275
18210.25,748.5596931580318,1082.632944734562,731.4380823583413,311.2024935673275
18215.25,748.5596931580318,1082.632944734562,731.4380823583413,311.2024935673275
18220.25,748.5596931580318,1082.632944734562,731.4380823583413,311.2024935673275
18225.25,748.5596931580318,1082.632944734562,731.4380823583413,311.2024935673275
18230.25,748.5596931580318,1082.632944734562,731.4380823583413,311.2024935673275
18235.25,748.5596931580318,1082.632944734562,731.4380823583413,311.2024935673275
18240.25,748.5596931580318,1086.8866962883956,740.5126230950453,311.2024935673275
18245.25,748.5596931580318,1086.8866962883956,740.5126230950453,311.2024935673275
18250.25,751.5969525091383,1089.7325971904809,740.5126230950453,311.2024935673275
18255.25,751.5969525091383,1089.7325971904809,740.5126230950453,311.2024935673275
18260.25,751.5969525091383,1089.7325971904809,740.5126230950453,311.2024935673275
18265.25,751.5969525091383,1089.7325971904809,740.5126230950453,311.2024935673275
18270.25,751.5969525091383,1089.7325971904809,740.5126230950453,311.2024935673275
18275.25,751.5969525091383,1089.7325971904809,740.5126230950453,311.2024935673275
18280.25,751.5969525091383,1089.7325971904809,740.5126230950453,311.2024935673275
18285.25,751.5969525091383,1089.7325971904809,740.5126230950453,311.2024935673275
18290.25,751.5969525091383,1089.7325971904809,740.5126230950453,311.2024935673275
18295.25,751.5969525091383,1089.7325971904809,740.5126230950453,311.2024935673275
18300.25,751.5969525091383,1089.7325971904809,740.5126230950453,311.2024935673275
18305.25,751.5969525091383,1089.7325971904809,740.5126230950453,311.2024935673275
18310.25,751.5969525091383,1089.7325971904809,740.5126230950453,311.2024935673275
18315.25,751.5969525091383,1089.7325971904809,740.5126230950453,311.2024935673275
18320.25,751.5969525091383,1089.7325971904809,740.5126230950453,311.2024935673275
18325.25,751.5969525091383,1089.7325971904809,740.5126230950453,311.2024935673275
18330.25,751.5969525091383,1089.7325971904809,740.5126230950453,311.2024935673275
18335.25,751.5969525091383,1089.7325971904809,740.5126230950453,314.05990453994207
18340.25,751.5969525091383,1089.7325971904809,740.5126230950453,314.05990453994207
18345.25,751.5969525091383,1089.7325971904809,740.5126230950453,314.05990453994207
18350.25,756.4969177054896,1089.7325971904809,740.5126230950453,314.05990453994207
18355.25,756.4969177054896,1089.7325971904809,740.5126230950453,314.05990453994207
18360.25,756.4969177054896,1089.7325971904809,740.5126230950453,314.05990453994207
18365.25,756.4969177054896,1089.7325971904809,740.5126230950453,314.05990453994207
18370.25,756.4969177054896,1089.7325971904809,740.5126230950453,314.05990453994207
18375.25,756.4969177054896,1089.7325971904809,741.6105486227897,314.05990453994207
18380.25,762.2451750009825,1092.5234808103844,741.6105486227897,314.05990453994207
18385.25,765.1691165474599,1092.5234808103844,741.6105486227897,314.05990453994207
18390.25,765.1691165474599,1092.5234808103844,741.6105486227897,314.05990453994207
18395.25,765.1691165474599,1092.5234808103844,741.6105486227897,314.05990453994207
18400.25,765.1691165474599,1092.5234808103844,744.0738599435807,314.05990453994207
18405.25,765.1691165474599,1092.5234808103844,744.0738599435807,314.05990453994207
18410.25,765.1691165474599,1092.5234808103844,744.0738599435807,314.05990453994207
18415.25,765.1691165474599,1095.9640707902233,744.0738599435807,314.05990453994207
18420.25,765.1691165474599,1095.9640707902233,744.0738599435807,314.05990453994207
18425.25,765.1691165474599,1095.9640707902233,744.0738599435807,314.05990453994207
18430.25,765.1691165474599,1095.9640707902233,744.0738599435807,314.05990453994207
18435.25,765.1691165474599,1095.9640707902233,744.0738599435807,314.05990453994207
18440.25,765.1691165474599,1095.9640707902233,744.0738599435807,314.05990453994207
18445.25,765.1691165474599,1095.9640707902233,744.0738599435807,314.05990453994207
18450.25,765.1691165474599,1095.9640707902233,744.0738599435807,314.05990453994207
18455.25,765.1691165474599,1095.9640707902233,744.0738599435807,314.05990453994207
18460.25,765.1691165474599,1095.9640707902233,744.0738599435807,314.05990453994207
18465.25,765.1691165474599,1095.9640707902233,744.0738599435807,314.05990453994207
18470.25,765.1691165474599,1098.1413321028108,744.0738599435807,314.05990453994207
18475.25,765.1691165474599,1098.1413321028108,744.0738599435807,314.05990453994207
18480.25,765.1691165474599,1098.1413321028108,744.0738599435807,314.05990453994207
18485.25,765.1691165474599,1103.146559847976,744.0738599435807,314.05990453994207
18490.25,766.9164990203767,1103.146559847976,744.0738599435807,314.05990453994207
18495.25,766.9164990203767,1103.146559847976,744.0738599435807,314.05990453994207
18500.25,766.9164990203767,1108.5993997059395,744.0738599435807,314.05990453994207
18505.25,766.9164990203767,1111.409801644848,744.0738599435807,314.05990453994207
18510.25,766.9164990203767,1111.409801644848,744.0738599435807,314.05990453994207
18515.25,766.9164990203767,1111.409801644848,744.0738599435807,314.05990453994207
18520.25,766.9164990203767,1111.409801644848,744.0738599435807,314.05990453994207
18525.25,766.9164990203767,1111.409801644848,744.0738599435807,314.05990453994207
18530.25,766.9164990203767,1111.409801644848,744.0738599435807,316.9608283679104
18535.25,766.9164990203767,1111.409801644848,744.0738599435807,316.9608283679104
18540.25,766.9164990203767,1111.409801644848,744.0738599435807,316.9608283679104
18545.25,766.9164990203767,1111.409801644848,744.0738599435807,316.9608283679104
18550.25,766.9164990203767,1111.409801644848,744.0738599435807,316.9608283679104
18555.25,766.9164990203767,1111.409801644848,744.0738599435807,316.9608283679104
18560.25,766.9164990203767,1111.409801644848,748.044637717851,316.9608283679104
18565.25,766.9164990203767,1111.409801644848,757.401370483032,316.9608283679104
18570.25,766.9164990203767,1111.409801644848,757.401370483032,316.9608283679104
18575.25,766.9164990203767,1111.409801644848,757.401370483032,316.9608283679104
18580.25,766.9164990203767,1111.409801644848,757.401370483032,316.9608283679104
18585.25,766.9164990203767,1111.409801644848,757.401370483032,316.9608283679104
18590.25,766.9164990203767,1111.409801644848,757.401370483032,316.9608283679104
18595.25,776.7136416193689,1111.409801644848,757.401370483032,316.9608283679104
18600.25,776.7136416193689,1111.409801644848,757.401370483032,316.9608283679104
18605.25,776.7136416193689,1111.409801644848,760.0279673588794,316.9608283679104
18610.25,776.7136416193689,1111.409801644848,760.0279673588794,316.9608283679104
18615.25,776.7136416193689,1111.409801644848,760.0279673588794,316.9608283679104
18620.25,776.7136416193689,1111.409801644848,760.0279673588794,316.9608283679104
18625.25,776.7136416193689,1111.409801644848,760.0279673588794,316.9608283679104
18630.25,776.7136416193689,1111.409801644848,760.0279673588794,316.9608283679104
18635.25,776.7136416193689,1111.409801644848,760.0279673588794,316.9608283679104
18640.25,776.7136416193689,1111.409801644848,760.0279673588794,316.9608283679104
18645.25,776.7136416193689,1114.189748428178,760.0279673588794,316.9608283679104
18650.25,776.7136416193689,1114.189748428178,760.0279673588794,316.9608283679104
18655.25,776.7136416193689,1114.189748428178,760.0279673588794,316.9608283679104
18660.25,776.7136416193689,1114.189748428178,760.0279673588794,316.9608283679104
18665.25,776.7136416193689,1114.189748428178,760.0279673588794,316.9608283679104
18670.25,776.7136416193689,1114.189748428178,760.0279673588794,316.9608283679104
18675.25,776.7136416193689,1114.189748428178,760.0279673588794,316.9608283679104
18680.25,776.7136416193689,1114.189748428178,760.0279673588794,316.9608283679104
18685.25,776.7136416193689,1114.189748428178,760.0279673588794,316.9608283679104
18690.25,776.7136416193689,1119.7398951821124,760.0279673588794,316.9608283679104
18695.25,776.7136416193689,1119.7398951821124,760.0279673588794,316.9608283679104
18700.25,776.7136416193689,1119.7398951821124,760.0279673588794,316.9608283679104
18705.25,776.7136416193689,1119.7398951821124,760.0279673588794,316.9608283679104
18710.25,776.7136416193689,1119.7398951821124,760.0279673588794,316.9608283679104
18715.25,776.7136416193689,1119.7398951821124,760.0279673588794,316.9608283679104
18720.25,776.7136416193689,1119.7398951821124,760.0279673588794,316.9608283679104
18725.25,776.7136416193689,1119.7398951821124,760.0279673588794,316.9608283679104
18730.25,776.7136416193689,1119.7398951821124,760.0279673588794,316.9608283679104
18735.25,776.7136416193689,1119.7398951821124,760.0279673588794,316.9608283679104
18740.25,776.7136416193689,1122.366550529349,764.762151576106,321.24907893584174
18745.25,776.7136416193689,1122.366550529349,764.762151576106,321.24907893584174
18750.25,776.7136416193689,1122.366550529349,764.762151576106,321.24907893584174
18755.25,776.7136416193689,1122.366550529349,764.762151576106,321.24907893584174
18760.25,776.7136416193689,1122.366550529349,764.762151576106,330.7866282245962
18765.25,776.7136416193689,1122.366550529349,764.762151576106,330.7866282245962
18770.25,776.7136416193689,1122.366550529349,764.762151576106,330.7866282245962
18775.25,776.7136416193689,1122.366550529349,764.762151576106,330.7866282245962
18780.25,776.7136416193689,1122.366550529349,764.762151576106,330.7866282245962
18785.25,776.7136416193689,1122.366550529349,764.762151576106,330.7866282245962
18790.25,776.7136416193689,1122.366550529349,764.762151576106,330.7866282245962
18795.25,776.7136416193689,1127.7925751852645,764.762151576106,330.7866282245962
18800.25,776.7136416193689,1127.7925751852645,764.762151576106,330.7866282245962
18805.25,776.7136416193689,1127.7925751852645,767.1764624874758,330.7866282245962
18810.25,776.7136416193689,1127.7925751852645,767.1764624874758,330.7866282245962
18815.25,776.7136416193689,1127.7925751852645,767.1764624874758,330.7866282245962
18820.25,781.5136741340693,1130.420577919261,767.1764624874758,330.7866282245962
18825.25,781.5136741340693,1130.420577919261,767.1764624874758,330.7866282245962
18830.25,781.5136741340693,1130.420577919261,767.1764624874758,330.7866282245962
18835.25,781.5136741340693,1130.420577919261,767.1764624874758,330.7866282245962
18840.25,781.5136741340693,1130.420577919261,767.1764624874758,330.7866282245962
18845.25,781.5136741340693,1130.420577919261,767.1764624874758,330.7866282245962
18850.25,781.5136741340693,1130.420577919261,767.1764624874758,330.7866282245962
18855.25,781.5136741340693,1130.420577919261,767.1764624874758,330.7866282245962
18860.25,781.5136741340693,1130.420577919261,767.1764624874758,330.7866282245962
18865.25,781.5136741340693,1130.420577919261,767.1764624874758,330.7866282245962
18870.25,781.5136741340693,1130.420577919261,767.1764624874758,330.7866282245962
18875.25,781.5136741340693,1130.420577919261,773.551284586101,333.5846940772549
18880.25,781.5136741340693,1130.420577919261,773.551284586101,333.5846940772549
18885.25,786.1205814324419,1133.9875303586139,773.551284586101,333.5846940772549
18890.25,786.1205814324419,1133.9875303586139,773.551284586101,333.5846940772549
18895.25,786.1205814324419,1133.9875303586139,773.551284586101,333.5846940772549
18900.25,786.1205814324419,1133.9875303586139,773.551284586101,333.5846940772549
18905.25,786.1205814324419,1136.415087659377,773.551284586101,333.5846940772549
18910.25,786.1205814324419,1136.415087659377,773.551284586101,333.5846940772549
18915.25,786.1205814324419,1136.415087659377,773.551284586101,333.5846940772549
18920.25,786.1205814324419,1138.206892741982,773.551284586101,333.5846940772549
18925.25,786.1205814324419,1138.206892741982,773.551284586101,333.5846940772549
18930.25,786.1205814324419,1138.206892741982,773.551284586101,333.5846940772549
18935.25,786.1205814324419,1138.206892741982,773.551284586101,333.5846940772549
18940.25,786.1205814324419,1138.206892741982,773.551284586101,333.5846940772549
18945.25,786.1205814324419,1138.206892741982,773.551284586101,333.5846940772549
18950.25,786.1205814324419,1143.981656070036,773.551284586101,333.5846940772549
18955.25,786.1205814324419,1143.981656070036,776.1710374064919,333.5846940772549
18960.25,786.1205814324419,1143.981656070036,776.1710374064919,333.5846940772549
18965.25,786.1205814324419,1143.981656070036,776.1710374064919,333.5846940772549
18970.25,786.1205814324419,1143.981656070036,776.1710374064919,333.5846940772549
18975.25,786.1205814324419,1143.981656070036,776.1710374064919,333.5846940772549
18980.25,786.1205814324419,1147.7180281867454,776.1710374064919,333.5846940772549
18985.25,786.1205814324419,1147.7180281867454,776.1710374064919,333.5846940772549
18990.25,786.1205814324419,1147.7180281867454,776.1710374064919,333.5846940772549
18995.25,786.1205814324419,1147.7180281867454,776.1710374064919,333.5846940772549
19000.25,786.1205814324419,1147.7180281867454,776.1710374064919,333.5846940772549
19005.25,786.1205814324419,1147.7180281867454,776.1710374064919,333.5846940772549
19010.25,786.1205814324419,1147.7180281867454,776.1710374064919,333.5846940772549
19015.25,786.1205814324419,1147.7180281867454,776.1710374064919,333.5846940772549
19020.25,786.1205814324419,1147.7180281867454,776.1710374064919,333.5846940772549
19025.25,786.1205814324419,1147.7180281867454,776.1710374064919,333.5846940772549
19030.25,786.1205814324419,1147.7180281867454,780.9929265988901,333.5846940772549
19035.25,786.1205814324419,1147.7180281867454,780.9929265988901,333.5846940772549
19040.25,786.1205814324419,1147.7180281867454,780.9929265988901,333.5846940772549
19045.25,786.1205814324419,1147.7180281867454,780.9929265988901,333.5846940772549
19050.25,786.1205814324419,1147.7180281867454,780.9929265988901,333.5846940772549
19055.25,786.1205814324419,1147.7180281867454,780.9929265988901,333.5846940772549
19060.25,786.1205814324419,1150.3007339249903,780.9929265988901,333.5846940772549
19065.25,786.1205814324419,1150.3007339249903,780.9929265988901,333.5846940772549
19070.25,786.1205814324419,1150.3007339249903,780.9929265988901,333.5846940772549
19075.25,786.1205814324419,1150.3007339249903,780.9929265988901,333.5846940772549
19080.25,786.1205814324419,1150.3007339249903,791.05290626534,333.5846940772549
19085.25,786.1205814324419,1150.3007339249903,791.05290626534,333.5846940772549
19090.25,786.1205814324419,1150.3007339249903,791.05290626534,333.5846940772549
19095.25,786.1205814324419,1153.7201302250069,791.05290626534,333.5846940772549
19100.25,786.1205814324419,1153.7201302250069,791.05290626534,333.5846940772549
19105.25,786.1205814324419,1153.7201302250069,791.05290626534,333.5846940772549
19110.25,786.1205814324419,1153.7201302250069,791.05290626534,333.5846940772549
19115.25,786.1205814324419,1153.7201302250069,791.05290626534,333.5846940772549
19120.25,786.1205814324419,1153.7201302250069,791.05290626534,333.5846940772549
19125.25,786.1205814324419,1159.1618538218952,791.05290626534,333.5846940772549
19130.25,786.1205814324419,1159.1618538218952,791.05290626534,333.5846940772549
19135.25,786.1205814324419,1164.8347559779368,791.05290626534,334.964471392563
19140.25,786.1205814324419,1164.8347559779368,791.05290626534,339.28531810798574
19145.25,786.1205814324419,1164.8347559779368,796.0787378025857,339.28531810798574
19150.25,786.1205814324419,1164.8347559779368,796.0787378025857,339.28531810798574
19155.25,786.1205814324419,1164.8347559779368,796.0787378025857,339.28531810798574
19160.25,786.1205814324419,1164.8347559779368,796.0787378025857,339.28531810798574
19165.25,786.1205814324419,1164.8347559779368,796.0787378025857,339.28531810798574
19170.25,786.1205814324419,1164.8347559779368,796.0787378025857,339.28531810798574
19175.25,786.1205814324419,1164.8347559779368,796.0787378025857,339.28531810798574
19180.25,786.1205814324419,1164.8347559779368,796.0787378025857,339.28531810798574
19185.25,786.1205814324419,1164.8347559779368,796.0787378025857,339.28531810798574
19190.25,786.1205814324419,1164.8347559779368,796.0787378025857,339.28531810798574
19195.25,786.1205814324419,1164.8347559779368,796.0787378025857,339.28531810798574
19200.25,786.1205814324419,1167.4590559721262,796.0787378025857,339.28531810798574
19205.25,786.1205814324419,1167.4590559721262,796.0787378025857,339.28531810798574
19210.25,786.1205814324419,1167.4590559721262,796.0787378025857,339.28531810798574
19215.25,786.1205814324419,1167.4590559721262,796.0787378025857,339.28531810798574
19220.25,786.1205814324419,1171.2736576850025,796.0787378025857,339.28531810798574
19225.25,786.1205814324419,1171.2736576850025,796.0787378025857,339.28531810798574
19230.25,786.1205814324419,1171.2736576850025,796.0787378025857,339.28531810798574
19235.25,786.1205814324419,1171.2736576850025,796.0787378025857,339.28531810798574
19240.25,786.1205814324419,1171.2736576850025,796.0787378025857,339.28531810798574
19245.25,786.1205814324419,1171.2736576850025,796.0787378025857,339.28531810798574
19250.25,786.1205814324419,1174.6183717086212,796.0787378025857,339.28531810798574
19255.25,786.1205814324419,1174.6183717086212,796.0787378025857,339.28531810798574
19260.25,786.1205814324419,1174.6183717086212,796.0787378025857,339.28531810798574
19265.25,786.1205814324419,1174.6183717086212,796.0787378025857,339.28531810798574
19270.25,786.1205814324419,1174.6183717086212,796.0787378025857,339.28531810798574
19275.25,789.2190195716587,1174.6183717086212,796.0787378025857,339.28531810798574
19280.25,789.2190195716587,1174.6183717086212,796.0787378025857,339.28531810798574
19285.25,789.2190195716587,1174.6183717086212,796.0787378025857,339.28531810798574
19290.25,789.2190195716587,1174.6183717086212,796.0787378025857,339.28531810798574
19295.25,789.2190195716587,1174.6183717086212,796.0787378025857,339.28531810798574
19300.25,789.2190195716587,1174.6183717086212,796.0787378025857,339.28531810798574
19305.25,789.2190195716587,1174.6183717086212,796.0787378025857,339.28531810798574
19310.25,789.2190195716587,1179.9038588769204,796.0787378025857,339.28531810798574
19315.25,789.2190195716587,1179.9038588769204,805.1260094986754,339.28531810798574
19320.25,789.2190195716587,1179.9038588769204,805.1260094986754,339.28531810798574
19325.25,789.2190195716587,1183.4590286756854,805.1260094986754,339.28531810798574
19330.25,789.2190195716587,1183.4590286756854,805.1260094986754,339.28531810798574
19335.25,789.2190195716587,1183.4590286756854,805.1260094986754,339.28531810798574
19340.25,789.2190195716587,1183.4590286756854,805.1260094986754,339.28531810798574
19345.25,789.2190195716587,1183.4590286756854,805.1260094986754,339.28531810798574
19350.25,789.2190195716587,1183.4590286756854,805.1260094986754,339.28531810798574
19355.25,789.2190195716587,1183.4590286756854,805.1260094986754,339.28531810798574
19360.25,789.2190195716587,1183.4590286756854,805.1260094986754,339.28531810798574
19365.25,789.2190195716587,1186.7766074967542,815.0897366204086,339.28531810798574
19370.25,789.2190195716587,1190.215953736321,815.0897366204086,339.28531810798574
19375.25,789.2190195716587,1190.215953736321,815.0897366204086,339.28531810798574
19380.25,789.2190195716587,1190.215953736321,815.0897366204086,341.95698389580673
19385.25,789.2190195716587,1190.215953736321,815.0897366204086,341.95698389580673
19390.25,789.2190195716587,1190.215953736321,815.0897366204086,341.95698389580673
19395.25,789.2190195716587,1190.215953736321,815.0897366204086,341.95698389580673
19400.25,789.2190195716587,1190.215953736321,815.0897366204086,341.95698389580673
19405.25,789.2190195716587,1190.215953736321,815.0897366204086,341.95698389580673
19410.25,789.2190195716587,1190.215953736321,815.0897366204086,341.95698389580673
19415.25,789.2190195716587,1190.215953736321,815.0897366204086,341.95698389580673
19420.25,789.2190195716587,1190.215953736321,815.0897366204086,341.95698389580673
19425.25,789.2190195716587,1190.215953736321,815.0897366204086,341.95698389580673
19430.25,789.2190195716587,1192.8450744943657,815.0897366204086,341.95698389580673
19435.25,789.2190195716587,1192.8450744943657,815.0897366204086,341.95698389580673
19440.25,789.2190195716587,1192.8450744943657,815.0897366204086,341.95698389580673
19445.25,789.2190195716587,1192.8450744943657,815.0897366204086,341.95698389580673
19450.25,789.2190195716587,1192.8450744943657,824.0335737201207,341.95698389580673
19455.25,789.2190195716587,1192.8450744943657,824.0335737201207,341.95698389580673
19460.25,789.2190195716587,1192.8450744943657,824.0335737201207,341.95698389580673
19465.25,789.2190195716587,1192.8450744943657,824.0335737201207,341.95698389580673
19470.25,789.2190195716587,1199.888178888595,824.0335737201207,341.95698389580673
19475.25,789.2190195716587,1199.888178888595,828.8275656618056,341.95698389580673
19480.25,789.2190195716587,1199.888178888595,828.8275656618056,341.95698389580673
19485.25,789.2190195716587,1199.888178888595,832.4727011773015,341.95698389580673
19490.25,789.2190195716587,1199.888178888595,832.4727011773015,341.95698389580673
19495.25,789.2190195716587,1199.888178888595,832.4727011773015,341.95698389580673
19500.25,789.2190195716587,1199.888178888595,832.4727011773015,341.95698389580673
19505.25,789.2190195716587,1199.888178888595,832.4727011773015,341.95698389580673
19510.25,789.2190195716587,1199.888178888595,832.4727011773015,341.95698389580673
19515.25,789.2190195716587,1199.888178888595,832.4727011773015,341.95698389580673
19520.25,789.2190195716587,1199.888178888595,832.4727011773015,341.95698389580673
19525.25,789.2190195716587,1199.888178888595,835.5332687588688,341.95698389580673
19530.25,789.2190195716587,1203.474775095336,835.5332687588688,341.95698389580673
19535.25,789.2190195716587,1203.474775095336,835.5332687588688,341.95698389580673
19540.25,789.2190195716587,1203.474775095336,835.5332687588688,341.95698389580673
19545.25,795.2759752506132,1203.474775095336,835.5332687588688,341.95698389580673
19550.25,795.2759752506132,1203.474775095336,835.5332687588688,341.95698389580673
19555.25,795.2759752506132,1203.474775095336,835.5332687588688,341.95698389580673
19560.25,795.2759752506132,1203.474775095336,835.5332687588688,341.95698389580673
19565.25,795.2759752506132,1203.474775095336,835.5332687588688,341.95698389580673
19570.25,795.2759752506132,1203.474775095336,835.5332687588688,341.95698389580673
19575.25,795.2759752506132,1203.474775095336,835.5332687588688,341.95698389580673
19580.25,795.2759752506132,1203.474775095336,835.5332687588688,341.95698389580673
19585.25,795.2759752506132,1203.474775095336,835.5332687588688,341.95698389580673
19590.25,795.2759752506132,1203.474775095336,835.5332687588688,341.95698389580673
19595.25,795.2759752506132,1203.474775095336,835.5332687588688,344.72809041563585
19600.25,795.2759752506132,1208.7455795165647,835.5332687588688,344.72809041563585
19605.25,795.2759752506132,1208.7455795165647,835.5332687588688,344.72809041563585
19610.25,795.2759752506132,1208.7455795165647,835.5332687588688,344.72809041563585
19615.25,795.2759752506132,1208.7455795165647,835.5332687588688,344.72809041563585
19620.25,795.2759752506132,1208.7455795165647,835.5332687588688,344.72809041563585
19625.25,795.2759752506132,1208.7455795165647,835.5332687588688,344.72809041563585
19630.25,795.2759752506132,1208.7455795165647,835.5332687588688,344.72809041563585
19635.25,795.2759752506132,1208.7455795165647,835.5332687588688,344.72809041563585
19640.25,795.2759752506132,1208.7455795165647,835.5332687588688,344.72809041563585
19645.25,795.2759752506132,1211.4486993385851,835.5332687588688,344.72809041563585
19650.25,795.2759752506132,1211.4486993385851,835.5332687588688,344.72809041563585
19655.25,795.2759752506132,1211.4486993385851,835.5332687588688,344.72809041563585
19660.25,795.2759752506132,1214.9354180795533,835.5332687588688,344.72809041563585
19665.25,795.2759752506132,1214.9354180795533,835.5332687588688,344.72809041563585
19670.25,795.2759752506132,1214.9354180795533,835.5332687588688,344.72809041563585
19675.25,795.2759752506132,1220.8686310853145,835.5332687588688,344.72809041563585
19680.25,795.2759752506132,1220.8686310853145,835.5332687588688,344.72809041563585
19685.25,795.2759752506132,1220.8686310853145,835.5332687588688,344.72809041563585
19690.25,795.2759752506132,1220.8686310853145,845.0684435071331,344.72809041563585
19695.25,795.2759752506132,1220.8686310853145,845.0684435071331,344.72809041563585
19700.25,795.2759752506132,1220.8686310853145,845.0684435071331,344.72809041563585
19705.25,795.2759752506132,1220.8686310853145,845.0684435071331,344.72809041563585
19710.25,795.2759752506132,1220.8686310853145,845.0684435071331,344.72809041563585
19715.25,795.2759752506132,1220.8686310853145,845.0684435071331,344.72809041563585
19720.25,795.2759752506132,1220.8686310853145,848.0025146904144,344.72809041563585
19725.25,795.2759752506132,1220.8686310853145,848.0025146904144,344.72809041563585
19730.25,795.2759752506132,1220.8686310853145,848.0025146904144,344.72809041563585
19735.25,795.2759752506132,1220.8686310853145,848.0025146904144,344.72809041563585
19740.25,795.2759752506132,1220.8686310853145,848.0025146904144,344.72809041563585
19745.25,795.2759752506132,1220.8686310853145,852.9200868200847,344.72809041563585
19750.25,795.2759752506132,1222.685993803646,852.9200868200847,348.8575948077704
19755.25,795.2759752506132,1222.685993803646,852.9200868200847,348.8575948077704
19760.25,795.2759752506132,1226.285251851093,852.9200868200847,348.8575948077704
19765.25,795.2759752506132,1226.285251851093,852.9200868200847,348.8575948077704
19770.25,795.2759752506132,1226.285251851093,852.9200868200847,348.8575948077704
19775.25,795.2759752506132,1226.285251851093,852.9200868200847,348.8575948077704
19780.25,795.2759752506132,1226.285251851093,852.9200868200847,348.8575948077704
19785.25,795.2759752506132,1226.285251851093,852.9200868200847,348.8575948077704
19790.25,795.2759752506132,1226.285251851093,852.9200868200847,348.8575948077704
19795.25,795.2759752506132,1226.285251851093,852.9200868200847,348.8575948077704
19800.25,795.2759752506132,1226.285251851093,852.9200868200847,348.8575948077704
19805.25,795.2759752506132,1226.285251851093,852.9200868200847,348.8575948077704
19810.25,795.2759752506132,1226.285251851093,852.9200868200847,348.8575948077704
19815.25,795.2759752506132,1226.285251851093,852.9200868200847,348.8575948077704
19820.25,795.2759752506132,1226.285251851093,852.9200868200847,348.8575948077704
19825.25,795.2759752506132,1226.285251851093,852.9200868200847,348.8575948077704
19830.25,795.2759752506132,1226.285251851093,852.9200868200847,348.8575948077704
19835.25,795.2759752506132,1226.285251851093,852.9200868200847,348.8575948077704
19840.25,795.2759752506132,1226.285251851093,852.9200868200847,348.8575948077704
19845.25,795.2759752506132,1226.285251851093,852.9200868200847,348.8575948077704
19850.25,795.2759752506132,1231.8880170577715,852.9200868200847,351.48558575274495
19855.25,795.2759752506132,1231.8880170577715,852.9200868200847,351.48558575274495
19860.25,795.2759752506132,1231.8880170577715,852.9200868200847,351.48558575274495
19865.25,795.2759752506132,1234.3039542658912,852.9200868200847,351.48558575274495
19870.25,795.2759752506132,1234.3039542658912,852.9200868200847,351.48558575274495
19875.25,795.2759752506132,1234.3039542658912,852.9200868200847,351.48558575274495
19880.25,795.2759752506132,1234.3039542658912,852.9200868200847,351.48558575274495
19885.25,795.2759752506132,1234.3039542658912,852.9200868200847,351.48558575274495
19890.25,796.8483406276,1234.3039542658912,852.9200868200847,351.48558575274495
19895.25,796.8483406276,1237.7613483097662,852.9200868200847,351.48558575274495
19900.25,796.8483406276,1242.94594042528,855.8835018940493,351.48558575274495
19905.25,796.8483406276,1242.94594042528,855.8835018940493,351.48558575274495
19910.25,796.8483406276,1242.94594042528,855.8835018940493,351.48558575274495
19915.25,796.8483406276,1242.94594042528,855.8835018940493,351.48558575274495
19920.25,796.8483406276,1242.94594042528,855.8835018940493,351.48558575274495
19925.25,796.8483406276,1245.4537047740946,855.8835018940493,351.48558575274495
19930.25,796.8483406276,1245.4537047740946,855.8835018940493,351.48558575274495
19935.25,796.8483406276,1245.4537047740946,855.8835018940493,351.48558575274495
19940.25,796.8483406276,1245.4537047740946,855.8835018940493,351.48558575274495
19945.25,798.8512922840417,1245.4537047740946,855.8835018940493,351.48558575274495
19950.25,798.8512922840417,1245.4537047740946,855.8835018940493,351.48558575274495
19955.25,798.8512922840417,1245.4537047740946,855.8835018940493,351.48558575274495
19960.25,798.8512922840417,1245.4537047740946,855.8835018940493,351.48558575274495
19965.25,798.8512922840417,1245.4537047740946,855.8835018940493,351.48558575274495
19970.25,798.8512922840417,1245.4537047740946,855.8835018940493,351.48558575274495
19975.25,798.8512922840417,1245.4537047740946,855.8835018940493,351.48558575274495
19980.25,798.8512922840417,1245.4537047740946,855.8835018940493,351.48558575274495
19985.25,798.8512922840417,1245.4537047740946,855.8835018940493,351.48558575274495
19990.25,798.8512922840417,1245.4537047740946,855.8835018940493,351.48558575274495
19995.25,798.8512922840417,1245.4537047740946,855.8835018940493,351.48558575274495
20000.0,802.3617005603384,1245.4537047740946,855.8835018940493,351.48558575274495
